,pl_name,pl_rade,pl_bmasse,pl_orbper,pl_eqt,pl_orbsmax,pl_insol,pl_orbeccen,st_teff,st_rad,pl_dens
0,11 Com b,12.2,4914.89848585,323.21,,1.178,,0.238,4874.0,13.76,14.9
1,11 UMi b,12.3,4684.8142,516.21997,,1.53,,0.08,4213.0,29.79,13.8
2,14 And b,13.1,1131.15130051,186.76,,0.775,,0.0,4888.0,11.55,2.76
3,14 Her b,12.5,2828.6728223,1766.41,,2.839,,0.3683,5338.0,0.93,7.96
4,16 Cyg B b,13.5,565.7374,798.5,,1.66,,0.68,5750.0,1.13,1.26
5,17 Sco b,12.9,1373.01871824,578.38,,1.45,,0.06,4157.0,25.92,3.51
6,18 Del b,12.5,2926.24614325,982.85,,2.476,,0.024,4980.0,8.8,8.23
7,1RXS J160929.1-210524 b,18.647,3000.0,,1700.0,330.0,,,4060.0,1.31316,2.54
8,24 Boo b,13.9,280.64248338,30.33,,0.194,,0.032,4816.0,12.19,0.574
9,24 Sex b,13.4,632.46,452.8,,1.333,,0.09,5098.0,4.9,1.44
10,24 Sex c,13.9,273.32,883.0,,2.08,,0.29,5098.0,4.9,0.559
11,2M0437 b,13.0,1271.313628,,1450.0,118.0,,,3100.0,0.84,3.18
12,2MASS J01033563-5515561 AB b,12.3,4131.79,,,84.0,,,,,12.2
13,2MASS J01225093-2439505 b,11.209,7786.5,,1600.0,52.0,,,3530.0,0.36645,30.4
14,2MASS J02192210-3925225 b,16.14096,4417.837,,,156.0,,,3064.0,0.281,5.77
15,2MASS J0249-0557 c,12.4,3686.8095212,,,1950.0,,,2859.0,0.315959,10.6
16,2MASS J03590986+2009361 b,12.2,5720.911326,,2369.0,572.0,,,2943.0,0.289776,17.3
17,2MASS J04414489+2301513 b,12.6,2383.6,,,15.0,,,2936.0,0.231916,6.55
18,2MASS J11011926-7732383 b,11.9,8899.195396,,2677.0,266.0,,,,,29.0
19,2MASS J11550485-7919108 b,12.1,6356.56814,,2506.0,587.0,,,3021.0,0.600455,19.7
20,2MASS J12073346-3932539 b,15.69257298,1652.7077164,,1163.0,46.0,,,2825.0,0.21887,2.35
21,2MASS J19383260+4603591 b,13.4,603.877,406.0,,0.92,,0.33,29564.0,0.203,1.38
22,2MASS J21252752-8138278 b,12.4,3813.940884,,1616.0,7493.0,,,3592.0,0.672832,11.0
23,2MASS J22362452+4751425 b,12.3,3972.875,,,230.0,,,4045.0,0.641152,11.7
24,2MASS J22501512+2325342 b,11.9,9534.85221,,1600.0,518.0,,,3352.0,0.437589,31.1
25,4 UMa b,12.6,2511.48007211,270.27,,0.877,,0.453,4415.0,18.11,6.9
26,47 UMa b,13.2,804.08,1078.0,,2.1,,0.032,5872.0,1.21334,1.92
27,47 UMa c,14.2,171.621,2391.0,,3.6,,0.098,5872.0,1.21334,0.329
28,47 UMa d,13.5,521.22,14002.0,,11.6,,0.16,5872.0,1.21334,1.16
29,51 Eri b,,3464.3296363,9100.0,807.0,10.4,,0.57,7422.0,1.45,
30,51 Peg b,14.3,146.2018,4.230785,,0.0527,,0.013,5758.0,1.17561,0.275
31,55 Cnc B b,1.69,3.5,6.7994,,0.044,,0.0,3286.0,0.274,3.98
32,55 Cnc B c,2.16,5.3,33.747,,0.13,,0.0,3286.0,0.274,2.89
33,55 Cnc b,13.9,263.9785,14.651552,700.0,0.118,,0.0029,5198.0,0.98,0.54
34,55 Cnc c,8.51,54.4738,44.3936,,0.247,,0.088,5198.0,0.98,0.486
35,55 Cnc d,13.0,1232.493,4799.0,,5.6,,0.0913,5198.0,0.98,3.08
36,55 Cnc e,1.875,7.99,0.7365474,1958.0,0.01544,2657.8322,0.05,5172.0,0.943,6.66
37,55 Cnc f,7.59,44.812,260.58,,0.802,,0.063,5198.0,0.98,0.563
38,6 Lyn b,13.4,597.83523357,919.86,,2.028,,0.042,4941.0,4.94,1.37
39,61 Vir b,2.11,5.1,4.215,,0.050201,,0.12,5577.0,0.963,2.98
40,61 Vir c,4.46,18.2,38.021,,0.2175,,0.14,5577.0,0.963,1.13
41,61 Vir d,5.11,22.9,123.01,,0.476,,0.35,5577.0,0.963,0.943
42,7 CMa b,13.4,587.9855,735.1,,1.758,,0.06,4826.0,4.87,1.34
43,7 CMa c,13.9,276.5121,996.0,,2.153,,0.08,4826.0,4.87,0.566
44,70 Vir b,12.6,2380.45,116.688,,0.481,,0.3988,5495.0,1.89,6.54
45,75 Cet b,13.3,787.89662095,696.62,,1.912,,0.093,4809.0,10.38,1.84
46,75 Cet c,13.9,289.85950718,2051.62,,3.929,,0.023,4809.0,10.38,0.593
47,8 UMi b,13.5,524.41687155,93.31,,0.462,,0.062,4847.0,10.73,1.17
48,81 Cet b,13.1,1051.05854195,1005.57,,2.104,,0.037,4734.0,11.21,2.57
49,91 Aqr b,13.1,1017.0,181.4,,0.7,,0.027,4665.0,11.0,2.49
50,AB Aur b,12.5,2860.455663,,,93.9,,0.4,9770.0,2.95887,8.05
51,AB Pic b,12.3,4290.5,,,260.0,,,5285.0,0.999394,12.7
52,AF Lep b,13.0,1147.36054927,8905.0,1400.0,8.996,,0.015,6140.0,1.25,2.87
53,AT2021ueyL b,13.6,425.89006538,4168.69,,4.01,,,3680.0,,0.93
54,AU Mic b,4.79,8.99,8.463446,554.8,0.07,21.2,0.07,3540.0,0.862,0.49
55,AU Mic c,2.79,14.46,18.859023,424.7,0.119,7.3,0.18,3540.0,0.862,3.9
56,AU Mic d,1.02,1.053,12.73596,,,,0.00305,3678.0,0.744,5.45
57,AU Mic e,4.87,21.1,33.11,,,,,3665.0,0.82,1.0
58,BD+03 2562 b,12.7,2034.112,481.9,,1.3,,0.2,4095.0,32.35,5.46
59,BD+05 4868 A b,,6.2,1.271869,1820.0,0.0208,,,4596.0,0.69,
60,BD+14 4559 b,13.8,330.5432,268.94,,0.78,,0.29,4864.0,0.86,0.691
61,BD+15 2375 b,13.8,337.21763,153.22,,0.576,,0.001,4649.0,8.95,0.705
62,BD+15 2940 b,13.7,352.78,137.48,,0.539,,0.26,4796.0,14.7,0.754
63,BD+20 2457 b,12.1,6807.63,379.63,,1.45,,0.15,4137.0,49.0,21.1
64,BD+20 2457 c,12.4,3963.17,621.99,,2.01,,0.18,4137.0,49.0,11.4
65,BD+20 274 b,13.0,1334.886,578.2,,1.3,,0.21,4296.0,17.3,3.34
66,BD+20 594 b,2.57807,22.2481,41.6855,546.0,0.241,,0.0,5766.0,1.08,7.89
67,BD+37 3172 b,12.4,3368.9811142,1887.76,,4.65,,0.59,4500.0,50.24,9.71
68,BD+42 2315 b,14.2,174.80562385,123.05,,0.54,,0.73,4500.0,17.85,0.335
69,BD+45 564 b,13.6,432.24663352,307.88,,0.83,,0.12,5004.0,0.813064,0.944
70,BD+48 738 b,13.9,289.2253,392.6,,1.0,,0.2,4414.0,11.0,0.592
71,BD+48 740 b,13.5,540.311,733.0,,1.7,,0.76,4534.0,10.33,1.21
72,BD+49 828 b,13.5,508.5,2590.0,,4.2,,0.35,4943.0,7.6,1.14
73,BD+55 362 b,14.0,228.83645304,265.59,,0.78,,0.27,5012.0,0.896193,0.458
74,BD+60 1417 b,14.68376472,4767.426105,,1303.0,1662.0,,,4993.0,0.797,8.27
75,BD+63 1405 b,12.4,3305.4154328,1198.48,,2.06,,0.88,5000.0,0.804724,9.53
76,BD-06 1339 b,,1523.03372634,3.8728,,0.0428,,0.0,4324.0,0.686355,
77,BD-06 1339 c,8.38,53.0,125.94,,0.435,,0.31,4324.0,0.686355,0.495
78,BD-08 2823 b,,2948.49413174,5.6,,0.06,,0.15,4816.0,0.71,
79,BD-08 2823 c,12.5,104.0,237.6,,0.68,,0.19,4746.0,0.71,0.293
80,BD-10 3166 b,14.1,187.5197,3.48777,,0.04,,0.02,5393.0,0.91,0.368
81,BD-11 4672 b,14.1,206.5895,1634.0,,2.36,,0.05,4550.0,0.639,0.405
82,BD-11 4672 c,4.04,15.37,74.2,,0.3,,0.4,4550.0,0.639,1.28
83,BD-13 2130 b,12.5,3108.3774,714.29999,,1.66,,0.21,4545.0,19.17,8.75
84,BD-14 3065 b,21.59,3932.0,4.2889731,2001.0,0.0656,646.761,0.066,6935.0,2.35,2.15
85,BD-17 63 b,12.8,1639.99458012,655.57,,1.34,,0.5439,4714.0,0.74,4.3
86,BD-210397 b,14.0,214.0,1891.0,,2.63,0.02,0.1,4051.0,0.747,0.429
87,BD-210397 c,12.9,1525.5763536,6240.0,,5.9,0.0039,0.43,4051.0,0.747,3.91
88,BEBOP-3 b,14.2,177.34825111,547.0,,1.444,,0.247,6033.0,1.414,0.34
89,BEBOP-4 AB b,,8358.8871041,1823.5,,3.634,,0.428,5701.43,2.75645,
90,Barnard b,0.72,0.299,3.1542,438.0,0.0229,6.76,0.03,3195.0,0.185,4.4
91,Barnard c,0.743,0.335,4.1244,400.0,0.0274,,0.08,3195.0,0.185,4.49
92,Barnard d,0.694,0.263,2.3402,483.0,0.0188,,0.04,3195.0,0.185,4.32
93,Barnard e,0.637,0.193,6.7392,340.0,0.0381,,0.04,3195.0,0.185,4.1
94,CD Cet b,1.82,3.95,2.2907,464.0,0.0185,8.6,,3130.0,0.175,3.6
95,CD-35 2722 b,17.37392009,9375.9380065,,1800.0,67.0,,,3689.0,0.558549,9.82
96,CFBDSIR J145829+101343 b,12.4,3337.1,10037.5,370.0,2.6,,,580.5,,9.62
97,CFHTWIR-Oph 98 b,20.8487041,2479.0615746,8040000.0,1800.0,200.0,,,2320.0,0.245,1.5
98,CHXR 73 b,12.3,3994.486,,,210.0,,,3099.0,,11.8
99,CI Tau c,13.0,1144.1822652,25.2,,0.17,,0.58,3807.0,1.880857,2.86
100,COCONUTS-2 b,12.44196858,2542.627256,402000000.0,434.0,7506.0,,,3406.0,0.388,7.25
101,CT Cha b,24.66,5403.0,,2600.0,440.0,,,4403.0,1.679694,1.98
102,CWISEP J193518.59-154620.3 b,12.2,4926.3403085,,390.0,2.48,,,,,14.9
103,CoRoT-1 b,16.7,327.35,1.5089557,1898.0,0.02752,2852.63,0.0,5950.0,1.11,0.38
104,CoRoT-10 b,10.87,874.0,13.2406,600.0,0.1055,16.1089,0.53,5075.0,0.79,3.7
105,CoRoT-11 b,16.03,740.51,2.99433,1657.0,0.0436,1890.649,0.0,6440.0,1.37,0.99
106,CoRoT-12 b,16.14,291.438,2.828042,1442.0,0.04016,661.1334,0.07,5675.0,1.116,0.411
107,CoRoT-13 b,9.92,415.704,4.03519,1700.0,0.051,546.5339,0.0,5945.0,1.01,2.34
108,CoRoT-14 b,12.22,2415.4,1.51214,1952.0,0.027,,0.0,6035.0,1.21,7.3
109,CoRoT-16 b,13.11,170.032,5.35227,,0.0618,,0.33,5650.0,1.19,0.44
110,CoRoT-17 b,11.43,772.29,3.7681,1626.0,0.0461,,0.0,5740.0,1.59,2.82
111,CoRoT-18 b,14.68,1102.82,1.9000693,1550.0,0.0295,823.7009,0.08,5440.0,1.0,2.2
112,CoRoT-19 b,14.46,352.78,3.89713,2000.0,0.0518,1103.809,0.047,6090.0,1.65,0.71
113,CoRoT-2 b,16.432,1102.82,1.7429935,1521.0,0.02798,932.9076,0.0143,5625.0,0.906,1.47
114,CoRoT-20 b,9.41556,1366.669,9.24285,1024.0,0.09,180.8704,0.59,5880.0,1.02,8.87
115,CoRoT-20 c,12.2,5403.11,1675.0,,2.9,,0.6,5880.0,1.02,16.4
116,CoRoT-21 b,14.5717,718.2958,2.72474,,0.0417,,0.0,6200.0,1.95,1.36
117,CoRoT-22 b,4.88,12.2,9.75598,885.0,0.092,,0.077,5939.0,1.136,0.249
118,CoRoT-23 b,11.77,889.9,3.6313,1660.0,0.048,,0.16,5900.0,1.61,3.0
119,CoRoT-24 b,3.7,5.7,5.1134,1070.0,0.056,,0.0,4950.0,0.86,0.9
120,CoRoT-24 c,5.0,28.0,11.759,850.0,0.098,,0.0,4950.0,0.86,1.3
121,CoRoT-25 b,12.11,85.81,4.86069,1330.0,0.0578,,0.0,6040.0,1.19,0.15
122,CoRoT-26 b,14.12,165.26,4.20474,1600.0,0.0526,,0.0,5590.0,1.79,0.28
123,CoRoT-27 b,11.287,3302.11,3.57532,1500.0,0.0476,,0.065,5900.0,1.08,12.6
124,CoRoT-28 b,10.704595,153.82972,5.20851,,0.0603,,0.047,5150.0,1.78,0.69
125,CoRoT-29 b,10.0881,270.1555,2.85057,,0.0386,,0.082,5260.0,0.9,1.45
126,CoRoT-3 b,11.32,6883.91,4.2568,1695.0,0.05783,,0.0,6740.0,1.56,26.4
127,CoRoT-30 b,11.309881,921.707,9.06005,,0.0844,,0.007,5650.0,0.91,3.45
128,CoRoT-31 b,16.36514,266.9772,4.62941,,0.0586,,0.02,5700.0,2.15,0.33
129,CoRoT-32 b,6.38913,47.6745,6.71837,938.0,0.071,132.26,,5970.0,0.79,1.1
130,CoRoT-35 b,18.83108758,349.6112477,3.22748,1747.0,0.0429,,0.0,6390.0,1.65,0.29
131,CoRoT-36 b,15.80466279,216.12331676,5.616531,1567.0,0.066,,0.0,6730.0,1.52,0.25
132,CoRoT-4 b,13.34,228.83,9.20205,1074.0,0.09,203.9517,0.0,6190.0,1.17,0.525
133,CoRoT-5 b,15.558,148.42,4.0378962,1438.0,0.04947,786.2949,0.09,6100.0,1.186,0.217
134,CoRoT-6 b,13.068,940.74,8.886593,1017.0,0.0855,,0.1,6090.0,1.025,2.32
135,CoRoT-7 b,1.68135,4.07660518,0.85359163,1756.0,0.017016,,0.0,5275.0,0.83,9.355
136,CoRoT-7 c,2.83,8.4,3.698,,0.046,,0.0,5256.0,0.864273,2.04
137,CoRoT-7 d,4.31,17.142,8.966,,,,,5250.0,0.8389,1.18
138,CoRoT-8 b,6.39,69.92,6.21229,870.0,0.063,,0.0,5080.0,0.77,1.6
139,CoRoT-9 b,11.948794,266.9772,95.272656,420.0,0.4021,,0.133,5625.0,0.96,0.86
140,DE CVn b,12.4,3823.27330161,4098.1,,5.75,,0.0,3579.0,0.424754,11.0
141,DENIS-P J082303.1-491201 b,11.9,9057.77,246.36,,0.36,,0.345,,,29.5
142,DH Tau b,30.2643,3496.0,,2200.0,330.0,,,4371.0,0.27,0.693
143,DMPP-1 b,4.26,16.8,17.812,877.0,0.1423,,0.2,6196.0,1.26,1.19
144,DMPP-1 c,3.31,10.94,10.03,1239.0,0.0973,,0.22,6196.0,1.26,1.66
145,DMPP-1 d,2.02,4.72,3.1417,1632.0,0.04467,,0.36,6196.0,1.26,3.15
146,DMPP-1 e,1.86,4.13,5.516,1314.0,0.0651,,0.07,6196.0,1.26,3.53
147,DMPP-2 b,14.2,171.48,5.203,1000.0,0.06638,,0.06,6500.0,1.78,0.329
148,DMPP-2 c,8.26,51.79,3.168,,0.04789,,0.28,6500.0,1.78,0.505
149,DMPP-2 d,11.6,91.79,16.491,,0.1432,,0.1,6500.0,1.78,0.323
150,DMPP-3 A b,1.44,2.67,5.59,854.0,0.05958,,0.42,5138.0,0.91,4.91
151,DMPP-4 b,3.53,12.2,3.4982,,0.04853,,0.063,6400.0,1.38,1.52
152,DMPP-6 b,2.28,5.8,7.6027,,0.0779,,0.34,6182.09,1.27,2.69
153,DMPP-6 c,3.74,13.47,36.441,,0.2206,,0.31,6182.09,1.27,1.41
154,DMPP-7 b,9.13,61.39,4.984,,0.05873,,0.1,5996.82,1.53949,0.443
155,DMPP-8 b,10.8,81.09,62.915,,0.3098,,0.275,6009.0,1.24,0.354
156,DMPP-9 b,3.89,14.43,12.733,,0.1097,,0.25,6092.0,1.26,1.35
157,DP Leo b,12.7,1995.88832,10220.0,,8.19,,0.39,13500.0,0.0115,5.35
158,DS Tuc A b,5.7,413.179,8.138268,850.0,,115.8276,0.0,5428.0,0.964,
159,EPIC 201170410.02,1.047,1.15,6.7987,,0.0349,,0.0,3648.0,0.282,5.51
160,EPIC 201238110 b,1.87,4.16,28.1656,,,,,3587.0,0.374,3.5
161,EPIC 201427007 b,1.5,2.86,0.72091,,,,,5633.0,0.94,4.66
162,EPIC 201497682 b,0.692,0.26,2.13174,,,,,4991.0,0.554,4.31
163,EPIC 201595106 b,1.565,7.67,0.87724,2038.0,0.0177,2852.0,0.0,5679.0,0.98,11.1
164,EPIC 201615463 c,1.22,1.98,3.80464,,,,,5960.0,1.61,5.99
165,EPIC 201754305 d,1.03,1.08,2.71578,,,,,4761.0,0.544,5.43
166,EPIC 201757695.02,0.90819,0.688,2.0478,,0.0296,,0.0,4520.0,0.655,5.05
167,EPIC 201833600 c,1.0,0.972,3.96151,,,,,4326.0,0.634,5.34
168,EPIC 201841433 b,1.04,1.12,4.1698,,0.035,,,5053.0,0.628461,5.47
169,EPIC 205950854 c,1.31,2.27,8.050722,960.6,,,,5502.7,0.83,5.55
170,EPIC 206024342 b,1.7,3.53,4.50756,,,,,5724.0,0.823,3.95
171,EPIC 206024342 c,1.4,2.54,0.911724,,,,,5724.0,1.1,5.09
172,EPIC 206024342 d,2.6,7.27,14.647531,,,,,5724.0,1.1,2.27
173,EPIC 206032309 b,1.01,1.01,2.87814,,,,,3489.0,0.37344,5.39
174,EPIC 206042996 b,1.7,3.53,5.2986,,,,,4114.0,0.5,3.95
175,EPIC 206042996 c,1.2,1.87,0.354884,,,,,4114.0,0.5,5.95
176,EPIC 206215704 b,1.0,0.972,2.255436,,,,,3297.0,0.25,5.34
177,EPIC 206317286 b,0.96,0.84,1.58252,,,,,4752.0,0.669,5.22
178,EPIC 206317286 c,2.094,5.03,17.515472,,,,,4752.0,0.758,3.01
179,EPIC 211822797 b,1.92,4.35,21.1701963,431.0,0.1195,3.5,0.06,4057.0,0.58,3.38
180,EPIC 211945201 b,5.76,11.0,19.49221,817.0,0.1493,101.0,0.0,6069.0,1.39,0.33
181,EPIC 212297394 b,1.48,2.79,2.289363,1149.0,,,,5171.0,0.8,4.73
182,EPIC 212297394 c,2.27,5.77,5.213965,866.0,,,,5171.0,0.8,2.71
183,EPIC 212424622 b,2.17,5.35,18.0983,,,,,5782.33,1.2247,2.88
184,EPIC 212499991 b,1.6,3.19,34.885,,,,,4982.79,0.757541,4.28
185,EPIC 212587672 b,1.26,2.13,15.28078,756.0,,,,6004.0,0.98,5.85
186,EPIC 212587672 c,2.32,5.99,23.228555,658.0,,,,6004.0,0.98,2.64
187,EPIC 212624936 b,1.2,1.87,0.578657,,,,,5765.0,0.93,5.95
188,EPIC 212624936 c,2.3,5.9,11.811437,,,,,5765.0,0.93,2.66
189,EPIC 212737443 b,2.586,7.2,13.603,536.0,0.098,,0.2,4684.0,0.673,2.29
190,EPIC 212737443 c,2.69,7.7,65.55,316.0,0.28,,0.2,4684.0,0.673,2.17
191,EPIC 220492298 b,0.99,0.937,0.762406,,,,,5620.0,0.89,5.31
192,EPIC 220554210 c,1.6,3.19,0.70531,,,,,5499.0,1.0,4.28
193,EPIC 220674823 b,1.606,7.54,0.57130782,2324.0,0.0132,4656.0,0.0,5578.0,0.99,10.684836
194,EPIC 220674823 c,2.712,7.9,13.340603,838.0,0.1078,70.0,0.18,5578.0,0.99,2.336119
195,EPIC 228836835 b,1.1,1.37,0.728113,932.0,,,,3782.0,0.32,5.66
196,EPIC 229004835 b,2.332,10.4,16.141132,804.0,0.1237,69.7,0.23,5868.0,0.999,4.49
197,EPIC 246851721 b,11.780659,953.49,6.180235,1401.0,0.07229,642.0,,6202.0,1.586,3.1
198,EPIC 248847494 b,12.44199,4131.79,3650.0,183.0,4.5,0.19,0.0,4898.0,2.7,
199,EPIC 249893012 b,1.95,8.75,3.5951,1616.0,0.047,1037.0,0.06,5430.0,1.71,6.39
200,EPIC 249893012 c,3.67,14.67,15.624,990.0,0.13,160.0,0.07,5430.0,1.71,1.62
201,EPIC 249893012 d,3.94,10.18,35.747,752.0,0.22,53.0,0.15,5430.0,1.71,0.91
202,FU Tau b,12.2,5085.28,,2375.0,800.0,,,2838.0,,15.4
203,G 192-15 b,1.02,1.03,2.27476,453.6,0.01723,7.06,0.0,2999.0,0.170718,5.33
204,G 192-15 c,3.87,14.3,1219.0,55.9,1.137,0.0016,0.676,2999.0,0.170718,1.36
205,G 196-3 b,12.0,8263.538582,,1670.0,350.0,,,3517.0,0.522432,26.3
206,G 261-6 b,1.1,1.37,5.4536,322.3,0.02971,1.8,0.0,2907.0,0.153162,5.66
207,G 264-012 b,1.39,2.5,2.30538,587.0,0.02279,20.5,,3326.0,0.305,5.12
208,G 264-012 c,1.76,3.75,8.0518,387.0,0.0525,3.87,,3326.0,0.305,3.78
209,G 268-110 b,1.13,1.52,1.43263,534.0,0.01283,13.57,0.0,,0.177,5.79
210,G 9-40 b,1.9,4.0,5.7459982,440.6,0.0418,6.27,0.0,3395.0,0.3026,3.2
211,GJ 1002 b,1.03,1.08,10.3465,230.9,0.0457,0.67,,3024.0,0.137,5.43
212,GJ 1002 c,1.1,1.36,21.202,181.7,0.0738,0.257,,3024.0,0.137,5.61
213,GJ 1061 b,1.04,1.11,3.2073,,0.021,3.8,0.05,2953.0,0.156,5.42
214,GJ 1061 c,1.19,1.81,6.6821,,0.0342,1.4,0.02,2953.0,0.156,5.9
215,GJ 1061 d,1.16,1.67,13.066,,0.054,0.6,0.04,2953.0,0.156,5.88
216,GJ 1132 b,1.19151465,1.83704819,1.62892911,583.8,0.0157,19.3,0.0118,3229.0,0.2211,5.97
217,GJ 1132 c,1.43,2.64,8.929,300.0,0.0476,,0.27,3270.0,0.2105,4.96
218,GJ 1148 b,11.9,96.7,41.38,,0.166,,0.38,3287.0,0.358519,0.315
219,GJ 1148 c,9.71,68.06,532.58,,0.912,,0.342,3287.0,0.358519,0.409
220,GJ 1151 c,3.25,10.62,389.7,,0.5714,,,3280.0,0.1781,1.7
221,GJ 1214 b,2.733,8.41,1.580404531,567.0,0.01505,17.2,0.0062,3101.0,0.2162,2.26
222,GJ 1252 b,1.193,1.32,0.5182331,1089.0,0.00915,233.0,0.0,3458.0,0.391,4.2
223,GJ 1265 b,2.63,7.4,3.6511,,0.026,,0.04,3236.0,0.192,2.24
224,GJ 1289 b,2.38,6.27,111.74,150.0,0.27,,0.0,3296.0,0.245012,2.56
225,GJ 143 b,2.61,22.7,35.61253,422.0,0.1915,7.0423,0.188,4640.0,0.695,7.0
226,GJ 15 A b,1.55,3.03,11.4407,550.0,0.072,,0.094,3607.0,0.38,4.47
227,GJ 15 A c,6.67,36.0,7600.0,,5.4,,0.27,3607.0,0.38,0.667
228,GJ 160.2 b,3.17,10.2,5.2354,,0.053,,0.06,4347.0,0.655173,1.76
229,GJ 163 b,3.25,10.6,8.63182,,0.0607,,0.073,3500.0,0.409738,1.7
230,GJ 163 c,2.5,6.8,25.63058,,0.1254,,0.099,3500.0,0.409738,2.39
231,GJ 163 d,5.92,29.4,603.95116,,1.0304,,0.373,3500.0,0.409738,0.779
232,GJ 179 b,13.8,301.93698665,2288.0,,2.41,,0.21,3370.0,0.38,0.631
233,GJ 180 b,2.43,6.49,17.133,,0.092,,0.07,3371.0,0.413049,2.49
234,GJ 180 c,2.41,6.4,24.329,,0.129,,0.09,3371.0,0.413049,2.51
235,GJ 180 d,2.66,7.56,106.3,,0.309,,0.14,3371.0,0.413049,2.21
236,GJ 2030 b,2.03,4.76742611,2.38129,,0.034,,0.239,5485.0,2.24104,3.13
237,GJ 2030 c,12.3,4069.15709482,25533.11353,,16.761,,0.041,5485.0,2.24104,12.0
238,GJ 2056 b,4.17,16.2,69.971,,0.283,,0.72,4069.95,0.709495,1.23
239,GJ 2126 b,13.6,413.1769291,272.7,,0.71,,0.85,4159.0,0.728,0.903
240,GJ 229 A c,2.87,8.58136699,121.93268,,0.384,,0.366,3564.0,0.46,1.99
241,GJ 229 b,3.97,14.93793513,579.47495,,1.086,,0.404,3564.0,0.46,1.31
242,GJ 238 b,0.566,0.126,1.7446999,758.0,0.02123,229.4579,,3485.0,0.4314,3.82
243,GJ 251 b,1.79,3.85,14.237,336.0,0.0808,2.37,0.0,3342.0,0.36,3.69
244,GJ 251 c,1.8,3.88,53.647,216.0,0.196,0.404,0.0,3342.0,0.36,3.66
245,GJ 27.1 b,3.66,13.0,15.819,,0.101,,0.08,3542.0,0.518887,1.46
246,GJ 273 b,1.51,2.89,18.6498,,0.091101,1.06,0.1,3382.0,0.293,4.61
247,GJ 273 c,1.06,1.18,4.7234,,0.036467,6.66,0.17,3382.0,0.293,5.44
248,GJ 3021 b,13.1,1071.04,133.71,350.0,0.49,,0.511,5540.0,0.9,2.62
249,GJ 3082 b,2.79,8.2,11.949,,0.079,,0.22,3910.0,0.465216,2.07
250,GJ 3090 b,2.18,4.52,2.85310198,723.0,0.0316,45.4,0.25,3707.0,0.516,2.4
251,GJ 3090 c,3.14,10.0,15.9407,407.2,0.0997,4.58,0.0,3707.0,0.516,1.77
252,GJ 3138 b,1.18,1.78,1.22003,,0.0197,118.1,0.19,3717.0,0.5,5.95
253,GJ 3138 c,1.88,4.18,5.974,,0.057,13.9,0.11,3717.0,0.5,3.46
254,GJ 3138 d,3.23,10.5,257.8,,0.698,0.1,0.32,3717.0,0.5,1.71
255,GJ 317 b,13.3,794.5,695.69,,1.138,,0.0826,3496.0,0.403,1.86
256,GJ 317 c,13.6,454.49462201,6500.0,,5.04,,0.217,3496.0,0.403,0.993
257,GJ 3222 b,3.4,11.44182265,10.66669,,0.091,,0.929,5257.46,0.931389,1.6
258,GJ 328 b,13.3,797.74930157,3771.0,,4.11,,0.227,3897.0,0.63,1.86
259,GJ 328 c,4.91,21.4,241.8,,0.657,,,3897.0,0.63,0.993
260,GJ 3293 b,5.19,23.54,30.5987,,0.14339,1.07,0.06,3466.0,0.404,0.925
261,GJ 3293 c,4.87,21.09,122.6196,,0.36175,0.17,0.11,3466.0,0.404,1.0
262,GJ 3293 d,2.67,7.6,48.1345,,0.19394,0.59,0.12,3466.0,0.404,2.19
263,GJ 3293 e,1.63,3.28,13.2543,,0.08208,3.34,0.21,3466.0,0.404,4.16
264,GJ 3323 b,1.23,2.02,5.3636,,0.03282,2.58,0.23,3159.0,0.119,5.96
265,GJ 3323 c,1.32,2.31,40.54,,0.1264,0.17,0.17,3159.0,0.119,5.52
266,GJ 3341 b,2.46,6.6,14.207,,0.089,,0.31,3526.0,0.439,2.44
267,GJ 338 B b,3.25,10.6,24.422,391.0,0.142,,0.109,4014.0,0.58,1.7
268,GJ 341 b,0.88,4.0,7.57686,629.0,,13.8,0.0,3770.0,0.5066,
269,GJ 3470 b,4.57,13.9,3.3366496,593.5,0.0355,29.6584,0.017,3600.0,0.547,0.8
270,GJ 3473 b,1.264,1.86,1.1980035,773.0,0.01589,59.4,0.0,3347.0,0.364,5.03
271,GJ 3473 c,2.63,7.41,15.509,329.1,0.0876,1.95,0.0,3347.0,0.364,2.24
272,GJ 3512 b,14.3,146.51889563,203.109,,0.3376,,0.4279,3141.0,0.139,0.275
273,GJ 3512 c,14.3,143.97626837,2354.0,,1.731,,0.089,3141.0,0.139,0.271
274,GJ 357 b,1.2,1.84,3.9306,518.0,0.036,12.6,,3505.0,0.337,5.6
275,GJ 357 c,1.66,3.4,9.1247,401.2,0.061,4.45,,3505.0,0.337,4.08
276,GJ 357 d,2.34,6.1,55.661,219.6,0.204,0.38,,3505.0,0.337,2.62
277,GJ 3634 b,2.83,8.4,2.64561,,0.0287,,0.08,3517.0,0.43,2.04
278,GJ 367 b,0.699,0.633,0.3219225,1365.0,0.00709,579.0,0.06,3522.0,0.458,10.2
279,GJ 367 c,1.86,4.13,11.5301,,,,0.09,3522.0,0.458,3.53
280,GJ 367 d,2.33,6.03,34.369,,,,0.14,3522.0,0.458,2.62
281,GJ 3779 b,2.75,8.0,3.0232,,0.026,,0.07,3324.0,0.281,2.11
282,GJ 3929 b,1.09,1.75,2.616235,568.0,0.0252,17.3,0.0,3384.0,0.32,7.3
283,GJ 3929 c,2.26,5.71,15.04,317.0,0.081,1.68,0.0,3384.0,0.32,2.72
284,GJ 393 b,1.17,1.71,7.02679,485.0,0.05402,9.21,,3579.0,0.426,5.87
285,GJ 3942 b,2.57,7.14,6.905,590.0,0.0608,,0.121,3867.0,0.61,2.31
286,GJ 3988 b,1.74,3.69,6.9442,348.0,0.0405,2.45,0.0,3273.0,0.19734,3.85
287,GJ 3998 b,1.39,2.5,2.65033,,0.03,48.0,0.0,3726.0,0.5,5.12
288,GJ 3998 c,2.5,6.82,13.727,,0.09,5.4,0.0,3726.0,0.5,2.4
289,GJ 3998 d,2.34,6.07,41.78,,0.189,1.2,0.0,3726.0,0.5,2.6
290,GJ 411 b,1.45,2.69,12.9394,349.83,0.07879,3.13,0.063,3719.0,0.3685,4.85
291,GJ 414 A b,2.63,7.6,50.8,308.6,0.2324,,0.45,4120.0,0.68,2.3
292,GJ 414 A c,8.4,53.83,749.83,124.7,1.4,,0.105,4120.0,0.68,0.499
293,GJ 422 b,3.33,11.07,20.129,,0.111,,0.11,3323.0,0.370328,1.65
294,GJ 4274 b,1.53,2.97,1.6339,,0.0153,14.7,,3228.0,0.19,4.56
295,GJ 4274 c,2.83,8.39,69.57,,0.186,0.1,,3228.0,0.19,2.03
296,GJ 4276 b,4.22,16.57,13.352,,0.082,,0.37,3387.0,0.407,1.21
297,GJ 433 b,2.33,6.043,7.3705,,0.062,,0.04,3461.0,0.5,2.63
298,GJ 433 c,6.27,32.422,5094.105,,4.819,,0.12,3461.0,0.5,0.723
299,GJ 433 d,2.14,5.223,36.059,,0.178,,0.07,3461.0,0.5,2.93
300,GJ 436 b,4.17,22.1,2.64388312,686.0,0.0291,29.4322,0.13827,3586.11,0.455,1.8
301,GJ 463 b,13.1,1080.6165838,3459.0,,3.53,,0.146,3563.0,0.483,2.64
302,GJ 480 b,2.91,8.8,9.5536,406.0,0.068,,0.0,3509.0,0.449,1.96
303,GJ 486 b,1.289,2.77,1.46712127,696.3,0.01714,39.2,0.00086,3317.0,0.3243,6.66
304,GJ 504 b,12.10569916,1271.3,,510.0,43.5,,,6234.0,1.26,3.94
305,GJ 508.2 b,,587.98255295,5300.0,,4.85,,0.27,3720.0,0.53,
306,GJ 514 b,2.13,5.2,140.43,202.0,0.422,0.28,0.45,3728.0,0.5,2.96
307,GJ 536 b,2.41,6.37,8.70874,451.0,0.0668,9.9,0.0,3641.0,0.529,2.5
308,GJ 536 c,2.3,5.89,32.761,290.5,0.1617,1.692,0.0,3641.0,0.529,2.66
309,GJ 581 b,4.79,20.5,5.3686,,0.0399,,0.0342,3500.0,0.302,1.02
310,GJ 581 c,2.5,6.81,12.9211,,0.0718,,0.032,3500.0,0.302,2.39
311,GJ 581 e,1.38,2.48,3.1481,,0.02799,,0.012,3500.0,0.302,5.19
312,GJ 625 b,1.49,2.82,14.628,,0.078361,,0.13,3499.0,0.31,4.68
313,GJ 649 b,10.8,81.99972901,600.1,,1.112,,0.083,3734.0,0.5,0.358
314,GJ 667 C b,2.25,5.68,7.203,,0.050431,,0.2,3350.0,,2.74
315,GJ 667 C c,1.77,3.8,28.14,,0.125,,0.02,3350.0,,3.77
316,GJ 667 C e,1.45,2.7,62.24,,0.213,,0.02,3350.0,,4.87
317,GJ 667 C f,1.45,2.7,39.026,,0.156,,0.03,3350.0,,4.87
318,GJ 667 C g,1.99,4.6,256.2,,0.549,,0.08,3350.0,,3.21
319,GJ 674 b,3.33,11.09,4.6938,,0.039,,0.2,3600.0,0.36463,1.65
320,GJ 676 A b,12.8,1840.86213334,1051.44521,,1.735,,0.319,3734.0,0.69,4.82
321,GJ 676 A c,12.3,4288.14086724,13921.42302,,9.726,,0.295,3734.0,0.69,12.7
322,GJ 676 A d,1.78,3.81394088,3.60076,,0.039,,0.192,3734.0,0.69,3.72
323,GJ 676 A e,2.47,6.67439655,35.47358,,0.181,,0.152,3734.0,0.69,2.43
324,GJ 680 b,12.0,7977.4930157,17281.66514,,10.138,,0.381,3563.0,0.45933,25.4
325,GJ 682 b,1.93,4.4,17.478,,0.08,,0.08,3028.0,0.298255,3.36
326,GJ 682 c,2.89,8.7,57.32,,0.176,,0.1,3028.0,0.298255,1.98
327,GJ 685 b,2.95,9.0,24.16,,0.1344,,0.0,3816.0,0.54,1.93
328,GJ 687 b,4.32,17.2,38.142,,0.163,,0.17,3413.0,0.4183,1.17
329,GJ 687 c,4.14,16.0,727.562,,1.165,,0.4,3413.0,0.4183,1.24
330,GJ 720 A b,3.77,13.64,19.466,401.0,0.119,,0.12,3837.0,0.56,1.4
331,GJ 724 b,3.27,10.75,5.101284,611.0,0.04685,23.32,0.577,3799.0,0.52226,1.69
332,GJ 740 b,1.53,2.96,2.37756,829.0,0.029,79.0,0.24,3913.0,0.56,4.54
333,GJ 806 b,1.331,1.9,0.9263237,940.0,0.01406,130.0,,3600.0,0.4144,4.4
334,GJ 806 c,2.28,5.8,6.64064,490.0,0.0523,9.5,,3600.0,0.4144,2.69
335,GJ 832 b,13.8,314.65012293,3853.0,,3.7,,0.05,3472.0,0.441557,0.658
336,GJ 849 b,13.9,283.82076745,1925.31,,2.32,,0.029,3467.0,0.45,0.581
337,GJ 849 c,13.8,314.65012293,5990.0,,4.95,,0.092,3467.0,0.45,0.658
338,GJ 86 b,12.9,1404.8086,15.76491,,0.11,,0.04,5182.0,0.77,3.6
339,GJ 876 b,13.3,723.2235,61.1166,,0.208317,,0.0324,3293.74,0.3,1.69
340,GJ 876 c,14.0,226.9846,30.0881,,0.12959,,0.25591,3293.74,0.3,0.455
341,GJ 876 d,2.51,6.83,1.93778,,0.02080665,,0.207,3293.74,0.3,2.37
342,GJ 876 e,3.92,14.6,124.26,,0.3343,,0.055,3293.74,0.3,1.33
343,GJ 887 b,1.8,3.9,9.2619,426.0,0.0683,7.8,0.14,3688.0,0.468,3.67
344,GJ 887 c,2.43,6.5,21.784,320.0,0.121,2.5,0.17,3688.0,0.468,2.49
345,GJ 887 d,2.34,6.1,50.77,241.0,0.212,0.81,,3688.0,0.468,2.62
346,GJ 887 e,1.12,1.46,4.4249,544.0,0.0417,20.9,,3688.0,0.468,5.71
347,GJ 896 A b,13.3,718.29219982,284.39,,0.63965,,0.35,3345.0,0.394682,1.68
348,GJ 900 b,12.4,3496.112477,,,12000.0,,,3976.0,0.716187,10.1
349,GJ 9066 c,9.6,66.74396547,771.36,,0.88,,0.46,3154.0,0.164,0.415
350,GJ 9404 b,3.48,11.9,13.4586,,0.0943,,0.49,3811.0,0.626041,1.55
351,GJ 96 b,4.67,19.66,73.94,,0.291,,0.44,3785.0,0.580612,1.06
352,GJ 9689 b,3.07,9.65,18.27,453.04,0.1139,,0.29,3836.0,0.57,1.83
353,GJ 9714 b,12.5,2988.54051102,19240.75467,,12.319,,0.155,4263.0,0.662662,8.41
354,GJ 9773 b,14.2,172.580825,2965.0,,2.921,,0.218,3528.0,0.362,0.331
355,GJ 9827 b,1.44,4.28,1.208974,1035.01,0.0189,318.0,0.0,4236.0,0.58,7.858
356,GJ 9827 c,1.13,1.86,3.648103,715.94,0.0395,73.0,0.0,4236.0,0.58,7.142
357,GJ 9827 d,1.98,3.02,6.20183,675.0,0.053,34.9,0.0,4236.0,0.58,2.51
358,GPX-1 b,16.47720163,6261.2196179,1.744579,2300.0,0.0338,4650.0,0.0,7000.0,1.56,8.222423
359,GQ Lup b,33.6,6356.0,,2650.0,100.0,,,4360.0,1.94153,0.921
360,GSC 06214-00210 b,20.1762,5000.0,,2300.0,320.0,,,4200.0,0.90484,3.35
361,GU Psc b,14.179,3591.3,,1050.0,2000.0,,,4031.81,0.450458,6.92
362,Gaia-1 b,13.77583728,533.95172376,3.052524,1159.07,0.04047,426.5351,,5470.0,0.952,1.12
363,Gaia-2 b,14.81827249,259.66580852,3.6915224,1213.23,0.0467,512.0235,,5720.0,1.064,0.439
364,Gaia-4 b,12.4,3750.3752026,571.3,,,,0.338,4034.0,0.624,10.8
365,Gaia-5 b,12.1,6633.07885409,358.62,,,,0.6423,3447.0,0.345,20.6
366,Gaia22dkvL b,14.1,187.83658854,,,1.4,,,,,0.368
367,Gl 378 b,3.66,13.02,3.822,830.0,0.039435,,0.109,3879.0,0.56,1.46
368,Gl 410 b,2.83,8.4,6.02,,0.0531,,,3842.0,0.543,2.04
369,Gl 49 b,2.24,5.63,13.8508,,0.0905,,0.363,3805.0,0.511,2.75
370,Gl 686 b,2.46,6.624,15.53,379.0,0.091,,0.05,3656.0,0.427,2.45
371,Gl 725 A b,1.48,2.78,11.2201,,0.068,,0.0,3433.0,0.351,4.71
372,Gliese 12 b,0.93,0.95,12.761418,314.6,0.067,1.62,0.24,3328.0,0.265,6.4
373,HAT-P-1 b,14.784671,166.86075,4.46529976,1322.0,0.05561,259.687,0.0,5980.0,1.174,0.282
374,HAT-P-11 b,4.36,25.0,4.888,838.0,0.05258,100.77,0.251,4653.0,0.683,1.172
375,HAT-P-11 c,13.2,851.78013076,3361.0,,4.1,,0.652,4653.0,0.683,2.04
376,HAT-P-12 b,10.749,67.059,3.2130598,963.0,0.0384,118.075,0.0,4650.0,0.701,0.3192
377,HAT-P-13 b,14.258,270.462,2.91625,1740.0,0.04383,1978.5245,0.0133,5653.0,,0.340833
378,HAT-P-13 c,12.3,4538.421,446.27,340.0,1.258,,0.6616,5653.0,,13.4
379,HAT-P-14 b,15.91678,1093.3352,4.62767,1624.0,0.0596,1038.78,0.11,6600.0,1.82,1.56
380,HAT-P-15 b,11.88154,616.5902,10.8635,904.0,0.0965,79.7578,0.19,5568.0,1.07,1.96
381,HAT-P-16 b,,,2.77596727,,,,,,,
382,HAT-P-17 b,11.76945,184.3414,10.33852,800.0,0.0892,110.512,0.35,5246.0,0.87,0.44
383,HAT-P-17 c,13.1,1080.6,5584.0,,5.6,,0.39,5336.96,0.838682,2.64
384,HAT-P-18 b,11.153,62.61,5.508023,852.0,0.0559,82.2407,0.084,4803.0,0.749,0.25
385,HAT-P-19 b,11.29865255,88.03846874,4.00878322,981.2,0.04599,154.0,0.07,4962.0,0.773,0.335
386,HAT-P-2 b,10.659759,2866.81223114,5.6335158,1540.0,0.06814,588.518,0.5172,6380.0,1.39,7.29
387,HAT-P-2 c,12.4,3400.7639549,8500.0,,,,0.37,6412.0,1.416,9.8
388,HAT-P-20 b,9.718,2302.899,2.875317,970.0,0.0361,85.1168,0.015,4595.0,0.694,13.78
389,HAT-P-21 b,12.44199,1547.8321,4.12448,1367.0,0.05037,459.542,0.23,5588.0,1.21,3.633781
390,HAT-P-22 b,12.89035,785.0401,3.21222,1463.0,0.0414,325.569,0.02,5302.0,1.11,2.14
391,HAT-P-23 b,15.334,664.237,1.212884,2056.0,0.0232,2796.2342,0.106,5905.0,1.203,1.01
392,HAT-P-24 b,14.5717,238.3725,3.35524,1637.0,0.04651,1294.929,0.07,6373.0,1.38,0.44
393,HAT-P-25 b,12.722215,180.84527,3.65281514,1182.0,0.0466,325.0,0.023,5519.0,0.919,0.483
394,HAT-P-26 b,7.06167,22.2481,4.23452,1080.0,0.04748,185.0743,0.12,5079.0,0.87,0.258608
395,HAT-P-27 b,11.43,197.05,3.039577,1091.99,0.04,336.0384,0.0,5316.0,0.864673,0.76
396,HAT-P-28 b,13.585,198.953,3.257215,1384.0,0.0434,554.7122,0.051,5680.0,1.103,0.44
397,HAT-P-29 b,13.11453,279.6904,5.72319,1281.0,0.0667,433.0,0.09,6087.0,1.3,0.710842
398,HAT-P-3 b,10.53646,206.5895,2.8997,1189.0,0.03866,176.587,0.0,5185.0,0.87,0.855
399,HAT-P-30 b,16.14096,263.7989,2.8106,1630.0,0.0419,1467.9573,0.04,,,0.309
400,HAT-P-31 b,12.21781,721.4741,5.00542,1450.0,0.061,746.9025,0.25,6065.0,1.39,2.18
401,HAT-P-32 b,22.19382,216.1244,2.1500082,1835.7,0.03397,1841.0,0.159,6001.0,1.367,0.108
402,HAT-P-33 b,20.73665,292.4036,3.47447,1782.0,0.04995,1701.38,0.0,6446.0,1.79,0.2
403,HAT-P-34 b,13.417173,1058.3739,5.452654,1520.0,0.06774,433.78,0.432,6442.0,1.53,2.5
404,HAT-P-35 b,14.930388,335.62848,3.646706,1581.0,0.04978,999.6688,0.02,6096.0,1.435,0.55
405,HAT-P-36 b,14.313893,587.413406,1.32734683,1780.97,0.0241,1821.0,0.063,5620.0,1.041,1.175
406,HAT-P-37 b,13.204,371.528,2.797436,1271.0,0.0379,412.3914,0.058,5500.0,0.877,0.89
407,HAT-P-38 b,9.247,84.857,4.640382,1082.0,0.0523,243.0337,0.067,5330.0,0.923,0.59
408,HAT-P-39 b,17.609,190.372,3.54387,1752.0,0.0509,1915.6934,0.0,6430.0,1.625,0.19
409,HAT-P-4 b,14.28,213.255,3.056536,1686.0,0.04438,1438.0,0.0,5860.0,1.596,0.403
410,HAT-P-40 b,17.03768,152.5584,4.45724,1770.0,0.0608,1747.4151,0.0,6080.0,1.94,0.15
411,HAT-P-41 b,22.97845,378.2177,2.69405,1941.0,0.04258,2485.0721,0.0,6390.0,2.05,0.204
412,HAT-P-42 b,14.348,331.801,4.641878,1428.0,0.0575,684.0973,0.0,5743.0,1.53,0.61
413,HAT-P-43 b,13.63,210.395,3.3326414,1353.0,0.0444,521.877,0.0,5693.0,1.08,0.39
414,HAT-P-44 b,13.922,111.871,4.301219,1108.0,0.0507,185.119,0.044,5295.0,0.949,0.23
415,HAT-P-44 c,13.0,1271.3,872.2,,1.752,,0.494,5295.0,0.949,3.18
416,HAT-P-45 b,15.984,283.492,3.128992,1652.0,0.0452,1052.239,0.049,6330.0,1.319,0.38
417,HAT-P-46 b,14.392,156.684,4.463129,1458.0,0.0577,1405.4798,0.123,6120.0,1.396,0.28
418,HAT-P-49 b,17.82231,699.226,2.69155,2131.0,0.04378,4392.03,0.0,6820.0,2.06,0.75
419,HAT-P-5 b,13.56289,311.4734,2.78849,1517.0,0.04073,850.6754,0.0,5960.0,1.12,0.668403
420,HAT-P-50 b,14.437192,429.0705,3.1220109,1862.0,0.0453,2108.4362,0.115,6280.0,1.698,0.78
421,HAT-P-51 b,13.50682174,97.57332095,4.21802091,1168.2,0.05042,310.0,0.07,5453.0,0.995,0.218
422,HAT-P-52 b,11.309881,259.98494,2.7535953,1218.0,0.03694,227.759,0.047,5131.0,0.893,0.98
423,HAT-P-53 b,14.773462,471.65972,1.9616241,1778.0,0.03159,1400.0226,0.134,5956.0,1.209,0.8
424,HAT-P-54 b,10.581296,241.5508,3.799847,818.0,0.04117,88.6713,0.074,4390.0,0.617,1.118
425,HAT-P-55 b,14.84069045,189.42573057,3.5852313,1367.0,0.04628,583.0,0.17,5804.0,1.105,0.318
426,HAT-P-56 b,16.92559,734.1873,2.79083,1840.0,0.0423,3515.0,0.29,6566.0,1.47,0.75
427,HAT-P-57 b,19.50366,448.1403,2.4653,2200.0,0.0406,2726.6328,0.0,6330.0,1.85,0.332
428,HAT-P-58 b,14.93036229,118.2321674,4.0138379,1622.0,0.04994,1146.0,0.073,6078.0,1.53,0.194
429,HAT-P-59 b,12.58768533,489.45574678,4.1419771,1277.8,0.05064,441.4,0.03,5678.0,1.1038,1.347
430,HAT-P-6 b,16.58932,419.5356,3.85298,1675.0,0.05239,1099.44,0.0,6570.0,1.62,0.558
431,HAT-P-60 b,18.28184752,182.43350562,4.7947813,1772.0,0.06277,1634.0,0.25,6212.0,2.197,0.164
432,HAT-P-61 b,10.07687365,335.9446262,1.90231289,1505.0,0.0301,849.5,0.113,5587.0,0.938,1.8
433,HAT-P-62 b,12.02723629,241.86741773,2.6453235,1512.0,0.03772,867.2,0.101,5629.0,1.17,0.77
434,HAT-P-63 b,12.5428494,195.1466419,3.377728,1237.0,0.04294,387.4,0.069,5400.0,0.9661,0.54
435,HAT-P-64 b,19.08889413,184.34047606,4.007232,1766.0,0.05387,1611.0,0.101,6457.0,1.735,0.144
436,HAT-P-65 b,18.05766791,176.07693748,2.60544751,1818.0,0.04042,1821.0,0.304,5872.0,1.666,0.164
437,HAT-P-66 b,17.82231,248.86089,2.972086,1896.0,0.04363,1939.51,0.09,6002.0,1.881,0.242
438,HAT-P-67 b,23.9872187,143.02278315,4.8101069,1903.0,0.06505,2029.17,0.0,6640.0,2.62,0.061
439,HAT-P-68 b,12.016048,230.10892,2.29840551,1027.8,0.02996,184.8,0.041,4508.0,0.6701,0.727
440,HAT-P-69 b,18.786284,1137.8314,4.7869491,1930.0,0.06555,2320.18,0.0,7394.0,1.926,1.02
441,HAT-P-7 b,16.92559,584.8072,2.20474,2733.0,0.03809,4353.408,0.0,6389.0,2.0,0.712
442,HAT-P-70 b,20.96083,2154.8874,2.74432452,2562.0,0.04739,5405.6,0.0,8450.0,1.858,1.54
443,HAT-P-8 b,15.6926,406.8224,3.07634,1713.0,0.04496,1519.9645,0.0,6200.0,1.57,0.685644
444,HAT-P-9 b,15.614137,238.05467,3.92281072,1540.0,0.05287,931.0,0.084,6350.0,1.338,0.342
445,HATS-1 b,14.594,589.55,3.446459,1359.0,0.0444,489.9461,0.12,5870.0,1.038,1.03
446,HATS-10 b,10.861521,167.17858,3.312846,1407.0,0.04491,836.8558,0.501,5880.0,1.105,0.7
447,HATS-11 b,18.03,263.7989,3.619188,1596.0,0.0507,1027.296,0.34,6563.0,1.54,0.315
448,HATS-12 b,7.76,759.6137,3.142702,1446.0,0.0441,566.4817,0.085,6357.0,1.17,1.12
449,HATS-13 b,13.585308,172.58169,3.0440499,1244.0,0.04057,315.9878,0.181,5523.0,0.887,0.377
450,HATS-14 b,11.646151,340.39593,2.7667641,1276.0,0.03815,505.884,0.142,5346.0,0.933,1.191
451,HATS-15 b,12.385945,689.6911,1.74748753,1505.0,0.02712,2201.3363,0.126,5311.0,0.922,1.97
452,HATS-16 b,14.5717,1039.3041,2.686502,1592.0,0.03744,994.8095,0.0,5738.0,1.238,1.86
453,HATS-17 b,8.709393,425.25654,16.254611,814.0,0.1308,72.7,0.029,5846.0,1.091,3.5
454,HATS-18 b,14.896761,629.144485,0.83784,2069.48,0.0174,2990.0,0.166,5600.0,1.02,1.1169
455,HATS-2 b,12.57647635,435.42491759,1.35413379,1550.0,0.02317,950.0563,0.0,5227.0,0.876,1.20684
456,HATS-22 b,10.682177,870.8542,4.7228124,858.0,0.05025,111.299,0.079,4803.0,0.689,3.89
457,HATS-23 b,20.84874,467.2101,2.1605156,1654.0,0.03397,994.8004,0.114,5780.0,1.199,0.29
458,HATS-24 b,15.636555,718.2958,1.3484978,2166.0,0.0238,2706.9606,0.0,6125.0,1.12,1.03
459,HATS-25 b,14.12334,194.82979,4.2986432,1277.0,0.05163,454.8721,0.176,5715.0,1.107,0.38
460,HATS-26 b,19.61575,206.5895,3.3023881,1918.0,0.04735,2236.5716,0.245,6071.0,2.04,0.153
461,HATS-27 b,16.8135,168.4499,4.637038,1659.0,0.0611,1342.5733,0.581,6438.0,1.74,0.18
462,HATS-28 b,13.383546,213.58176,3.1810781,1253.0,0.04131,,0.202,5498.0,0.922,0.48
463,HATS-29 b,14.022459,207.54299,4.6058749,1212.0,0.05475,356.0,0.158,5670.0,1.073,0.411
464,HATS-3 b,15.48,340.382,3.547851,1648.0,0.0485,1212.0044,0.0,6351.0,1.404,0.51
465,HATS-30 b,13.170575,224.38798,3.1743516,1414.0,0.04354,718.9097,0.096,5943.0,1.061,0.543
466,HATS-31 b,18.38276,279.6904,3.37796,1823.0,0.0478,1619.406,0.233,6050.0,1.87,0.243
467,HATS-32 b,14.000041,292.4036,2.8126548,1437.0,0.04024,614.5934,0.471,5700.0,1.097,0.58
468,HATS-33 b,13.78707,378.85336,2.5495551,1429.0,0.03727,757.1284,0.08,5659.0,1.022,0.79
469,HATS-34 b,16.02887,299.07803,2.1061607,1445.0,0.03166,691.8428,0.108,5380.0,0.98,0.4
470,HATS-35 b,16.409976,388.38826,1.8209993,2037.0,0.03199,2440.7,0.306,6300.0,1.433,0.484
471,HATS-36 b,12.92,1022.14128,4.175186,1203.0,0.0523,561.0,0.105,5950.0,1.1,2.12
472,HATS-37 A b,6.792654,31.46517,4.3315366,1085.0,0.04913,229.7,0.0,5326.0,0.877,0.55
473,HATS-38 b,6.882326,23.51942,4.375021,1294.0,0.05036,464.7,0.0,5732.0,1.105,0.403
474,HATS-39 b,17.59813,200.2329,4.5776348,1645.0,0.06007,1547.1014,0.275,6572.0,1.621,0.202
475,HATS-4 b,11.433,420.471,2.516729,1315.0,0.0362,558.828,0.013,5403.0,0.925,1.55
476,HATS-40 b,17.71022,505.3497,3.2642736,2101.0,0.04997,3163.3762,0.312,6460.0,2.26,0.49
477,HATS-41 b,14.90797,3082.951,4.193649,1710.0,0.0583,1300.3125,0.38,6424.0,1.71,5.1
478,HATS-42 b,15.6926,597.5204,2.292102,1856.0,0.03689,1637.2058,0.229,6060.0,1.48,0.83
479,HATS-43 b,13.22662,82.95363,4.3888497,1003.0,0.04944,192.2328,0.173,5099.0,0.812,0.191
480,HATS-44 b,11.960003,177.9848,2.7439004,1161.0,0.03649,306.417,0.279,5080.0,0.847,0.56
481,HATS-45 b,14.414774,222.481,4.1876244,1518.0,0.05511,811.3504,0.24,6450.0,1.315,0.41
482,HATS-46 b,10.121727,54.98459,4.7423729,1054.0,0.05367,209.7699,0.559,5495.0,0.853,0.28
483,HATS-47 b,12.520453,117.27927,3.9228038,852.9,0.04269,87.73,0.088,4512.0,0.6564,0.331
484,HATS-48 A b,8.9672,77.23269,3.1316666,954.6,0.03769,137.6,0.162,4546.0,0.7152,0.589
485,HATS-49 b,8.574885,112.19399,4.1480467,834.8,0.04515,80.45,0.071,4405.0,0.6977,0.986
486,HATS-5 b,10.223,75.323,4.763387,1025.0,0.0542,183.2395,0.019,5304.0,0.871,0.39
487,HATS-50 b,12.66617,123.9537,3.8297015,1275.39,0.05046,625.3023,0.516,5990.0,1.117,0.33
488,HATS-51 b,15.80469,244.09344,3.3488702,1553.0,0.04639,740.2246,0.33,5758.0,1.44,0.34
489,HATS-52 b,15.490838,711.9392,1.36665436,1834.0,0.02498,1310.22,0.246,6010.0,1.046,1.06
490,HATS-53 b,15.02006,189.10885,3.8537768,1312.0,0.04753,471.61,0.33,5644.0,1.101,0.303
491,HATS-54 b,11.37711541,239.32479047,2.5441765,1429.0,0.037,476.965,0.0,5621.0,1.23,0.77
492,HATS-55 b,14.022459,292.72143,4.2042001,1367.0,0.05412,355.909,0.092,6214.0,1.126,0.587
493,HATS-56 b,18.920792,191.33366,4.324799,1902.0,0.06043,1080.87,0.019,6536.0,2.201,0.155
494,HATS-57 b,12.767051,1000.21101,2.350621,1413.4,0.03493,570.233,0.028,5587.0,0.96,2.65
495,HATS-58 A b,12.273855,327.3649,4.2180896,1721.0,0.05798,382.7103,0.168,7175.0,1.433,0.96
496,HATS-59 b,12.621334,256.17098,5.416081,1128.0,0.06112,269.0,0.129,5670.0,1.036,0.7
497,HATS-59 c,12.3,4036.441,1422.0,175.9,2.504,0.159,0.083,5670.0,1.036,11.9
498,HATS-6 b,11.186582,101.38777,3.3252725,712.8,0.03623,47.3315,0.0,3724.0,0.57,0.399
499,HATS-60 b,12.923977,210.40346,3.560829,1528.0,0.04708,903.9,0.191,5688.0,1.46,0.537
500,HATS-61 b,13.394755,1080.622,7.817953,1226.1,0.07908,374.2,0.092,5542.0,1.664,2.47
501,HATS-62 b,11.825495,56.89157,3.2768837,1237.0,0.04163,387.4,0.298,5416.0,0.933,0.076
502,HATS-63 b,13.529263,305.1168,3.0566527,1398.3,0.04026,634.1,0.136,5627.0,1.07,0.67
503,HATS-64 b,18.819911,305.1168,4.908897,1793.0,0.06562,1711.0,0.151,6554.0,2.113,0.245
504,HATS-65 b,16.824709,260.93843,3.105161,1634.0,0.04497,1178.0,0.062,6277.0,1.31,0.3
505,HATS-66 b,15.815899,1694.0339,3.1414391,1998.0,0.04714,2637.0,0.064,6626.0,1.841,2.34
506,HATS-67 b,18.887165,460.8535,1.6091788,2193.0,0.03032,3821.0,0.057,6594.0,1.441,0.374
507,HATS-68 b,13.809488,410.0007,3.5862202,1741.0,0.05071,1521.0,0.036,6147.0,1.748,0.856
508,HATS-69 b,10.592505,183.38791,2.2252577,1295.7,0.03211,466.6,0.519,5137.0,0.8785,0.46
509,HATS-7 b,6.310667,38.1396,3.185315,1084.0,0.04012,211.6178,0.17,4985.0,0.815,0.83
510,HATS-70 b,15.513256,4100.007,1.8882378,2730.0,0.03632,9110.0,0.18,7930.0,1.881,6.64
511,HATS-71 b,11.478016,117.5971,3.7955202,586.8,0.03745,18.0832,0.0,3405.0,0.4783,0.42
512,HATS-72 b,8.0973816,39.855882,7.3279474,739.3,0.066517,49.58,0.013,4656.1,0.7214,0.411
513,HATS-74 A b,11.56766808,464.02947422,1.73185606,895.1,0.02384,106.9,0.044,3776.9,0.5758,1.64
514,HATS-75 b,9.90873894,156.05374784,2.7886556,772.3,0.032742,59.26,0.064,3790.4,0.5848,0.878
515,HATS-76 b,12.09449018,835.570882,1.9416423,939.8,0.02658,129.8,0.062,4016.0,0.6259,2.58
516,HATS-77 b,13.05846252,436.69623122,3.0876262,828.3,0.03607,78.37,0.045,4071.0,0.6428,1.077
517,HATS-8 b,9.785457,43.86054,3.583893,1324.0,0.04667,510.8195,0.376,5679.0,1.086,0.259
518,HATS-9 b,13.85,266.02371,1.915291,1746.0,0.0312,2292.0839,0.075,5599.0,1.56,0.626
519,HD 100508 b,13.7,381.3940884,5681.0,,6.11,,0.42,5419.0,1.0179,0.815
520,HD 100546 b,77.3421,2701.5414595,,,53.0,,,10500.0,1.85288,0.0321
521,HD 100655 b,13.5,511.7063,157.57001,,0.68,,0.09,4891.0,10.06,1.14
522,HD 100777 b,13.7,390.92894061,383.0,,1.06,,0.38,5533.0,1.04,0.835
523,HD 101581 b,0.956,0.827,4.46569,834.0,0.046,80.0,,4675.0,0.63,5.2
524,HD 101581 c,0.99,0.937,6.20401,747.0,0.0573,52.0,,4675.0,0.63,5.31
525,HD 10180 c,,2741.58783878,5.75969,,0.06412,,0.073,5911.0,1.109,
526,HD 10180 d,,3295.88058059,16.357,,0.12859,,0.131,5911.0,1.109,
527,HD 10180 e,5.39,25.1,49.748,,0.2699,,0.051,5911.0,1.109,0.881
528,HD 10180 f,5.24,23.9,122.744,,0.4929,,0.119,5911.0,1.109,0.913
529,HD 10180 g,,3375.33768234,604.67,,1.427,,0.263,5911.0,1.109,
530,HD 10180 h,9.4,64.4,2205.0,,3.381,,0.095,5911.0,1.109,0.426
531,HD 101930 b,10.6,79.4575,70.46,,0.3,,0.11,5108.0,0.86,0.367
532,HD 102117 b,8.47,54.0311,20.8133,,0.15,,0.12,5655.0,1.23,0.489
533,HD 102195 b,14.2,130.3103,4.11377,,0.05,,0.0,5301.0,0.82,0.25
534,HD 102272 b,12.9,1570.0802,127.58,,0.51,,0.05,4790.0,10.3,4.02
535,HD 102329 b,12.6,2593.4928,778.09998,,1.81,,0.21,4745.0,9.82,7.12
536,HD 102329 c,13.5,483.1016,1123.0,,,,0.209,4830.0,6.3,1.08
537,HD 102843 b,13.1,113.9,3090.942,,4.074,,0.11,5436.0,0.961488,0.278
538,HD 102888 b,12.8,1808.44363583,252.06,,1.05,,0.11,4990.0,8.6,4.74
539,HD 102956 b,13.8,305.1168,6.4947,,0.0807,,0.037,4985.0,4.55,0.638
540,HD 103197 b,5.83,28.6047,47.84,,0.25,,0.0,5250.0,0.88,0.793
541,HD 103720 b,14.1,197.046,4.5557,,0.0498,,0.086,5017.0,0.73,0.386
542,HD 103774 b,13.3,116.0,5.8881,,0.07,,0.09,6489.0,1.581047,0.271
543,HD 103891 b,13.2,918.52409623,1919.0,,3.27,,0.31,6072.0,2.22,2.19
544,HD 103949 b,3.35,11.2,120.878,,0.439,,0.19,4792.0,0.753113,1.64
545,HD 104067 b,9.2,62.1,55.851,,0.2674,,0.123,4952.0,0.78,0.438
546,HD 104067 c,3.69,13.2,13.8992,,0.1058,,0.29,4952.0,0.78,1.44
547,HD 10442 b,13.6,472.61321,1032.3,,2.01,,0.132,4912.0,1.97,1.03
548,HD 104985 b,12.8,1766.80811451,199.68,,0.715,,0.047,4738.0,11.12,4.63
549,HD 105618 b,5.44,25.42627256,10.02245,,0.091,,0.455,5671.0,1.27399,0.868
550,HD 105618 c,11.9,8419.59232984,77114.07158,,35.731,,0.126,5671.0,1.27399,27.5
551,HD 105779 b,14.1,203.41018048,2412.0,,3.38,,0.0,5792.0,0.94,0.399
552,HD 106252 b,12.5,3178.28407,1535.0,,2.655,,0.48,5874.0,1.05,8.94
553,HD 106270 b,12.4,3623.2438398,1888.0,,3.34,,0.185,5509.0,2.66,10.4
554,HD 106315 b,2.44,12.6,9.55237,1153.0,0.0907,277.0,0.093,6327.0,1.296,4.7
555,HD 106315 c,4.35,15.2,21.05704,886.0,0.1536,97.0,0.22,6327.0,1.296,1.01
556,HD 10647 b,13.8,298.75,989.2,,2.015,,0.15,6218.0,1.1,0.625
557,HD 106515 A b,12.1,6006.9568923,3626.0,,4.48,,0.571,5362.0,0.91,18.6
558,HD 106906 b,12.4,3496.0,,1800.0,650.0,,,6516.0,2.12351,10.1
559,HD 10697 b,12.8,1825.2885414,1075.3799,,2.051,,0.104,5641.0,1.863076,4.78
560,HD 107148 b,9.6,66.741,48.056,,0.269,,0.05,5797.0,1.169193,0.415
561,HD 107148 c,4.7,19.89605828,18.3267,,0.1407,,0.34,5752.92,1.169193,1.05
562,HD 108147 b,10.9,82.95,10.8985,890.0,0.102,,0.53,6255.73,1.20664,0.352
563,HD 108202 b,13.1,953.485221,2990.0,,3.7,,0.52,4556.03,0.66355,2.33
564,HD 108236 b,1.615,3.24,3.795963,1099.0,0.04527,312.1807,0.045,5660.0,0.877,4.23
565,HD 108236 c,2.071,4.94,6.203449,932.0,0.062,162.1675,0.034,5660.0,0.877,3.06
566,HD 108236 e,3.083,9.71,19.590025,636.0,0.1367,35.0031,0.058,5660.0,0.877,1.82
567,HD 108236 f,2.017,4.72,29.54115,,0.1758,,0.051,5660.0,0.877,3.16
568,HD 108341 b,13.3,715.11391575,1129.0,,2.0,,0.85,5122.0,0.79,1.67
569,HD 108863 b,13.3,767.24162,437.7,,1.32,,0.032,4878.0,5.74,1.79
570,HD 108874 b,13.6,451.3186,394.48123,,1.04,,0.13,5600.0,1.05,0.986
571,HD 108874 c,13.8,314.64,1624.0,,2.659,,0.239,5551.0,1.05,0.658
572,HD 109246 b,13.9,273.3338,68.27,,0.33,,0.12,5844.0,1.07,0.559
573,HD 109271 b,4.31,17.162,7.8543,,0.079,,0.25,5783.0,1.294595,1.18
574,HD 109271 c,5.27,24.154,30.93,,0.196,,0.15,5783.0,1.294595,0.907
575,HD 109286 b,13.2,950.30693693,520.1,259.4,1.259,0.709,0.338,5694.0,1.089,2.27
576,HD 109749 b,11.1,85.8141,5.239891,,0.0615,,0.0,5824.0,1.22,0.345
577,HD 10975 b,14.3,143.02278315,283.8,,0.95,,0.442,4840.0,11.16,0.269
578,HD 109833 b,2.888,8.69,9.188526,786.0,,63.4589,0.18,5881.0,1.0,1.98
579,HD 109833 c,2.59,7.22,13.900148,756.7,,77.4842,0.3,5881.0,1.0,2.28
580,HD 109988 b,12.1,6935.33366915,17132.15854,,12.518,,0.056,5185.97,0.869694,21.5
581,HD 110014 b,12.4,3524.59,835.477,,2.14,,0.462,4445.0,20.9,10.2
582,HD 110067 b,2.2,5.69,9.113678,800.0,0.0793,,,5266.0,0.788,2.94
583,HD 110067 c,2.388,6.3,13.673694,699.0,0.1039,,,5266.0,0.788,
584,HD 110067 d,2.852,8.52,20.519617,602.0,0.1362,,,5266.0,0.788,2.02
585,HD 110067 e,1.94,3.9,30.793091,533.0,0.1785,,,5266.0,0.788,
586,HD 110067 f,2.601,5.04,41.05854,489.0,0.2163,,,5266.0,0.788,1.57
587,HD 110067 g,2.607,8.4,54.76992,440.0,0.2621,,,5266.0,0.788,
588,HD 110082 b,3.2,10.3,10.18271,957.2,0.113,198.3948,0.2,6200.0,1.19,1.73
589,HD 110113 b,2.05,4.55,2.541,1371.0,0.035,735.49,0.093,5732.0,0.968,2.9
590,HD 110113 c,2.11384817,10.5,6.744,990.0,0.068,199.9,0.045,5732.0,0.968,6.11
591,HD 110537 b,11.9,8612.83200129,24469.67342,,16.714,,0.401,5718.0,1.16626,28.1
592,HD 11112 b,12.6,2598.56505563,17244.90764,,13.38,,0.285,5905.64,1.47368,7.14
593,HD 111232 b,12.6,2531.50326176,1169.13202,,2.148,,0.214,5512.0,0.9,6.95
594,HD 111232 c,12.2,5740.93451564,26472.44623,,17.25,,0.558,5512.0,0.9,17.4
595,HD 111591 b,12.9,1398.452,1056.4,,2.5,,0.26,4884.0,8.03,3.58
596,HD 111998 b,12.9,1525.5763536,810.0,,1.91,,0.13,6557.0,1.45,3.91
597,HD 112300 b,12.2,5031.22368281,466.63,,1.33,,0.36,3657.0,65.8,15.2
598,HD 112570 b,13.1,1086.97315194,2615.0,,3.9,,0.2,4750.0,9.85,2.66
599,HD 112640 b,12.9,1589.15,613.2,,1.7,,0.24,4155.0,39.0,4.07
600,HD 113337 b,13.1,1035.80277841,317.58639,,1.022,,0.28,6774.0,1.5,2.53
601,HD 113337 c,12.1,6299.67685515,5429.93477,,6.805,,0.164,6774.0,1.5,19.5
602,HD 11343 c,13.9,255.53403923,228.53731,,0.923,,0.169,4672.0,6.84,0.523
603,HD 113538 b,13.2,114.41,663.2,,1.24,,0.14,4462.0,0.53,0.273
604,HD 113538 c,13.8,295.57,1818.0,,2.44,,0.2,4462.0,0.53,0.618
605,HD 113996 b,12.7,2002.329,610.2,,1.6,,0.28,4181.0,25.11,5.37
606,HD 114082 b,11.2089807,2542.627256,109.75,,0.5109,,0.395,6651.0,1.49,9.92
607,HD 114386 b,13.6,464.02947422,937.70001,,1.73,,0.23,4836.0,0.76,1.01
608,HD 114386 c,13.4,117.59651059,444.0,,1.05,,0.1,4895.0,0.76,0.269
609,HD 114729 b,13.9,262.20975,1121.79,,2.067,,0.079,5844.0,1.473,0.537
610,HD 114783 b,13.7,349.6,493.7,,1.16,,0.144,5135.0,0.840622,0.747
611,HD 114783 c,13.4,603.8739733,4352.0,,5.0,,0.05,5135.0,0.840622,1.38
612,HD 11505 b,12.6,2510.52658689,32669.22247,,20.247,,0.144,5757.15,1.19568,6.9
613,HD 11506 b,12.9,1551.00262616,1617.7,,2.885,,0.379,6123.0,1.24,3.97
614,HD 11506 c,14.0,127.1313628,223.92,,0.771,,0.228,6123.0,1.24,0.255
615,HD 11506 d,12.3,4068.2036096,26500.0,,18.2,,0.29,6123.0,1.24,12.0
616,HD 115404 A b,6.09,30.82935548,10.49488,,0.088,,0.232,5019.17,0.727007,0.75
617,HD 115404 A c,12.5,3279.67133183,15319.22517,,11.364,,0.211,5019.17,0.727007,9.23
618,HD 115954 b,12.6,2685.65003915,3700.0,144.9,5.0,0.064,0.487,5957.0,1.213,7.38
619,HD 116029 b,13.6,444.962,670.0,,1.65,,0.0,4819.0,4.89,0.972
620,HD 116029 c,13.7,403.6441,907.0,,,,0.038,4951.0,4.6,0.863
621,HD 117207 b,13.4,669.34662514,2621.75,,3.787,,0.157,5732.0,1.074,1.53
622,HD 11755 b,12.8,1789.3829,433.70001,,1.09,,0.19,4312.0,20.58,4.69
623,HD 117618 b,8.59,55.30242,25.8,,0.18,,0.15,5990.0,1.2,0.479
624,HD 118203 b,12.778238,680.15279098,6.1349779,1361.0,0.0713,593.4,0.3136,5742.0,2.04,1.79
625,HD 118203 c,12.4,3747.19691853,5103.0,146.0,6.28,,0.26,5742.0,2.04,10.8
626,HD 11964 b,14.1,198.0,1945.0,,3.16,,0.041,5303.0,2.00971,0.388
627,HD 11964 c,5.38,25.0,37.91,,0.229,,0.3,5303.0,2.00971,0.882
628,HD 11977 b,12.7,2080.0,711.0,,1.93,,0.4,4970.0,10.09,5.58
629,HD 120084 b,12.7,2034.1018048,2142.0,,4.21,,0.483,4879.0,10.37,5.46
630,HD 121504 b,13.6,479.9233,63.33,,0.33,,0.03,6027.0,1.07,1.05
631,HD 12235 b,3.23,10.48833743,4.36305,,0.054,,0.376,5986.0,1.80185,1.71
632,HD 12235 c,12.5,3135.69506346,36336.70679,,22.21,,0.174,5986.0,1.80185,8.82
633,HD 122562 c,10.1,73.10053361,84.96276,,0.406,,0.228,4956.0,2.16627,0.39
634,HD 124330 b,14.0,238.37130525,270.66,,0.86,,0.34,5873.0,1.30446,0.477
635,HD 12484 b,13.2,947.1334,58.83,,0.297,,0.07,5920.0,1.001848,2.26
636,HD 125271 b,12.4,3465.60094993,14901.99295,,10.817,,0.165,4703.93,0.751364,9.99
637,HD 125390 b,11.9,8646.20398403,1757.39151,,3.496,,0.597,4882.0,6.47,28.2
638,HD 125595 b,,3531.07360177,9.6737,,0.08,,0.0,4691.0,0.74,
639,HD 125612 b,13.2,945.22168242,557.69994,,1.349,,0.446,5900.0,1.07,2.26
640,HD 125612 c,4.07,15.57359194,4.15466,,0.051,,0.149,5900.0,1.07,1.27
641,HD 125612 d,12.7,2281.37230545,2822.72698,,3.982,,0.115,5900.0,1.07,6.12
642,HD 12648 b,13.4,622.9468,133.60001,,0.54,,0.04,4835.0,11.02,1.42
643,HD 126525 b,10.3,75.32571,960.41,,1.837,,0.035,5638.0,0.979,0.379
644,HD 12661 b,13.3,772.3269,262.70862,,0.84,,0.38,5645.0,1.2,1.8
645,HD 12661 c,13.2,899.45439181,1708.0,,2.8145,,0.031,5748.0,1.11,2.15
646,HD 126614 b,12.7,107.74382997,1257.25303,,2.249,,0.548,5568.0,1.369794,0.289
647,HD 127506 b,5.67,27.333243,65.78395,,0.287,,0.24,4595.32,0.735766,0.824
648,HD 128311 b,13.5,562.24127,453.019,,1.084,,0.303,4965.0,0.76,1.26
649,HD 128311 c,13.0,1204.25787,921.538,,1.74,,0.159,4965.0,0.76,3.01
650,HD 128356 b,13.9,282.8687,298.2,,0.87,,0.57,4875.0,0.85,0.579
651,HD 128717 b,12.1,6293.0024586,3420.0,,4.85,,0.85,6210.0,1.248,19.5
652,HD 129445 b,13.3,797.74930157,1840.0,,2.9,,0.7,5646.0,1.175816,1.86
653,HD 130322 b,13.7,365.49,10.70871,720.0,0.0925,,0.029,5387.0,0.85,0.781
654,HD 131496 b,13.4,572.094,896.0,,2.01,,0.181,4846.0,4.44,1.31
655,HD 13167 b,13.1,1052.0173,2613.0,,4.1,,0.563,5671.0,2.39,2.57
656,HD 13189 b,12.4,3480.2385,471.60001,,1.25,,0.27,4175.0,38.41,10.0
657,HD 132406 b,12.8,1887.90073758,908.0,,1.98,,0.25,5766.0,1.34,4.95
658,HD 132563 b,13.6,473.547,1544.0,,2.62,,0.22,6289.0,1.29577,1.03
659,HD 133131 A b,13.6,451.3186,649.0,,1.44,,0.33,5799.0,0.955014,0.986
660,HD 133131 A c,14.3,133.4886,3568.0,,4.49,,0.49,5799.0,0.955014,0.251
661,HD 133131 B b,13.3,794.575,5769.0,,6.15,,0.61,5805.0,0.989538,1.86
662,HD 134060 b,3.16,10.1,3.2696,,0.0444,,0.45,5966.0,1.164285,1.76
663,HD 134060 c,5.91,29.29,1291.5646,,2.3928,,0.11,5966.0,1.164285,0.78
664,HD 134606 b,2.97,9.09,12.089,,0.1046,,0.092,5576.0,1.158,1.91
665,HD 134606 c,3.37,11.31,58.883,,0.3007,,0.055,5576.0,1.158,1.62
666,HD 134606 d,7.59,44.8,966.5,,1.941,,0.092,5576.0,1.158,0.563
667,HD 134606 e,1.33,2.34,4.3203,,0.0527,,0.2,5576.0,1.158,5.47
668,HD 134606 f,2.24,5.63,26.915,,0.1784,,0.081,5576.0,1.158,2.75
669,HD 134987 b,13.5,511.7063,258.17999,,0.81,,0.23,5736.0,1.22,1.14
670,HD 134987 c,13.9,260.0,5000.0,,5.8,,0.12,5585.0,1.25,0.532
671,HD 135344 A b,16.25302201,3178.28407,,1585.0,16.5,,0.5,9540.0,1.5,4.07
672,HD 135625 b,13.3,731.0053361,4055.0,,5.4,,0.16,6040.64,1.35743,1.71
673,HD 135694 b,2.857,6.1,15.923475568,750.83,0.124695,71.8,0.0,5712.0,1.08,2.05
674,HD 135872 b,12.8,1744.56012602,2422.32597,,4.172,,0.164,4992.0,3.93038,4.57
675,HD 136118 b,12.3,4164.18778851,1187.59765,,2.327,,0.344,6097.0,1.67754,12.3
676,HD 136352 b,1.664,4.72,11.57797,905.0,0.0964,111.6,0.0,5664.0,1.058,5.623888
677,HD 136352 c,2.916,11.24,27.59221,677.0,0.1721,35.1,0.0,5664.0,1.058,2.497668
678,HD 136352 d,2.562,8.82,107.245,431.0,0.425,5.74,0.0,5664.0,1.058,2.878108
679,HD 136418 b,13.3,680.1562,464.29999,,1.29,,0.25,4989.0,3.78,1.59
680,HD 136925 b,13.9,266.97586188,4540.0,,5.13,,0.103,5773.19,1.193078,0.546
681,HD 13724 c,8.18,50.85254512,142.22895,,0.534,,0.651,5835.31,1.04198,0.511
682,HD 137388 b,9.32,63.566,330.0,,0.89,,0.36,5181.0,0.88,0.431
683,HD 137496 b,1.31,4.04,1.62116,2130.0,0.02732,,0.0,5799.0,1.59,10.49
684,HD 137496 c,12.6,2434.56559762,479.9,370.0,1.2163,,0.477,5799.0,1.59,6.69
685,HD 13808 b,3.35,11.2,14.1815,,0.10519,,0.071,5035.0,0.781,1.64
686,HD 13808 c,3.13,9.96,53.753,,0.2554,,0.156,5035.0,0.781,1.78
687,HD 13908 b,13.9,274.91,19.382,,0.154,,0.02,6255.0,1.67,0.562
688,HD 13908 c,12.8,1630.4,931.0,,2.03,,0.12,6255.0,1.67,4.27
689,HD 13931 b,13.2,889.9195396,4218.0,,5.15,,0.02,5867.0,1.25,2.13
690,HD 139357 b,12.1,6315.5682755,1124.79139,,2.949,,0.099,4700.0,11.47,19.6
691,HD 1397 b,11.500434,131.89945,11.53533,1228.3,0.1097,356.0,0.251,5521.0,2.336,0.477
692,HD 14067 b,12.2,4862.7746271,2744.0,,5.15,,0.65,4815.0,12.4,14.7
693,HD 140901 b,4.07,15.57359194,9.02378,,0.085,,0.472,5610.0,0.95,1.27
694,HD 140901 c,13.4,572.0911326,14386.0,,11.8,,0.77,5610.0,0.95,1.31
695,HD 141004 b,3.77,13.63483866,15.5083,,0.1238,,0.16,5885.38,1.389372,1.4
696,HD 141399 b,14.3,143.34133,94.44,,0.415,,0.04,5600.0,1.387236,0.269
697,HD 141399 c,13.6,422.7139,201.99,,0.689,,0.048,5600.0,1.387236,0.923
698,HD 141399 d,13.7,375.0394,1069.8,,2.09,,0.074,5600.0,1.387236,0.801
699,HD 141399 e,14.1,209.7678,5000.0,,5.0,,0.26,5600.0,1.387236,0.411
700,HD 141937 b,11.9,8714.85491994,653.21997,,1.5,,0.41,5870.0,1.03,28.4
701,HD 142 A d,10.9,82.63538582,108.45299,,0.474,,0.13,6245.0,1.47,0.351
702,HD 142 b,12.7,2256.5816897,351.43394,,1.039,,0.158,6245.0,1.47,6.05
703,HD 142 c,12.4,3464.64746471,10159.64279,,9.811,,0.277,6245.0,1.47,9.99
704,HD 142022 A b,12.9,1433.40611557,1928.0,,2.93,,0.53,5421.0,1.04,3.67
705,HD 142245 b,13.1,975.7381,1299.0,,2.78,,0.0,4922.0,4.63,2.39
706,HD 142415 b,13.5,530.7761,386.29999,,1.06,,0.5,5940.0,1.04,1.19
707,HD 143105 b,13.7,384.5743,2.1974,,0.0379,,0.07,6380.0,1.647304,0.822
708,HD 143361 b,12.9,1382.55357045,1039.15,,1.988,,0.197,5507.0,0.916,3.54
709,HD 143811 AB b,15.69257298,1938.7532827,117000.0,1042.0,63.0,,0.19,6791.0,1.68398,2.76
710,HD 144899 b,4.77,20.34101805,40.43914,,0.242,,0.821,6126.0,1.64802,1.03
711,HD 145377 b,12.8,1913.3366,103.95,,0.45,,0.31,6014.0,1.05,5.01
712,HD 145457 b,13.2,888.01256916,176.13,,0.762,,0.111,4757.0,9.9,2.12
713,HD 145675 c,12.6,2510.8444153,15732.45889,,20.0,,0.52,5338.0,0.93,6.9
714,HD 145934 b,13.4,658.5404593,2751.53433,,4.89,,0.078,4823.75,6.930587,1.5
715,HD 1461 b,2.42,6.44,5.77152,,0.0634,,0.172,5765.0,1.152288,2.5
716,HD 1461 c,2.23,5.59,13.5052,,0.1117,,0.305,5765.0,1.152288,2.77
717,HD 147018 b,13.4,674.0,44.236,,0.2388,,0.4686,5441.0,0.937948,1.54
718,HD 147018 c,12.7,2080.0,1008.0,,1.922,,0.133,5441.0,0.937948,5.58
719,HD 147379 b,4.94,21.6,86.58,,0.3193,,0.063,4090.0,0.628304,0.985
720,HD 147513 b,13.7,385.0,528.4,,1.32,,0.26,5883.0,0.98,0.823
721,HD 14787 b,13.7,356.28743,676.6,,1.7,,0.155,4946.0,5.01,0.761
722,HD 147873 b,12.8,1633.6462,116.596,,0.522,,0.207,5972.0,2.29,4.28
723,HD 147873 c,13.3,731.009,491.54,,1.36,,0.23,5972.0,2.29,1.71
724,HD 148156 b,13.9,270.144,1027.0,,2.45,,0.52,6308.0,1.21,0.553
725,HD 148164 b,13.7,390.9309,328.55,,0.993,,0.587,6032.0,1.34,0.835
726,HD 148164 c,12.8,1640.0028,5062.0,,6.15,,0.125,6032.0,1.34,4.3
727,HD 149026 b,8.29466,120.7754,2.87589,1626.0,0.04364,1095.91,0.0,6179.0,1.41,0.75
728,HD 149143 b,13.6,422.7139,4.07182,,0.053,,0.0167,5856.0,1.44,0.923
729,HD 149806 b,12.3,4003.68444298,16521.52778,,12.404,,0.357,5352.05,0.89,11.8
730,HD 150010 b,13.3,762.7881768,562.0,,1.4,,0.2,4153.0,16.2,1.78
731,HD 1502 b,13.2,874.0325,428.5,,1.262,,0.031,4947.0,4.67,2.09
732,HD 150706 b,13.3,772.32302901,5894.0,,6.7,,0.38,5961.0,0.96,1.8
733,HD 151450 b,6.94,38.45723725,21.89288,,0.16,,0.496,6091.98,1.17184,0.632
734,HD 151450 c,12.8,1636.18063924,18144.76236,,14.131,,0.138,6091.98,1.17184,4.29
735,HD 152079 b,13.2,845.74563,2918.92,,4.187,,0.532,5907.0,1.128,2.02
736,HD 152581 b,13.4,594.02427,686.5,,1.66,,0.04,5027.0,5.14,1.36
737,HD 152843 b,3.05,9.82,11.62071,1003.11,0.1049,265.4,0.046,6310.0,1.43,1.9
738,HD 152843 c,5.94,9.67,19.502104,253.08,0.1482,133.1,0.074,6310.0,1.43,0.253
739,HD 15337 b,1.77,6.519,4.7559804,1001.0,0.05245,404.5595,0.058,5131.0,0.855,6.458
740,HD 15337 c,2.526,6.792,17.180546,656.1,0.1235,45.0685,0.096,5131.0,0.855,2.303
741,HD 153557 b,4.77,20.34101805,7.29903,,0.068,,0.065,4837.0,0.745171,1.03
742,HD 153557 c,4.36,17.48056238,15.27018,,0.111,,0.511,4837.0,0.745171,1.16
743,HD 153557 d,11.9,8725.66108578,40654.64809,,21.449,,0.152,4837.0,0.745171,28.5
744,HD 153950 b,13.2,937.5985,499.39999,,1.28,,0.34,6124.0,1.28,2.24
745,HD 154088 b,2.46,6.6,18.56,,0.134,,0.344,5374.0,0.95,2.44
746,HD 154345 b,13.7,376.9444907,3280.0,,4.158,,0.058,5468.0,0.85,0.806
747,HD 154391 b,12.5,2892.2385037,5163.0,,7.46,,0.2,4909.0,8.56,8.14
748,HD 154672 b,12.8,1706.7471,163.94,,0.6,,0.61,5743.0,1.32,4.47
749,HD 154857 b,13.3,778.6835,408.60001,,1.29,,0.46,5589.0,2.3,1.82
750,HD 154857 c,13.2,819.97,3452.0,,5.36,,0.06,5605.0,1.76,1.96
751,HD 155193 b,14.0,238.37130525,352.65,,1.04,,0.21,6239.0,1.76439,0.477
752,HD 155358 b,13.8,314.6517,194.3,,0.63,,0.17,5905.0,1.38,0.658
753,HD 155358 c,13.9,261.0,391.9,,1.02,,0.16,5900.0,1.38,0.534
754,HD 155918 b,2.67,7.62788177,1.87567,,0.03,,0.194,5771.84,1.01906,2.2
755,HD 155918 c,12.8,1878.04805696,17202.19446,,13.183,,0.071,5771.84,1.01906,4.92
756,HD 156098 b,4.12,15.89142035,21.85849,,0.167,,0.109,6419.19,2.75716,1.25
757,HD 156098 c,12.8,1661.6069118,7841.5839,,8.415,,0.391,6419.19,2.75716,4.35
758,HD 156279 b,12.5,2997.75753482,133.40355,,0.502,,0.647,5453.0,0.95,8.43
759,HD 156279 c,12.5,3098.82696825,4818.25358,,5.486,,0.261,5453.0,0.95,8.72
760,HD 156411 b,14.0,235.18,842.2,,1.88,,0.22,5900.0,2.16,0.471
761,HD 156668 b,1.87,4.15,4.6455,,0.05,,0.0,4850.0,0.72,3.49
762,HD 156668 c,6.17,31.49679513,811.3,,1.57,,0.089,4903.69,0.774528,0.737
763,HD 156846 b,12.4,3391.2461,359.51001,,1.12,,0.85,6090.0,1.9,9.77
764,HD 158038 b,13.5,486.2799,521.0,,1.5,,0.29,4860.0,4.5,1.09
765,HD 158259 b,1.28228,2.22,2.178,1462.0,,759.183,,5801.89,1.21,6.12
766,HD 158259 c,2.23,5.6,3.432,,,,,5801.89,1.21,2.77
767,HD 158259 d,2.18,5.41,5.1980814,,,,,5801.89,1.21,2.87
768,HD 158259 e,2.34,6.08,7.951,,,,,5801.89,1.21,2.61
769,HD 158259 f,2.35,6.14,12.028,,,,,5801.89,1.21,2.6
770,HD 158996 b,12.3,4449.62,820.2,,2.1,,0.13,4069.0,50.3,13.1
771,HD 15906 b,2.24,5.65,10.924709,668.0,0.09,33.14,0.11,4757.0,0.762,2.76
772,HD 15906 c,2.93,8.91,21.583298,532.0,0.141,13.37,0.04,4757.0,0.762,1.95
773,HD 159243 b,13.7,359.13,12.62,,0.11,,0.02,6123.0,1.12,0.767
774,HD 159243 c,13.4,603.9,248.4,,0.8,,0.075,6123.0,1.12,1.38
775,HD 159868 b,13.3,704.94694,1184.1,,2.32,,0.024,5534.0,2.13,1.65
776,HD 159868 c,14.0,244.09344,351.0,,1.032,,0.184,5534.0,2.13,0.489
777,HD 1605 b,13.8,296.85322,577.2,,1.492,,0.095,4915.0,3.49,0.621
778,HD 1605 c,13.0,1150.5446,2149.0,,3.584,,0.099,4915.0,3.49,2.88
779,HD 160691 b,,1366.6621501,645.0,,1.5,,0.0505,5773.0,1.33,
780,HD 160691 c,,1398.4449908,3947.0,,4.17,,0.039,5773.0,1.33,
781,HD 160691 d,3.23,10.49,9.6392,900.0,0.0952,,0.0,5773.0,1.33,1.71
782,HD 160691 e,,2224.798849,307.9,,0.96,,0.0666,5773.0,1.33,
783,HD 161178 b,14.1,181.16219199,279.3,,0.85,,0.044,4786.0,10.95,0.355
784,HD 16141 b,10.9,82.6358,75.523,,0.36,,0.25,5757.0,1.48,0.351
785,HD 16175 b,12.8,1875.1876013,990.0,,2.12,,0.6,5981.0,1.72,4.91
786,HD 162020 b,12.5,3127.4472,8.4282,650.0,0.08,,0.28,4723.0,0.75,8.8
787,HD 163607 b,13.9,249.051588,75.2203,,0.362,,0.7441,5522.0,1.76,0.51
788,HD 163607 c,13.3,699.54383,1272.0,,2.39,,0.08,5522.0,1.76,1.63
789,HD 16417 b,5.0,22.1,17.24,,0.14,,0.2,5841.0,1.639984,0.972
790,HD 164509 b,14.3,140.79869,280.17,,0.87,,0.238,5859.0,1.11,0.265
791,HD 164595 b,4.16,16.14,40.0,,0.23,,0.088,5790.0,1.023606,1.23
792,HD 164604 b,12.3,4195.3349724,653.9,,1.362,,0.479,4663.0,0.78,12.4
793,HD 164604 c,12.5,3019.3698665,5387.0,,5.556,,0.196,4663.0,0.78,8.49
794,HD 164922 b,13.3,116.0,1207.0,159.4,2.16,0.1578,0.08,5390.0,0.946,0.271
795,HD 164922 c,3.66,13.0,75.74,400.5,0.341,6.29,0.12,5390.0,0.946,1.46
796,HD 164922 d,1.83,4.0,12.458,,0.103,,0.12,5390.0,0.946,3.59
797,HD 164922 e,3.23,10.52012027,41.763,,0.2292,,0.086,5393.43,1.001813,1.72
798,HD 165131 b,12.1,5943.3912109,2342.6,,3.54,,0.6708,5870.0,1.06419,18.4
799,HD 165155 b,13.2,918.5287,434.5,,1.13,,0.2,5426.0,0.95,2.19
800,HD 1666 b,12.7,2040.0,270.0,,0.94,,0.63,6317.0,1.93,5.47
801,HD 166724 b,13.0,1207.7479466,5144.0,,5.42,,0.734,5127.0,0.797485,3.02
802,HD 167042 b,13.6,444.00628458,417.67,,1.22,,0.01,4919.0,4.63,0.97
803,HD 167677 b,13.2,905.81095995,1820.0,,2.877,,0.182,5474.0,0.95271,2.16
804,HD 167768 b,13.9,270.15414595,20.6532,,0.1512,,0.149,4851.0,9.7,0.553
805,HD 168009 b,3.05,9.53485221,15.1479,,0.1192,,0.12,5778.33,1.209505,1.85
806,HD 168443 b,12.6,2424.3950886,58.11187,,0.292,,0.53,5491.0,1.711479,6.66
807,HD 168443 c,12.2,5500.33841154,1753.1096,,2.842,,0.21,5491.0,1.711479,16.6
808,HD 168746 b,11.1,85.8141,6.404,900.0,0.07,,0.11,5570.0,1.09,0.345
809,HD 168863 b,12.7,2154.87659946,14773.93272,,10.961,,0.187,4905.0,0.777826,5.78
810,HD 1690 b,12.5,2793.7257,533.0,,1.36,,0.64,4374.0,21.66,7.86
811,HD 16905 b,12.4,3591.4609991,10256.0,,8.8,,0.68,4866.12,0.77494,10.4
812,HD 169142 b,13.1,953.485221,,,37.2,,,7246.0,1.53702,2.33
813,HD 169830 b,13.2,804.42369812,225.67372,345.0,0.765,,0.294,6300.0,1.935709,1.92
814,HD 169830 c,12.6,2437.42605328,1818.82339,,3.075,,0.246,6300.0,1.935709,6.7
815,HD 170469 b,14.1,209.7678,1145.0,,2.24,,0.11,5842.0,1.24,0.411
816,HD 17092 b,12.5,3219.6179,359.89999,,1.31,,0.17,4326.0,13.58,9.06
817,HD 171028 b,13.2,832.7146,550.0,,1.32,,0.59,5671.0,2.47,1.99
818,HD 171238 b,12.5,2796.8899816,1515.0,,2.518,,0.358,5467.0,1.01,7.87
819,HD 17156 b,12.26262489,1036.12060682,21.2164294,888.0,0.1632,68.8,0.6772,6046.0,1.517,3.08
820,HD 173416 b,13.4,585.12209729,322.03,,1.158,,0.208,4683.0,13.5,1.34
821,HD 174205 b,13.0,1334.8793094,582.0,,1.7,,0.4,4308.0,26.6,3.34
822,HD 175167 b,12.3,4703.8604236,1175.0,,2.4,,0.51,5635.0,1.75,13.9
823,HD 175541 b,14.1,190.06234,298.43,,0.975,,0.11,5013.0,4.19,0.373
824,HD 175607 b,,2456.1779293,29.01,,,,0.11,5392.0,0.7,
825,HD 17674 b,13.9,276.5121,623.8,,1.42,,0.13,5904.0,1.18,0.566
826,HD 176986 b,,1487.75477317,6.49164,767.0,0.062956,81.7,0.066,4931.0,0.782,
827,HD 176986 c,,2097.98531461,16.8124,558.0,0.11873,22.9,0.111,4931.0,0.782,
828,HD 176986 d,2.49,6.76,61.376,363.0,0.28149,4.09,,4931.0,0.782,2.41
829,HD 177565 b,4.0,15.1,44.505,,0.246,,0.0593,5627.0,0.971489,1.3
830,HD 177830 b,13.5,537.1327,410.10001,,1.14,,0.1,4901.0,3.26,1.2
831,HD 177830 c,7.87,47.6725,110.9,,0.5137,,0.3,4949.0,2.62,0.537
832,HD 178911 B b,12.6,2552.1749,71.484,,0.34,,0.11,5588.0,1.08,7.01
833,HD 179079 b,,4195.3349724,14.479,,0.1214,,0.049,5646.0,1.63,
834,HD 179949 b,13.9,291.12,3.092514,,0.0443,,0.022,6168.0,1.266865,0.596
835,HD 180053 b,13.3,697.31902,213.72,,0.843,,0.081,5131.0,4.06,1.63
836,HD 18015 b,13.1,1048.8337431,2278.0,,3.87,,0.148,5603.0,3.13,2.56
837,HD 180314 b,12.0,7216.92963775,394.73,,1.448,,0.247,4917.0,9.2,22.9
838,HD 180617 b,3.53,12.214,105.911,,0.343,,0.101,3534.0,0.481,1.53
839,HD 180902 b,13.5,535.54355,510.9,,1.4,,0.107,4961.0,4.16,1.2
840,HD 181234 b,12.5,2980.91262925,7593.40512,,7.427,,0.726,5386.0,1.059423,8.39
841,HD 181342 b,13.2,807.2882,564.1,,1.592,,0.022,4945.0,4.71,1.93
842,HD 18143 b,3.28,10.80616584,10.2851,,0.088,,0.224,5078.0,0.87,1.68
843,HD 18143 c,12.5,3177.64841319,28982.41764,,17.53,,0.194,5078.0,0.87,8.94
844,HD 181433 b,,1708.64551603,9.3745,,0.0828,,0.396,4918.0,0.79,
845,HD 181433 c,,2207.00045821,1018.5,,1.885,,0.2402,4918.0,0.79,
846,HD 181433 d,13.2,858.1366989,6896.1,,6.74,,0.444,4918.0,0.79,2.05
847,HD 181720 b,14.0,127.132,956.0,,1.85,,0.26,5736.0,1.5,0.255
848,HD 183263 b,13.1,1103.1824007,624.87404,,1.46,,0.383,5948.0,1.23,2.7
849,HD 183263 c,12.5,2958.98246917,4667.97841,,5.585,,0.051,5948.0,1.23,8.32
850,HD 183579 b,3.49,20.4,17.471291,752.0,0.1322,58.1,0.061,5784.0,0.96,2.65
851,HD 184010 b,12.1,98.52680617,286.6,,0.94,,0.0,4971.0,4.86,0.306
852,HD 184010 c,11.8,95.3485221,484.3,,1.334,,0.0,4971.0,4.86,0.319
853,HD 184010 d,14.3,143.02278315,836.4,,1.92,,0.0,4971.0,4.86,0.269
854,HD 18438 b,12.1,6674.396547,803.0,,2.1,,0.1,3860.0,88.475,20.7
855,HD 185269 b,13.8,321.0083,6.83776,,0.077,,0.229,5923.0,2.0,0.671
856,HD 185283 b,13.6,413.1769291,4060.0,,4.6,,0.07,4848.0,0.743303,0.903
857,HD 18599 b,2.6,24.1,4.1374354,863.0,0.048,145.0,0.34,5145.0,0.767,7.5
858,HD 187085 b,13.9,265.70588,1019.74,,2.1,,0.251,6117.0,1.27,0.544
859,HD 187123 b,14.2,166.218,3.0965828,,0.0426,,0.0103,5790.0,1.15043,0.319
860,HD 187123 c,13.2,912.16752809,3810.0,,4.89,,0.252,5790.0,1.15043,2.18
861,HD 18742 b,13.1,1080.622,766.0,,1.82,,0.04,4940.0,5.13,2.64
862,HD 188015 b,13.6,476.72,461.2,,1.203,,0.137,5746.0,1.125296,1.04
863,HD 188641 b,11.9,9333.03117155,14583.81038,,12.027,,0.034,5897.32,1.94492,30.4
864,HD 189567 b,2.85,8.5,14.288,,0.111,,0.189,5726.0,1.04,2.02
865,HD 189567 c,2.54,7.0,33.688,,0.197,,0.16,5726.0,1.04,2.35
866,HD 189733 b,12.66617,359.1479,2.21857567,1209.0,0.03126,356.0,0.0,5052.0,0.75,0.943
867,HD 190007 b,4.06,15.5,11.724128,,0.092,,0.136,4610.0,0.79,1.27
868,HD 190228 b,12.9,1598.67688721,1143.59858,,2.406,,0.559,5360.0,2.58658,4.09
869,HD 190360 b,13.5,533.95172376,2892.0,150.0,3.963,,0.3184,5552.0,1.201,1.19
870,HD 190360 c,5.44,25.42627256,17.1173,,0.1296,,0.165,5552.0,1.201,0.868
871,HD 190647 b,13.4,630.89255,1176.45,,2.231,,0.224,5656.0,1.376,1.44
872,HD 190984 b,13.0,1137.82569706,4885.0,,5.5,,0.57,5988.0,1.53,2.85
873,HD 191806 b,12.5,2966.61035094,1603.38923,,2.749,,0.213,6010.0,1.40223,8.35
874,HD 191939 b,3.41,10.0,8.8803256,880.0,0.0804,100.0,0.031,5348.0,0.94,1.4
875,HD 191939 c,3.195,8.0,28.579743,600.0,0.1752,21.0,0.034,5348.0,0.94,1.35
876,HD 191939 d,2.995,2.8,38.353037,540.0,0.2132,14.3,0.031,5348.0,0.94,0.57
877,HD 191939 e,13.0,112.2,101.12,390.0,0.407,3.9,0.031,5348.0,0.94,0.281
878,HD 191939 f,13.2,915.34581216,2898.0,125.0,3.71,,0.0,5348.0,0.94,2.19
879,HD 191939 g,3.74,13.5,284.0,278.0,0.812,0.99,0.03,5348.0,0.94,1.42
880,HD 192263 b,14.2,177.9848,24.3556,486.0,0.15,,0.05,4976.0,0.74,0.342
881,HD 192310 b,4.27,16.9,74.72,355.0,0.32,,0.13,5166.0,0.857922,1.19
882,HD 192310 c,5.25,24.0,525.8,185.0,1.18,,0.32,5166.0,0.857922,0.911
883,HD 192699 b,13.4,666.17168,340.94,,1.063,,0.082,5041.0,4.41,1.52
884,HD 194490 b,12.4,3561.90295725,13092.18348,,11.116,,0.251,5861.32,1.14911,10.3
885,HD 195019 b,13.0,1264.9634,18.20132,,0.14,,0.01,5751.0,1.48,3.16
886,HD 196050 b,12.9,1493.7935129,1392.0,,2.65,,0.2,5879.0,1.42,3.82
887,HD 196067 b,12.4,3623.2438398,3413.7,,4.71,,0.56292,6072.0,1.71,10.4
888,HD 196067 c,3.21,10.4,4.601088,,,,0.235,6072.0,1.71,1.73
889,HD 19615 b,12.6,2701.5414595,402.0,,1.1,,0.2,4263.0,32.3,7.42
890,HD 196885 A b,13.2,819.97,1333.0,,2.37,,0.48,6254.0,1.31,1.96
891,HD 197037 b,13.9,251.0,1035.7,,2.07,,0.22,6150.0,1.105,0.514
892,HD 199509 b,7.43,43.22466335,99.62167,,0.426,,0.373,5796.02,0.92,0.579
893,HD 19994 b,13.6,435.41,466.2,,1.305,,0.063,6188.0,1.79647,0.951
894,HD 20003 b,3.43,11.66,11.8482,,0.0974,,0.36,5494.0,0.921637,1.59
895,HD 20003 c,3.89,14.44,33.9239,,0.1964,,0.1,5494.0,0.921637,1.35
896,HD 200964 b,13.5,508.21017,606.3,,1.565,,0.087,4982.0,4.92,1.14
897,HD 200964 c,13.7,385.84562,852.5,,1.96,,0.243,4982.0,4.92,0.825
898,HD 202206 c,12.2,5689.157,1260.0,,2.41,,0.22,5766.0,1.04,17.2
899,HD 202696 b,,634.38868,517.8,,1.566,,0.011,5040.0,6.43,
900,HD 202696 c,,592.43512,946.6,,2.342,,0.028,5040.0,6.43,
901,HD 202772 A b,17.317905,323.23311,3.308958,2132.0,0.05208,3440.0,0.038,6272.0,2.591,0.343
902,HD 203030 b,14.4595851,3496.112477,,1040.0,487.1,,,5603.0,0.856458,6.35
903,HD 20329 b,1.72,7.42,0.926118,2141.0,0.018,3474.0,0.0,5596.0,1.13,8.06
904,HD 203387 b,13.1,1106.04285636,512.5352,,1.771,,0.732,5174.32,10.5852,2.7
905,HD 203387 c,12.6,2378.9456264,2481.07227,,5.067,,0.202,5174.32,10.5852,6.53
906,HD 2039 b,12.7,1999.1507,1120.0,,2.2,,0.71,5945.0,1.19,5.36
907,HD 204313 b,12.9,1466.7780983,2041.11539,,3.185,,0.1,5767.0,1.1,3.75
908,HD 204313 c,4.31,17.16273398,34.95875,,0.211,,0.059,5767.0,1.1,1.18
909,HD 204313 e,12.2,4868.17771002,7325.64666,,7.457,,0.253,5767.0,1.1,14.7
910,HD 204941 b,10.1,73.1009,1733.0,,2.55,,0.37,5026.0,0.78,0.39
911,HD 205158 b,13.9,124.58873554,25.33798,,0.177,,0.145,6133.55,1.87741,0.255
912,HD 205739 b,13.6,435.41,279.8,,0.896,,0.27,6176.0,1.33,0.951
913,HD 206255 b,6.47,34.2,96.045,,0.461,,0.23,5635.0,2.221489,0.694
914,HD 206610 b,13.4,647.10188,673.2,,1.74,,0.1,4842.0,6.12,1.48
915,HD 206893 b,14.01122587,8899.195396,9350.0,1429.2,9.6,,0.14,6500.0,1.31116,17.8
916,HD 206893 c,16.36511182,4036.4207689,2090.0,1181.9,3.53,,0.41,6500.0,1.31116,5.06
917,HD 207496 b,2.25,6.1,6.441008,743.0,0.0629,72.9,0.231,4819.0,0.769,3.17
918,HD 20781 b,1.21,1.93,5.3135,,0.0529,,0.1,5256.0,0.833609,5.99
919,HD 20781 c,2.17,5.33,13.8905,,0.1004,,0.09,5256.0,0.833609,2.87
920,HD 20781 d,3.25,10.61,29.158,,0.1647,,0.11,5256.0,0.833609,1.7
921,HD 20781 e,3.83,14.03,85.5073,,0.3374,,0.06,5256.0,0.833609,1.37
922,HD 20782 b,13.6,472.83,597.0643,,1.3649,,0.95,5782.13,1.12681,1.03
923,HD 207832 b,14.2,177.9848,160.07,,0.586,,0.197,5726.0,0.89,0.342
924,HD 207832 c,14.0,232.0159,1155.7,,2.112,,0.27,5710.0,0.901,0.465
925,HD 207897 b,2.34302132,14.8,16.20166,581.75,0.117,26.5,0.0,5106.0,0.7827,6.29
926,HD 20794 b,1.45,2.7,18.314,660.0,0.1257,,0.064,5368.0,0.93,4.87
927,HD 20794 d,2.04,4.8,89.68,388.0,0.3625,,0.077,5368.0,0.93,3.11
928,HD 20794 e,2.03,4.77,147.02,,0.509,,0.29,5401.0,0.93,3.13
929,HD 20794 f,2.28,5.82,647.6,,1.3541,,0.45,5368.0,0.93,2.7
930,HD 208487 b,14.3,146.20106722,129.36,,0.53,,0.37,6134.0,1.16,0.275
931,HD 208527 b,12.5,3146.4,875.5,,2.1,,0.08,4035.0,51.1,8.85
932,HD 20868 b,13.7,397.2875,380.85001,,0.95,,0.75,4802.0,0.76,0.849
933,HD 208897 b,,,,,,,,,,
934,HD 209458 b,15.58051,232.0159,3.52474859,1459.0,0.04707,587.098,0.0,6091.0,1.19,0.362
935,HD 210193 b,14.3,153.1,649.918,,1.487,,0.24,5790.0,1.05971,0.288
936,HD 210277 b,13.6,410.0007,442.19,,1.13,,0.48,5538.0,1.07,0.896
937,HD 210702 b,13.6,481.5100366,355.5,,1.079,,0.071,4912.0,4.54,1.05
938,HD 211403 b,12.8,1760.76937478,223.8,380.0,0.768,3.44,0.084,6273.0,1.206,4.61
939,HD 211810 b,14.0,212.9461,1558.0,,2.656,,0.68,5652.0,1.13,0.426
940,HD 211970 b,3.66,13.0,25.201,,0.143,,0.15,4127.0,0.574175,1.46
941,HD 212301 b,14.2,162.0933,2.24571,,0.03,,0.0,6239.0,1.16,0.311
942,HD 212771 b,13.3,759.6137,380.7,,1.19,,0.076,5003.0,5.27,1.77
943,HD 213240 b,12.8,1655.88600047,882.70001,,1.89,,0.42,5979.0,1.51,4.34
944,HD 213472 b,13.1,1112.3994245,17000.0,,13.0,,0.53,5729.54,1.433902,2.72
945,HD 213519 b,2.99,9.2170238,11.12214,,0.099,,0.413,5840.0,1.08287,1.89
946,HD 213885 b,1.745,8.83,1.008035,2128.0,0.02012,1882.94,0.0,5978.0,1.1011,9.15
947,HD 213885 c,4.71,19.95,4.78503,1265.4,0.056798,,0.0,5978.0,1.1011,1.05
948,HD 21411 b,9.52,65.9,84.288,,0.362,,0.4,5605.0,0.825605,0.42
949,HD 214823 b,12.1,5914.78665427,1854.84424,,3.08,,0.161,6215.0,2.04,18.3
950,HD 215152 b,,565.41673605,5.75999,,0.057638,,0.0,4935.0,0.73,
951,HD 215152 c,,468.79690033,7.28243,,0.067393,,0.0,4935.0,0.73,
952,HD 215152 d,,770.41605857,10.86499,,0.08799,,0.0,4935.0,0.73,
953,HD 215152 e,,975.41538108,25.1967,,0.15417,,0.0,4935.0,0.73,
954,HD 21520 b,2.697,17.7,25.1292,637.0,0.1726,25.7431,0.0,5871.0,1.044,1.35
955,HD 215497 b,,1588.82420659,3.93404,,0.05,,0.16,5110.0,0.85,
956,HD 215497 c,13.0,111.23994245,566.0,,1.31,,0.47,5113.0,0.85,0.278
957,HD 216435 b,13.7,400.4,1311.0,,2.56,,0.07,5999.0,1.800029,0.856
958,HD 216437 b,13.0,1334.8793094,1359.0,,2.57,,0.31,5909.0,1.394,3.34
959,HD 216520 b,3.18,10.26,35.45,,0.198,,0.09,5103.0,0.76,1.75
960,HD 216520 c,3.03,9.44,154.43,,0.528,,0.12,5103.0,0.76,1.86
961,HD 216536 b,13.8,333.7215,148.60001,,0.61,,0.38,4639.0,9.83,0.698
962,HD 216770 b,14.1,181.1631,118.45,,0.46,,0.37,5399.0,0.93,0.355
963,HD 21693 b,2.8,8.23,22.6786,,0.1455,,0.12,5430.0,0.914378,2.06
964,HD 21693 c,4.34,17.37,53.7357,,0.2586,,0.07,5430.0,0.914378,1.17
965,HD 217107 b,13.6,459.57987652,7.1270166,,0.07359,,0.1284,5622.0,1.2245,1.0
966,HD 217107 c,12.9,1388.91013859,5138.7,,5.922,,0.3918,5622.0,1.2245,3.56
967,HD 21749 c,0.892,3.7,7.78993,701.0,0.0695,305.9425,,4640.0,0.695,31.93
968,HD 217786 b,12.3,4402.55909376,1301.36009,,2.446,,0.311,5966.0,1.27,13.0
969,HD 217786 c,2.61,7.31005336,2.52221,,0.038,,0.399,5966.0,1.27,2.26
970,HD 217958 b,14.2,166.54208527,2560.19774,,3.758,,0.156,5930.64,1.32619,0.32
971,HD 218566 b,9.32,63.566,225.7,,0.69,,0.3,4730.0,0.85,0.431
972,HD 219077 b,12.5,3057.50927534,5478.68861,,5.935,,0.768,5362.0,1.91,8.6
973,HD 219134 b,1.602,4.74,3.092926,1015.0,0.03876,176.2,0.0,4699.0,0.778,6.34
974,HD 219134 c,1.511,4.36,6.76458,782.0,0.0653,62.1,0.062,4699.0,0.778,6.95
975,HD 219134 d,1.61,16.17,46.859,410.5,0.237,4.72,0.138,4699.0,0.778,
976,HD 219134 f,1.31,7.3,22.717,522.6,0.1463,12.38,0.148,4699.0,0.778,
977,HD 219134 g,3.28,10.80622,94.2,,0.3753,,0.0,4913.0,0.77,1.68
978,HD 219134 h,12.7,108.0622,2247.0,,3.11,,0.06,4913.0,0.77,0.29
979,HD 219139 b,14.0,247.90615746,275.5,,0.94,,0.11,4831.0,11.22,0.496
980,HD 219415 b,13.8,317.83,2093.3,,3.2,,0.4,4820.0,2.9,0.665
981,HD 219666 b,4.898,17.6,6.034468,1076.0,0.06356,598.4408,0.05,5540.0,1.059,0.87
982,HD 219828 b,4.59,19.06970442,3.83483,,0.049,,0.091,5891.0,1.56,1.08
983,HD 219828 c,12.2,5102.41724598,4789.87297,,5.657,,0.811,5891.0,1.56,15.4
984,HD 220074 b,12.2,5288.6912,672.09998,,1.6,,0.14,3787.0,54.92,16.0
985,HD 220197 b,9.32,63.566,1728.0,,2.729,,0.187,5683.0,0.98,0.431
986,HD 220689 b,13.7,381.3940884,2266.4,,3.396,,0.054,5921.0,1.068,0.815
987,HD 220773 b,13.6,460.8,3724.7,,4.94,,0.51,5940.0,1.679696,1.01
988,HD 220842 b,13.1,1010.6994,218.47,,0.74,,0.404,5960.0,1.41647,2.47
989,HD 221287 b,13.1,982.05,456.1,,1.25,,0.08,6304.0,1.13864,2.4
990,HD 221416 b,9.17,60.5,14.2767,1314.67,0.1228,495.9065,0.115,5080.0,2.943,0.431
991,HD 221420 b,12.0,7278.2705203,10090.0,,10.15,,0.14,5847.0,1.947,23.1
992,HD 221585 b,13.5,511.7063,1173.0,,2.306,,0.123,5620.0,1.850575,1.14
993,HD 222076 b,13.5,495.8148,871.0,,1.83,,0.08,4806.0,4.1,1.11
994,HD 222155 b,13.4,581.62598481,3999.0,,5.14,,0.16,5701.0,1.85,1.33
995,HD 222237 b,12.8,1649.52943233,14892.0,,10.8,,0.56,4751.0,0.71,4.32
996,HD 222582 b,12.6,2660.2371,572.38,,1.34,,0.73,5790.0,1.13,7.31
997,HD 224018 b,0.91,4.1,10.6413,968.0,0.0952,,0.06,5784.0,1.147,17.1
998,HD 224018 c,2.42,10.4,36.57669,641.0,0.217,,0.02,5784.0,1.147,4.0
999,HD 224018 d,2.4,4.2,138.0731,411.0,0.53,,0.04,5784.0,1.147,1.7
1000,HD 224538 b,12.7,2075.73732612,1202.05199,,2.375,,0.476,6097.0,1.54,5.57
1001,HD 224693 b,14.0,222.481,26.6904,,0.191,,0.104,5894.0,1.93,0.446
1002,HD 22496 b,2.22,5.57,5.09071,573.0,0.051,26.0,,4385.0,0.674,2.8
1003,HD 22532 b,13.4,673.79622284,872.6,,1.9,,0.03,5038.0,5.69,1.54
1004,HD 22781 b,12.3,4338.2,528.07,,1.167,,0.8191,5027.0,0.743475,12.8
1005,HD 22946 d,2.607,26.57,47.42489,546.0,0.2958,18.561,,6169.0,1.117,10.8
1006,HD 23079 b,13.2,845.42356262,735.74,,1.6,,0.07348,5994.0,1.08,2.02
1007,HD 23079 c,2.8,8.26,5.748913,,,,0.097,5994.0,1.08,2.07
1008,HD 23127 b,13.5,485.32641,1211.17,,2.37,,0.406,5843.0,1.49,1.08
1009,HD 231701 b,13.7,359.1479,141.63,,0.567,,0.13,6101.0,1.53,0.768
1010,HD 233604 b,12.7,2089.644,192.0,,0.747,,0.05,4791.0,10.9,5.61
1011,HD 233832 b,13.5,565.7374,2058.0,,2.827,,0.359,4981.0,0.68,1.26
1012,HD 23472 b,2.0,8.32,17.667087,543.0,0.1162,16.0,0.072,4684.0,0.71,6.15
1013,HD 23472 c,1.87,3.41,29.79749,467.0,0.1646,7.96,0.063,4684.0,0.71,3.1
1014,HD 23472 d,0.75,0.55,3.97664,909.0,0.04298,117.0,0.07,4684.0,0.71,7.5
1015,HD 23472 e,0.818,0.72,7.90754,723.0,0.068,46.7,0.07,4684.0,0.71,7.5
1016,HD 23472 f,1.137,0.77,12.1621839,630.0,0.0906,26.3,0.07,4684.0,0.71,3.0
1017,HD 235088 b,1.982,4.15,7.4341325,805.0,0.0706,70.0,0.0,5075.0,0.772,2.922216
1018,HD 23596 b,12.4,3786.607641,1535.11912,,2.694,,0.282,6040.0,1.53,10.9
1019,HD 238090 b,2.52,6.89,13.671,469.6,0.0932,8.1,0.3,3933.0,0.57,2.37
1020,HD 238914 b,12.8,1906.98,4100.0,,5.7,,0.56,4769.0,12.73,5.0
1021,HD 240210 b,12.8,1655.82,501.75,,1.16,,0.15,4297.0,25.456816,4.34
1022,HD 240237 b,12.2,5050.3187,745.70001,,1.92,,0.4,3926.0,71.23,15.3
1023,HD 24040 b,12.9,1589.142035,3668.0,,4.92,,0.04,5802.0,1.3,4.07
1024,HD 24040 c,9.35,63.88350981,515.4,,1.3,,0.11,5776.49,1.387296,0.429
1025,HD 24064 b,12.3,4096.8287,535.59998,,1.29,,0.35,4052.0,40.0,12.1
1026,HD 24085 b,3.46,11.8,2.0455,,0.034,,0.22,6034.0,1.412551,1.57
1027,HD 25015 b,12.5,2884.92845034,6134.427,,6.248,,0.341,5160.0,0.83,8.12
1028,HD 25171 b,13.9,290.81445,1802.29,,2.971,,0.042,6125.0,1.23,0.595
1029,HD 25463 b,2.54535814,8.7,7.0491423,1198.46,0.076,461.4,0.0,6353.0,1.4182,2.87
1030,HD 25463 c,1.36354953,4.3,3.04405,1585.57,0.0443,1413.5,0.0,6353.0,1.4182,9.09
1031,HD 25723 b,13.3,794.5710175,457.01,,1.49,,0.04,4766.0,13.76,1.86
1032,HD 25912 b,6.9,38.13940884,41.83156,,0.242,,0.05,5920.58,0.995896,0.638
1033,HD 25912 c,12.2,5252.75008249,26308.65619,,17.848,,0.051,5920.58,0.995896,15.9
1034,HD 260655 b,1.24,2.14,2.76953,709.0,0.02933,42.2,0.039,3803.0,0.439,6.2
1035,HD 260655 c,1.533,3.09,5.70588,557.0,0.04749,16.1,0.038,3803.0,0.439,4.7
1036,HD 26161 b,11.9,9045.39646322,10942.29013,,10.087,,0.922,6057.62,1.455981,29.5
1037,HD 2638 b,14.3,133.4886,3.4442,,0.04,,0.0,5186.0,0.94,0.251
1038,HD 2685 b,16.14096,371.8611,4.12688,2061.0,0.0568,1436.49,0.091,6801.0,1.56,0.486
1039,HD 27442 b,13.5,495.8,428.1,,1.271,,0.06,4846.0,3.18,1.11
1040,HD 27631 b,13.5,495.81231492,2198.14,,3.242,,0.141,5737.0,0.923,1.11
1041,HD 27894 b,14.1,196.73578393,18.01939,,0.125,,0.047,4875.0,0.891767,0.386
1042,HD 27894 c,8.24,51.48846,36.07,,0.198,,0.015,4875.0,0.891767,0.506
1043,HD 27894 d,12.7,2063.65984665,5019.54244,,5.362,,0.343,4875.0,0.891767,5.54
1044,HD 27969 b,12.9,1525.5763536,654.5,261.0,1.552,0.76,0.182,5966.0,1.27,3.91
1045,HD 28109 b,2.69,6.2,22.891054,867.0,0.1357,33.4501,0.0071,6189.0,1.425,1.8
1046,HD 28109 c,4.13,9.2,55.99712,643.0,0.308,29.9535,0.0039,6189.0,1.425,0.7
1047,HD 28109 d,3.11,5.8,84.2899,561.0,0.411,17.3745,0.0054,6189.0,1.425,1.1
1048,HD 28185 b,12.8,1859.29618095,385.92,,1.034,,0.063,5602.0,1.048,4.87
1049,HD 28185 c,12.8,1906.970442,9090.0,,8.5,,0.15,5602.0,1.048,5.0
1050,HD 28192 b,12.2,99.7981198,14.23283,,0.118,,0.104,5919.87,1.07094,0.302
1051,HD 28254 b,13.0,1207.7479466,1333.0,,2.45,,0.95,5664.0,1.48,3.02
1052,HD 284149 AB b,12.0,8352.53053596,,2395.0,431.16,,,6035.0,1.36,26.6
1053,HD 28471 b,1.75,3.72,3.1649,1377.0,0.042,,0.195,5766.0,1.08,3.81
1054,HD 28471 c,2.26,5.72,6.1245,1066.0,0.065,,0.088,5766.0,1.08,2.72
1055,HD 28471 d,2.06,4.91,11.681,945.0,0.1,,0.093,5766.0,1.08,3.09
1056,HD 285507 b,13.8,311.4734,6.0881,,0.06,,0.09,4503.0,0.69,0.651
1057,HD 285968 b,2.83,8.4,8.7836,450.0,0.066,,0.0,3703.49,0.478214,2.04
1058,HD 28678 b,13.5,490.09386,380.2,,1.18,,0.149,4972.0,6.48,1.09
1059,HD 29021 b,12.9,1420.69297929,1365.0,,2.294,,0.453,5560.0,0.85,3.64
1060,HD 290327 b,13.3,772.3269,2443.0,,3.43,,0.08,5505.0,0.95,1.8
1061,HD 29399 b,13.5,498.99059899,892.7,,1.913,,0.05,4845.0,4.5,1.11
1062,HD 2952 b,13.9,284.77425267,312.08,,1.117,,0.269,4853.0,10.9,0.583
1063,HD 29985 b,12.8,1739.47487151,20608.14049,,13.39,,0.261,4678.0,0.574666,4.56
1064,HD 30177 b,12.6,2670.71210402,2514.53422,,3.604,,0.207,5580.0,1.019,7.34
1065,HD 30177 c,12.7,1954.64470305,12085.45186,,10.258,,0.039,5580.0,1.019,5.24
1066,HD 30562 b,13.6,467.20775829,1157.0,,2.34,,0.76,5882.0,1.61,1.02
1067,HD 30669 b,14.3,149.37,1684.0,,2.69,,0.18,5400.0,0.91,0.281
1068,HD 30856 b,13.5,491.68301,847.0,,1.85,,0.061,4895.0,4.4,1.1
1069,HD 31253 b,14.1,197.0546,466.0,,1.26,,0.3,6130.0,1.75,0.386
1070,HD 31527 b,3.22,10.47,16.5535,,0.1254,,0.1,5898.0,1.073694,1.72
1071,HD 31527 c,3.85,14.16,51.2053,,0.2663,,0.04,5898.0,1.073694,1.36
1072,HD 31527 d,3.46,11.82,271.6737,,0.8098,,0.24,5898.0,1.073694,1.57
1073,HD 3167 b,1.67,4.97,0.959641,1774.0,0.01796,1650.0,0.0,5261.0,0.88,5.6
1074,HD 3167 c,3.0,11.13,29.8454,564.0,0.1776,16.9,0.06,5261.0,0.88,2.11
1075,HD 3167 d,1.92,4.33,8.4112,859.5,0.0763,88.9,0.12,5261.0,0.88,3.36
1076,HD 3167 e,2.83,8.41,96.63,374.8,0.3885,,0.15,5261.0,0.88,2.04
1077,HD 32518 b,13.2,905.49313154,157.35,,0.594,,0.028,4580.0,10.22,2.16
1078,HD 32963 b,13.4,657.90480249,2372.0,,3.41,,0.07,5727.0,1.111044,1.5
1079,HD 330075 b,14.3,152.5584,3.38773,990.0,0.04,,0.0,5000.0,0.84,0.287
1080,HD 331093 b,13.6,476.7426105,621.62,,1.44,,0.59,5544.0,1.1112,1.04
1081,HD 33142 b,13.7,400.46379282,330.0,,1.074,,0.049,5025.4,4.17,0.856
1082,HD 33142 c,13.9,282.86728223,810.2,,1.955,,0.081,5025.4,4.17,0.579
1083,HD 33142 d,9.32,63.5656814,89.9,,0.452,,0.191,5025.4,4.17,0.431
1084,HD 332231 b,9.07303305,74.1,18.712024,798.3,0.145,98.09,0.0,6128.0,1.266,0.55
1085,HD 33283 b,12.5,104.56607,18.1991,,0.1508,,0.399,5935.0,1.97,0.294
1086,HD 33564 b,12.5,2892.1,388.0,,1.1,,0.34,6250.0,1.4367,8.14
1087,HD 33844 b,13.4,638.8383,551.40002,,1.6,,0.15,4861.0,5.39,1.46
1088,HD 33844 c,13.5,556.2025,916.0,,2.24,,0.13,4861.0,5.29,1.24
1089,HD 34445 b,13.9,260.6206,1049.0,,2.07,,0.27,5879.0,1.38,0.533
1090,HD 34445 c,8.42,53.5,214.67,,0.7181,,0.036,5836.0,1.38,0.492
1091,HD 34445 d,6.07,30.7,117.87,,0.4817,,0.027,5836.0,1.38,0.754
1092,HD 34445 e,4.26,16.8,49.175,,0.2687,,0.09,5836.0,1.38,1.19
1093,HD 34445 f,6.88,37.9,676.8,,1.543,,0.031,5836.0,1.38,0.64
1094,HD 34445 g,13.6,120.6,5700.0,,6.36,,0.032,5836.0,1.38,0.263
1095,HD 35759 b,13.0,1195.0408,82.467,,0.389,,0.389,6060.0,1.759974,2.99
1096,HD 35843 b,2.29,5.84,9.8991,,0.088,,0.0,5666.0,0.897,2.67
1097,HD 35843 c,2.54,11.32,46.9622,479.0,0.25,11.3814,0.153,5666.0,0.897,3.8
1098,HD 360 b,14.0,238.37130525,273.1,,0.98,,0.139,4770.0,10.86,0.477
1099,HD 36384 b,12.7,2097.6674862,490.0,,1.3,,0.2,3940.0,38.4,5.63
1100,HD 3651 b,10.1,72.46524,62.25,,0.295,,0.645,5221.0,0.871954,0.386
1101,HD 37124 b,14.0,214.53525,154.378,,0.53364,,0.054,5698.64,0.949168,0.43
1102,HD 37124 c,14.1,207.22516,885.5,,1.71,,0.125,5698.64,0.949168,0.406
1103,HD 37124 d,14.0,221.20968,1862.0,,2.807,,0.16,5698.64,0.949168,0.443
1104,HD 37605 b,13.2,854.9627,55.01292,,0.277,,0.6745,5329.0,0.91,2.04
1105,HD 37605 c,13.1,1013.8777,2720.0,,3.74,,0.03,5329.0,0.91,2.48
1106,HD 3765 b,8.56,54.98431441,1211.0,,2.108,,0.298,5049.8,0.83061,0.482
1107,HD 38283 b,14.0,127.132,363.20001,,1.02,,0.41,5981.0,1.49,0.255
1108,HD 38529 b,14.1,206.58846455,14.3099,,0.115,,0.256,5697.0,2.857838,0.405
1109,HD 38529 c,12.5,3299.05886466,2127.60566,,3.226,,0.357,5697.0,2.857838,9.28
1110,HD 38801 b,12.5,3082.31534,685.25,,1.623,,0.017,5338.0,2.029,8.67
1111,HD 39091 b,12.3,4481.3805387,2088.8,,3.28,,0.642,5998.0,1.17,13.2
1112,HD 39194 b,1.99,4.62,5.63692,,0.05895,,0.101,5205.0,0.783742,3.22
1113,HD 39194 c,2.65,7.49,14.0309,,0.1083,,0.078,5205.0,0.783742,2.21
1114,HD 39194 d,2.12,5.16,33.874,,0.1949,,0.159,5205.0,0.783742,2.98
1115,HD 39855 b,2.85,8.5,3.2498,,0.041,,0.14,5576.0,0.744665,2.02
1116,HD 40307 b,,1188.99607059,4.3123,910.0,0.0468,,0.2,4956.0,0.716684,
1117,HD 40307 c,,1868.51320475,9.6184,696.0,0.0799,,0.06,4956.0,0.716684,
1118,HD 40307 d,,1775.3894815,20.432,541.0,0.1321,,0.07,4956.0,0.716684,
1119,HD 40307 f,2.13,5.2,51.76,398.0,0.247,,0.02,4956.0,0.716684,2.96
1120,HD 40307 g,2.56,7.1,197.8,255.0,0.6,,0.29,4956.0,0.716684,2.33
1121,HD 40956 b,13.2,858.141,578.6,,1.4,,0.24,4869.0,8.56,2.05
1122,HD 40979 b,12.9,1484.2661,264.14999,,0.85,,0.25,6165.0,1.21,3.8
1123,HD 41004 A b,13.2,807.25,963.0,,,,0.74,5310.0,0.85,1.93
1124,HD 41004 B b,12.1,5838.29,1.3283,,,,0.081,5036.0,1.04137,18.1
1125,HD 4113 b,13.5,541.26177712,526.5239,,1.28,,0.899,5688.0,1.077514,1.21
1126,HD 42012 b,13.5,508.528,857.5,,1.67,,0.2,5405.0,0.82,1.14
1127,HD 4203 b,13.3,708.7609,431.88,,1.17,,0.52,5596.0,1.42,1.66
1128,HD 4203 c,13.3,689.66,6700.0,,6.95,,0.24,5582.0,1.49795,1.61
1129,HD 4208 b,13.9,257.4423,832.97,,1.662,,0.042,5717.0,0.846,0.527
1130,HD 42618 b,3.89,14.4,149.61,337.0,0.554,3.16,0.19,5727.0,0.999,1.34
1131,HD 4308 b,4.12,15.8915,15.56,,0.12,,0.0,5686.0,1.02,1.25
1132,HD 4313 b,13.4,612.45841,356.21,,1.157,,0.147,4943.0,5.14,1.4
1133,HD 43197 b,14.2,175.75910907,308.92072,,0.882,,0.742,5508.0,1.0,0.337
1134,HD 43197 c,12.6,2500.67390628,9295.9735,,8.54,,0.149,5508.0,1.0,6.87
1135,HD 43691 b,13.2,810.4665,36.9987,,0.238,,0.0796,6093.0,1.6,1.94
1136,HD 44219 b,14.1,184.34047606,472.0,,1.26,,0.41,5752.0,1.32,0.361
1137,HD 45184 b,3.52,12.19,5.8854,,0.0644,,0.07,5869.0,1.075139,1.54
1138,HD 45184 c,2.91,8.81,13.1354,,0.11,,0.07,5869.0,1.075139,1.96
1139,HD 45350 b,13.5,568.89,963.6,,1.92,,0.778,5566.0,1.26442,1.27
1140,HD 45364 b,9.03,60.16491745,225.79,,0.6793,,0.067,5466.0,0.89,0.449
1141,HD 45364 c,14.2,174.48779544,345.43,,0.902,,0.019,5466.0,0.89,0.335
1142,HD 45652 b,14.3,137.62039,44.073,,0.237,,0.607,5294.0,0.94,0.259
1143,HD 457 b,11.9,8445.3364308,20324.58153,,15.369,,0.565,6114.04,1.28194,27.5
1144,HD 46375 b,10.0,71.8,3.023573,,0.0398,,0.063,5285.0,0.914196,0.395
1145,HD 47186 b,5.02,22.2481,4.0845,,0.05,,0.04,5657.0,1.08,0.966
1146,HD 47186 c,13.0,111.42,1353.6,,2.395,,0.249,5657.0,1.08,0.279
1147,HD 4732 b,13.4,631.2072163,371.74,,1.129,,0.266,4898.0,5.03,1.44
1148,HD 4732 c,13.1,1069.49258955,3184.2,,4.725,,0.187,4898.0,5.03,2.61
1149,HD 47366 b,13.4,661.71874337,360.08,,1.207,,0.071,4866.0,7.3,1.51
1150,HD 47366 c,13.5,483.73483545,677.53,,1.84,,0.161,4866.0,7.3,1.08
1151,HD 47536 b,12.6,2330.0,712.13,,1.93,,0.2,4380.0,23.47,6.4
1152,HD 4760 b,12.3,4417.837,434.0,,1.14,,0.23,4076.0,42.4,13.0
1153,HD 48265 b,12.6,2351.9302118,778.51,,1.814,,0.211,5733.0,1.901,6.46
1154,HD 48265 c,12.9,1414.33641115,10418.0,,10.4,,0.41,5805.0,2.05,3.62
1155,HD 48948 b,2.06,4.88,7.34013,957.0,0.0652,138.85,0.055,4593.0,0.679,3.07
1156,HD 48948 c,2.6,7.27,38.06,553.0,0.1951,15.5,0.55,4593.0,0.679,2.27
1157,HD 48948 d,3.24,10.59,151.92,349.0,0.4894,2.46,0.055,4593.0,0.679,1.71
1158,HD 4917 b,13.5,513.29545,400.5,,1.167,,0.066,4802.0,5.01,1.15
1159,HD 49674 b,6.2,31.783,4.94737,,0.06,,0.09,5602.0,1.02,0.733
1160,HD 50499 b,13.5,519.96988,2447.1,,3.833,,0.266,6102.0,1.351,1.16
1161,HD 50499 c,13.2,931.2419,8619.9,,9.02,,0.0,6099.0,1.42,2.22
1162,HD 50554 b,12.8,1859.29618095,1293.0,,2.353,,0.501,5987.0,1.02,4.87
1163,HD 51608 b,3.62,12.77,14.0726,,0.1059,,0.09,5358.0,0.916136,1.48
1164,HD 51608 c,3.87,14.31,95.9446,,0.3809,,0.14,5358.0,0.916136,1.36
1165,HD 52265 b,13.7,384.5743,119.27,405.0,0.52,,0.27,6136.0,1.32,0.822
1166,HD 5278 b,2.45,7.8,14.339156,943.0,0.1202,132.0,0.08,6203.0,1.194,2.9
1167,HD 5278 c,4.49,18.4,40.87,,0.2416,,0.07,6203.0,1.194,1.12
1168,HD 5319 b,13.5,494.54348,637.1,,1.57,,0.092,4871.0,4.06,1.1
1169,HD 5319 c,13.8,334.67499,872.2,,1.93,,0.183,4871.0,4.06,0.7
1170,HD 55696 b,12.9,1357.12729789,1827.0,,3.18,,0.705,6012.0,1.52,3.47
1171,HD 5583 b,12.8,1837.0574,139.35,,0.53,,0.076,4830.0,9.09,4.81
1172,HD 5608 b,13.7,371.22357938,768.7,,1.79,,0.11,4807.0,5.43,0.793
1173,HD 564 b,12.5,104.88,492.3,,1.2,,0.096,5902.0,1.01,0.295
1174,HD 56414 b,3.71,13.3,29.04992,1133.0,0.229,1614.3559,0.68,8500.0,1.751,1.43
1175,HD 56957 b,12.8,1880.90851263,5859.08992,,6.426,,0.273,5743.0,1.77793,4.93
1176,HD 5891 b,12.6,2425.0429,177.11,,0.64,,0.07,4673.0,10.64,6.66
1177,HD 59686 A b,12.7,2199.3836,299.36,,1.086,,0.05,4658.0,13.2,5.9
1178,HD 60292 b,12.7,2065.895,495.4,,1.5,,0.27,4348.0,27.0,5.54
1179,HD 60532 b,13.8,336.8998,201.9,,0.77,,0.26,6245.0,2.57,0.704
1180,HD 60532 c,13.3,797.7533,600.1,,1.6,,0.03,6245.0,2.57,1.86
1181,HD 6061 b,2.42763557,10.0,5.2549,1075.31,0.06,339.1,0.0,5934.0,1.0072,3.82
1182,HD 62364 b,12.1,5965.63919939,5138.0,,6.15,0.072,0.607,6255.0,1.401,18.5
1183,HD 62364 c,12.0,7923.46218651,74839.94555,,36.984,,0.773,6255.0,1.401,25.2
1184,HD 62509 b,13.3,731.0,589.64,,1.64,,0.02,4892.63,8.9,1.71
1185,HD 62549 b,12.6,2707.58019923,14306.88519,,11.842,,0.15,5930.46,1.23227,7.44
1186,HD 63433 b,2.14,21.755,7.1079475,967.11,0.072,145.5707,0.24,5553.0,0.934,12.998
1187,HD 63433 c,2.692,15.539,20.5438281,678.92,0.146,35.3582,0.21,5553.0,0.934,4.63
1188,HD 63433 d,1.073,1.25,4.209075,1040.0,0.0503,,0.16,5688.0,0.912,5.56
1189,HD 63454 b,12.31,79.4575,2.81805,,0.04,,0.0,4812.0,0.77,0.234
1190,HD 63765 b,14.2,168.4499,358.0,,0.94,,0.24,5449.0,0.83,0.323
1191,HD 63935 b,2.91575244,10.5,9.058807,825.22,0.083,115.6,0.0,5513.0,0.9598,2.32
1192,HD 63935 c,3.06451296,11.1,21.4027,619.59,0.148,36.7,0.0,5513.0,0.9598,2.11
1193,HD 64114 b,4.41,17.8,45.791,,0.246,,0.12,5676.0,0.882858,1.14
1194,HD 64121 b,13.2,813.64072192,623.0,,1.51,,0.11,5078.0,5.44,1.94
1195,HD 6434 b,14.2,155.7367,21.998,,0.14,,0.17,5769.0,1.12,0.299
1196,HD 65216 b,13.6,411.58985,577.6,,1.301,,0.27,5612.0,0.88,0.899
1197,HD 65216 c,13.4,645.1949,5370.0,,5.75,,0.17,5612.0,0.88,1.47
1198,HD 66141 b,12.8,1906.9,480.5,,1.2,,0.07,4323.0,21.4,5.0
1199,HD 66428 b,12.4,3478.94974302,2269.81726,,3.395,,0.471,5716.0,1.13,10.0
1200,HD 66428 c,13.5,560.64930995,10478.84437,,9.408,,0.207,5716.0,1.13,1.25
1201,HD 67087 b,13.1,973.0,352.2,,1.08,,0.17,6330.0,1.55,2.38
1202,HD 67087 c,12.9,1540.0,2374.0,,3.86,,0.76,6330.0,1.55,3.94
1203,HD 68402 b,12.6,2510.8444153,1103.0,,2.18,,0.03,5950.0,1.02,6.9
1204,HD 68475 b,12.8,1639.99458012,7832.0,,7.27,,0.62,5022.0,0.79099,4.3
1205,HD 6860 b,11.9,8981.83078182,663.87,,2.03,,0.28,3802.0,86.4,29.3
1206,HD 68988 b,13.4,626.1251,6.27711,,0.07,,0.12,5932.0,1.19,1.43
1207,HD 68988 c,12.2,4776.96095721,16000.0,,13.2,,0.45,5883.41,1.255733,14.5
1208,HD 69123 b,13.1,982.08977763,1193.3,,2.482,,0.19,4842.0,7.72,2.4
1209,HD 69830 b,3.17,10.2,8.667,,0.0785,,0.1,5385.0,0.886947,1.76
1210,HD 69830 c,3.46,11.8,31.56,,0.186,,0.13,5385.0,0.886947,1.57
1211,HD 69830 d,4.45,18.1,197.0,,0.63,,0.07,5385.0,0.886947,1.13
1212,HD 70573 b,12.8,1900.0,851.8,,1.76,,0.4,5737.0,0.976919,4.98
1213,HD 70642 b,13.0,1239.5307873,2124.54,,3.318,,0.175,5732.0,0.984,3.1
1214,HD 7199 b,,3639.13526015,615.0,,1.36,,0.19,5371.0,0.97,
1215,HD 72490 b,13.5,561.92344,858.0,,1.88,,0.124,4934.0,4.96,1.26
1216,HD 72659 b,13.2,949.67128012,3549.0,,4.607,,0.2393,5929.0,1.36,2.27
1217,HD 72659 c,12.1,6165.8710958,35500.0,,21.5,,0.114,5929.0,1.36,19.1
1218,HD 72892 b,12.8,1737.88572948,39.44603,,0.228,,0.419,5688.0,1.22,4.55
1219,HD 73256 c,12.2,5085.254512,2690.0,,3.8,,0.16,5570.0,0.944723,15.4
1220,HD 73267 b,13.0,1321.53051631,1257.99159,,2.229,,0.261,5387.0,0.909,3.31
1221,HD 73267 c,12.8,1630.77755632,17071.78045,,12.688,,0.089,5387.0,0.909,4.27
1222,HD 73344 b,2.884,10.48,15.611,911.0,0.131,111.9729,0.03,6252.6,1.22,2.451
1223,HD 73344 c,13.5,118.54999581,65.94,,0.3388,,0.124,6148.0,1.22,0.265
1224,HD 73344 d,13.2,810.46243785,5823.0,,6.7,,0.18,6148.0,1.22,1.94
1225,HD 73526 b,13.1,978.9164,188.3,,0.65,,0.19,5601.0,1.53,2.39
1226,HD 73526 c,13.3,715.09,379.1,,1.03,,0.28,5601.0,1.53,1.67
1227,HD 73534 b,13.7,353.42696,1750.0,,2.99,,0.126,4917.0,2.58,0.755
1228,HD 73583 b,2.79,10.2,6.398042,714.0,0.0604,43.3,0.09,4511.0,0.65,2.58
1229,HD 73583 c,2.39,9.7,18.87974,498.0,0.1242,10.2,0.08,4511.0,0.65,3.88
1230,HD 74156 b,13.5,532.36258173,51.63564,,0.28,,0.636,6068.0,1.510576,1.19
1231,HD 74156 c,12.5,2753.98314665,2448.48726,,3.678,,0.377,6068.0,1.510576,7.75
1232,HD 7449 b,12.6,2597.92939882,1270.55195,,2.438,,0.752,6024.0,0.97,7.14
1233,HD 74698 b,5.12,23.0,15.017,,0.121,123.0,0.1,5783.0,1.333,0.942
1234,HD 74698 c,14.0,126.0,3449.0,,4.5,0.088,0.2,5783.0,1.333,0.252
1235,HD 75289 b,14.2,155.7367,3.50927,1260.0,0.05,,0.03,6117.0,1.23,0.299
1236,HD 75302 b,12.8,1716.2733978,4356.0,,5.3,,0.39,5697.46,0.940904,4.5
1237,HD 75784 b,13.8,317.83,341.2,,1.032,,0.097,4867.0,3.4,0.665
1238,HD 75784 c,12.8,1792.5612,7900.0,,8.4,,0.489,4867.0,3.4,4.7
1239,HD 75898 b,13.2,810.46243785,422.82,,1.2025,,0.105,6122.0,1.55,1.94
1240,HD 75898 c,12.6,2698.36317543,6717.0,,7.39,,0.08,6122.0,1.55,7.41
1241,HD 76700 b,9.6,66.7443,3.97097,,0.05,,0.09,5644.0,1.37,0.415
1242,HD 76920 b,13.1,994.80291391,415.891,,1.091,,0.8782,4664.0,8.33,2.43
1243,HD 77338 b,4.12,15.9,5.7361,,0.06,,0.09,5341.0,0.97,1.25
1244,HD 77946 b,2.89646124,10.9,6.527363,1128.86,0.073,413.1008,0.211,6007.0,1.3174,2.44
1245,HD 79181 b,14.1,203.41018048,273.1,,0.9,,0.259,4862.0,11.06,0.399
1246,HD 7924 b,,2058.25676373,5.39792,825.9,0.06,113.7,0.06,5131.0,0.78,
1247,HD 7924 c,,1762.67634522,15.299,583.6,0.1134,28.35,0.098,5075.0,0.7821,
1248,HD 7924 d,,1568.16536014,24.451,499.0,0.1551,15.17,0.21,5075.0,0.7821,
1249,HD 79498 b,13.6,425.8922,1807.0,,2.98,,0.575,5748.0,1.05,0.93
1250,HD 80606 b,11.56766808,1323.46926959,111.436765,405.0,0.4603,,0.93183,5565.0,1.05,5.08
1251,HD 80653 b,1.613,5.72,0.719573,2463.0,0.01661,6130.0,0.0,5959.0,1.22,7.47
1252,HD 80869 b,12.8,1609.80088146,1752.92067,203.2,2.905,0.142,0.924,5837.0,1.062,4.22
1253,HD 80883 b,12.8,1748.0562385,6383.78352,,6.462,,0.203,5177.91,0.814842,4.58
1254,HD 80913 b,12.0,7505.2000029,10839.83341,,9.95,,0.313,6013.24,1.6542,23.9
1255,HD 81040 b,12.6,2301.07766668,1002.7,,1.946,,0.525,5755.0,0.91,6.32
1256,HD 81688 b,13.5,525.68818518,183.93,,0.648,,0.04,4797.0,11.13,1.17
1257,HD 81817 b,12.0,7668.5638041,1021.20159,,3.233,,0.097,4140.0,83.8,24.4
1258,HD 81817 c,12.0,7185.78245386,622.97802,,2.325,,0.095,4140.0,83.8,22.9
1259,HD 82886 b,13.3,740.5439,705.0,,1.58,,0.07,4953.0,5.26,1.73
1260,HD 82943 b,13.5,534.25,441.47,,1.18306,,0.162,5935.0,1.1826,1.19
1261,HD 82943 c,13.4,622.603,220.078,,0.74345,,0.3663,5935.0,1.1826,1.42
1262,HD 8326 b,9.58,66.6,158.991,,0.533,,0.2,4914.0,0.783181,0.416
1263,HD 83443 b,14.1,127.76701961,2.985628,,0.0406,,0.012,5442.0,0.94,0.25
1264,HD 83443 c,13.6,476.7426105,8241.0,,8.0,,0.76,5442.0,0.94,1.04
1265,HD 8535 b,14.0,216.1244,1313.0,,2.45,,0.15,6136.0,1.19,0.433
1266,HD 85390 b,6.16,31.46517,799.52,,1.373,,0.5,5186.0,0.8,0.74
1267,HD 85426 c,3.19,10.3,35.73,640.0,,,0.06,5746.0,1.1303,1.74
1268,HD 8574 b,13.4,645.1949,227.0,,0.76,,0.3,6064.0,1.38,1.47
1269,HD 86065 b,12.5,2877.30056857,25775.78859,,15.947,,0.219,4927.56,0.780347,8.1
1270,HD 86081 b,13.6,470.3884,2.1378431,,0.0346,,0.0119,5939.0,1.46,1.03
1271,HD 86226 b,14.3,143.0235,1628.0,176.0,2.73,,0.059,5863.0,1.053,0.269
1272,HD 86226 c,2.16,7.25,3.98442,1311.0,0.049,647.901,0.075,5863.0,1.053,3.97
1273,HD 86264 b,12.5,3117.26101586,1488.79123,,2.763,,0.821,6210.0,1.88,8.77
1274,HD 86728 b,3.03,9.43,31.1515,,0.1916,,0.067,5610.0,1.237,1.86
1275,HD 8673 b,12.3,4210.59073594,1644.69097,,2.97,,0.73,6389.05,1.50225,12.4
1276,HD 86950 b,13.0,1144.188,1270.0,,2.72,,0.17,4805.0,8.8,2.86
1277,HD 87646 b,12.4,3941.092,13.481,,0.117,,0.05,5770.0,1.55,11.4
1278,HD 87816 b,12.7,2142.16346318,484.17,,1.618,,0.78,4989.0,9.0,5.75
1279,HD 87816 c,12.4,3877.5065654,7596.0,,10.14,,0.19,4989.0,9.0,11.2
1280,HD 87883 b,12.7,2005.49724817,3006.0,,3.77,,0.72,4980.0,0.798557,5.38
1281,HD 88072 b,12.6,2511.79790052,18538.79293,,13.895,,0.156,5785.33,1.032,6.9
1282,HD 88133 b,13.8,324.1866,3.414884,,0.0479,,0.031,5392.0,2.2,0.678
1283,HD 88986 b,2.49,17.2,146.05,460.0,0.58,,0.24,5861.0,1.543,6.1
1284,HD 89307 b,13.4,642.01338214,2166.0,,3.27,,0.2,5955.0,1.1,1.47
1285,HD 89345 b,7.39794,34.9613,11.8143,1089.0,0.1066,275.6427,0.22,5576.0,1.747,0.471
1286,HD 89744 b,12.6,2653.8805,256.78,,0.917,,0.677,6291.0,2.13257,7.29
1287,HD 89839 b,12.8,1748.0562385,3391.2,,4.713,,0.185,6314.0,1.28588,4.58
1288,HD 90156 b,4.43,17.98,49.77,,0.25,,0.31,5599.0,0.920286,1.14
1289,HD 9174 b,13.7,352.7913,1179.0,,2.2,,0.12,5577.0,1.67,0.754
1290,HD 92788 b,13.0,1195.0408,325.803,,0.97,,0.35,5744.0,1.14,2.99
1291,HD 92788 c,13.0,1166.4361,11611.2975,,10.5,,0.46,5744.0,1.14,2.92
1292,HD 93083 b,13.4,117.59,143.58,,0.477,,0.14,4995.0,0.850835,0.269
1293,HD 93351 b,1.69,3.49611248,2.45946,,0.035,,0.549,5408.0,0.911435,3.98
1294,HD 93351 c,12.3,4154.01727949,14010.2941,,11.154,,0.109,5408.0,0.911435,12.3
1295,HD 93385 b,1.88,4.2,7.3426,,0.0756,,0.295,5977.0,1.18484,3.47
1296,HD 93385 c,2.56,7.1,13.18,,0.112,,0.2,5977.0,1.18484,2.33
1297,HD 93385 d,2.89,8.7,45.85,,0.2565,,0.09,5977.0,1.18484,1.98
1298,HD 93963 A b,1.46954368,2.8,1.0376109,1842.23,0.02061,2898.0,0.0,5908.0,1.0311,4.81
1299,HD 93963 A c,3.11976057,18.4,3.6451389,1212.45,0.04726,543.8,0.0,5908.0,1.0311,3.31
1300,HD 9446 b,14.0,222.472,30.052,,0.189,,0.2,5793.0,1.0,0.446
1301,HD 9446 c,13.4,578.426,192.9,,0.654,,0.06,5793.0,1.0,1.32
1302,HD 94771 b,14.2,169.0,2164.0,,3.48,0.271,0.39,5631.0,1.903,0.324
1303,HD 94834 b,13.7,400.4658,1576.0,,2.74,,0.14,4798.0,4.2,0.856
1304,HD 94890 b,13.3,676.97450691,824.61,,2.07,,0.22,4867.0,10.71,1.58
1305,HD 94890 c,12.5,2831.85110637,2492.19,,4.33,,0.05,4867.0,10.71,7.97
1306,HD 95086 b,12.9,1589.0,,1000.0,55.7,,,7595.0,1.48667,4.07
1307,HD 95089 b,13.7,400.4658,464.4,,1.36,,0.119,4918.0,5.08,0.856
1308,HD 95089 c,13.1,1096.5135,1785.0,,3.33,,0.284,4918.0,5.08,2.68
1309,HD 95127 b,12.4,3378.5329,482.0,,1.28,,0.11,4218.0,41.01,9.74
1310,HD 95338 b,4.27174254,42.9,55.082694,443.0,0.262,7.42,0.197,5097.0,0.868,3.98
1311,HD 95544 b,12.8,1913.64483855,2041.54152,156.5,3.166,0.1,0.049,5722.0,1.088,5.01
1312,HD 95735 c,3.76,13.6,2946.0,,2.94,,0.132,3719.0,0.3685,1.41
1313,HD 95872 b,13.0,1188.6842,4375.0,,5.15,,0.06,5312.0,0.84,2.97
1314,HD 96063 b,13.7,403.6441,362.5,,1.11,,0.17,5020.0,4.75,0.863
1315,HD 96127 b,12.1,6661.7168,647.29999,,1.42,,0.3,3943.0,51.1,20.7
1316,HD 96167 b,14.0,227.88411,498.04,,1.332,,0.685,5733.0,1.94,0.456
1317,HD 96700 b,2.93,8.9,8.1245,,0.0777,,0.138,5845.0,1.16,1.94
1318,HD 96700 c,1.69,3.5,19.88,,0.141,,0.293,5845.0,1.16,3.98
1319,HD 96700 d,3.61,12.7,103.5,,0.424,,0.27,5845.0,1.16,1.48
1320,HD 96992 b,13.7,362.3262,514.0,,1.24,,0.41,4725.0,7.43,0.774
1321,HD 97037 b,12.1,6707.76852973,6449.08337,,6.925,,0.357,5874.1,1.26356,20.8
1322,HD 97048 b,13.3,794.575,,,130.0,,,10000.0,2.25,1.86
1323,HD 97658 b,2.12,8.3,9.4897116,751.0,0.0805,41.924,0.05,5212.0,0.728,4.8
1324,HD 98219 b,13.4,624.21812,433.8,,1.26,,0.079,4925.0,4.6,1.43
1325,HD 98649 b,12.5,3082.9355479,5384.0,,5.97,,0.852,5759.0,1.01,8.67
1326,HD 98736 b,13.3,740.5439,968.8,,1.864,,0.226,5271.0,0.93,1.73
1327,HD 99109 b,14.3,139.8452,439.29999,,1.11,,0.09,5282.0,0.98,0.263
1328,HD 99283 b,13.8,308.29355479,310.4,,1.08,,0.2,4886.0,11.21,0.645
1329,HD 99492 b,5.44,25.5,17.0503,,0.12,,0.034,4929.0,0.822539,0.87
1330,HD 99492 c,4.42,17.9,95.233,,,,0.063,4929.0,0.822539,1.14
1331,HD 99706 b,13.7,390.9309,841.0,,1.98,,0.25,4862.0,5.52,0.835
1332,HD 99706 c,12.8,1808.4527,1278.0,,,,0.411,4891.0,5.4,4.74
1333,HIP 105854 b,12.6,2606.1,184.2,,0.81,,0.02,4780.0,10.305119,7.16
1334,HIP 107772 b,3.64,12.9,55.199,,0.243,,0.18,4006.0,0.513922,1.47
1335,HIP 107773 b,13.4,629.3034,144.3,,0.72,,0.09,4945.0,11.6,1.44
1336,HIP 109384 b,13.5,495.8148,499.48,,1.134,,0.549,5180.0,0.831075,1.11
1337,HIP 109600 b,13.2,851.7844,232.08,,0.706,,0.163,5530.0,0.971958,2.04
1338,HIP 111909 b,13.7,384.57237247,487.08,,1.32,,,4891.0,4.53,0.822
1339,HIP 111909 c,13.9,257.44100967,893.63,,1.97,,,4891.0,4.53,0.527
1340,HIP 113103 b,1.829,4.0,7.610303,721.0,0.06899,,0.17,4930.0,0.742,3.59
1341,HIP 113103 c,2.4,6.35,14.245648,585.0,0.10479,180.487,0.17,4930.0,0.742,2.52
1342,HIP 114933 b,13.4,616.58710958,1481.6,,2.84,,0.21,4823.0,5.27,1.41
1343,HIP 116454 b,2.469,9.7,9.1004157,753.2,0.0792,51.2858,0.215,5048.0,0.758,3.53
1344,HIP 12961 b,13.2,114.4188,57.435,,0.25,,0.17,3901.0,0.65,0.273
1345,HIP 14810 b,13.0,1239.537,6.673892,,0.0696,,0.14399,5544.0,1.07,3.1
1346,HIP 14810 c,13.6,416.3573,147.747,,0.549,,0.1566,5544.0,1.07,0.91
1347,HIP 14810 d,14.1,187.5197,981.8,,1.94,,0.185,5544.0,1.07,0.368
1348,HIP 18606 b,14.0,244.72787339,674.94,,1.61,,,4860.0,4.83,0.49
1349,HIP 19976 b,4.94,21.61233168,50.65905,,0.234,,0.304,4316.0,0.772319,0.985
1350,HIP 21152 b,12.0,7627.881768,22000.0,1300.0,17.0,,0.36,6655.0,1.59186,24.3
1351,HIP 29442 c,1.551,4.5,3.5379559,1123.0,0.04518,451.0,,5289.0,0.98,6.3
1352,HIP 29442 d,1.538,5.14,6.429575,920.0,0.0673,203.0,,5289.0,0.98,11.0
1353,HIP 34222 b,13.9,263.79757781,159.986,,0.492,,0.305,4050.0,0.6186,0.54
1354,HIP 35173 b,3.61,12.7,41.516,,0.217,,0.16,4881.0,0.773404,1.48
1355,HIP 35965 b,12.6,2589.98368864,26125.56497,,15.898,,0.138,4836.0,0.697551,7.11
1356,HIP 38594 b,2.77,8.1,60.722,,0.256,,0.17,4086.3,0.626646,2.09
1357,HIP 38594 c,7.94,48.4,3477.768,,3.805,,0.16,4086.3,0.626646,0.531
1358,HIP 39017 b,12.0,7500.7504052,31000.0,,22.1,,0.55,7201.0,1.51987,23.9
1359,HIP 41378 b,2.595,6.89,15.57208,959.0,,140.0,,6320.0,1.273,2.17
1360,HIP 41378 c,2.727,4.4,31.70603,757.0,,54.0,,6320.0,1.273,1.19
1361,HIP 41378 d,3.54,4.6,278.3618,367.0,,3.01,0.0,6320.0,1.273,0.56
1362,HIP 41378 e,4.92,12.0,369.0,335.0,,2.1,,6320.0,1.273,0.55
1363,HIP 41378 f,9.2,12.0,542.07975,294.0,,1.24,,6320.0,1.273,0.09
1364,HIP 41378 g,2.54,7.0,62.06,605.0,,22.3,,6320.0,1.273,2.35
1365,HIP 4845 b,3.89,14.4,34.15,,0.176,,0.25,4010.0,0.603999,1.34
1366,HIP 48714 b,5.11,22.9,17.818,,0.112,,0.5,4015.5,0.595456,0.943
1367,HIP 5158 b,13.6,451.0,345.72,,0.89,,0.52,4962.0,0.75,0.985
1368,HIP 5158 c,12.2,4780.1632,9017.76,,7.7,,0.14,4813.0,0.754089,14.5
1369,HIP 54373 b,2.87,8.62,7.76,,0.063,,0.2,4021.0,0.564998,2.0
1370,HIP 54373 c,3.57,12.44,15.144,,0.099,,0.2,4021.0,0.564998,1.5
1371,HIP 54515 b,12.2,5625.5628039,33000.0,,24.8,,0.42,8100.0,1.64915,17.0
1372,HIP 54597 b,13.3,762.7881768,3274.0,,4.0,0.0143,0.03,4799.0,0.66,1.78
1373,HIP 55507 b,12.6,2585.53409095,5138.43727,,5.062,,0.362,4171.0,0.723643,7.1
1374,HIP 56640 b,12.7,2151.69831539,2675.57603,,4.55,,0.118,4769.0,4.93,5.77
1375,HIP 57274 b,,3359.44626199,8.1352,,0.07,,0.19,4510.0,0.78,
1376,HIP 57274 c,14.2,130.0,32.03,,0.178,,0.05,4640.0,0.68,0.249
1377,HIP 57274 d,14.2,167.4,431.7,,1.01,,0.27,4640.0,0.68,0.321
1378,HIP 5763 b,14.2,162.09248757,30.014,,0.17,,0.054,4352.0,0.750378,0.311
1379,HIP 63242 b,12.5,2917.56,124.6,,0.565,,0.23,4830.0,10.275655,8.21
1380,HIP 65 A b,22.75427,1021.18779,0.9809734,1411.0,0.01782,661.0,0.0,4590.0,0.7242,0.48
1381,HIP 65407 b,14.3,136.03124,28.125,,0.177,,0.14,5460.0,0.952252,0.256
1382,HIP 65407 c,13.9,249.17872,67.3,,0.316,,0.12,5460.0,0.952252,0.51
1383,HIP 65426 b,16.8135,2860.47,,1500.0,92.0,,,8840.0,1.77,3.31
1384,HIP 65891 b,12.8,1871.37366042,1079.55726,,2.794,,0.128,5000.0,8.93,4.9
1385,HIP 66074 b,12.9,1589.142035,310.9,,0.799,,0.948,4300.0,0.69,4.07
1386,HIP 67522 b,9.9872018,71.4,6.9594731,1175.0,0.0748,341.0878,0.064,5675.0,1.38,0.394
1387,HIP 67522 c,7.93595834,48.3,14.334892,917.0,0.1228,,0.077,5675.0,1.38,0.531
1388,HIP 67537 b,12.3,4309.11754211,2523.64713,,4.807,,0.586,4985.0,8.69,12.7
1389,HIP 67851 b,13.7,365.50266805,89.23,,0.42,,0.13,4840.0,5.45,0.781
1390,HIP 67851 c,12.7,2204.77565936,3128.41,,4.55,,0.3,4840.0,5.45,5.91
1391,HIP 70849 b,12.9,1430.2278315,3649.0,,3.99,,0.65,4105.0,0.633112,3.66
1392,HIP 71135 b,4.55,18.8,87.19,,0.335,,0.21,4146.0,0.681296,1.1
1393,HIP 74890 b,13.3,762.792,822.3,,2.1,,0.07,4850.0,5.77,1.78
1394,HIP 75092 b,13.5,568.91284853,926.4,,2.02,,0.42,4891.0,4.53,1.27
1395,HIP 77900 b,12.1,6674.396547,,2507.0,3319.0,,,13646.0,,20.7
1396,HIP 78530 b,12.0,7300.0,,2700.0,740.0,,,10500.0,2.10876,23.2
1397,HIP 79098 AB b,12.1,6515.515,,2450.0,345.0,,,9193.75,,20.2
1398,HIP 79431 b,13.4,667.415,111.7,,0.36,,0.29,3191.0,0.478625,1.52
1399,HIP 81208 C b,12.3,4703.8604236,104100.0,2050.0,23.04,,,,,13.9
1400,HIP 8152 b,2.53625843,8.9,10.751014,794.96,0.093,88.9,0.0,5618.0,0.9603,2.97
1401,HIP 8152 c,2.52442508,10.7,19.60562,650.68,0.139,39.9,0.2,5618.0,0.9603,3.63
1402,HIP 8541 b,12.6,2451.7283316,1852.14387,,3.729,,0.36,4672.0,6.84,6.73
1403,HIP 86221 b,14.0,225.65816897,2.224,,0.031,,0.086,,,0.452
1404,HIP 90988 b,13.4,668.07531151,455.73816,,1.36,,0.081,4883.0,3.94,1.53
1405,HIP 91258 b,13.7,346.4347,5.0505,,0.06,,0.02,5519.0,0.89,0.74
1406,HIP 94235 b,3.0,379.0,7.713057,1060.0,0.0787,219.2841,0.32,5991.0,1.08,
1407,HIP 948 b,12.1,6547.2651842,24955.45756,,15.037,,0.23,4497.0,0.688488,20.3
1408,HIP 9618 b,3.82838127,8.3,20.772858,640.88,0.145,40.3,0.0,5649.0,0.9593,0.81
1409,HIP 9618 c,3.42855926,7.0,52.56363,470.31,0.269,11.7,0.0,5649.0,0.9593,1.0
1410,HIP 97166 b,2.4801338,19.1,10.288914,701.66,0.091,9.0686,0.29,5216.0,0.8418,6.86
1411,HIP 97166 c,2.75,8.0,16.432,642.0,0.124,,0.0,5216.0,0.8418,2.11
1412,HIP 97233 b,12.1,6098.17364511,1062.26506,,2.491,,0.63,5020.0,5.34,18.9
1413,HIP 99770 b,12.2,5403.082919,18600.0,,15.8,,0.31,8000.0,1.93986,16.4
1414,HN Lib b,2.2,5.46,36.116,234.4,0.1417,0.503,0.079,3347.0,0.299,2.82
1415,HN Peg b,11.7768,6991.57,,,773.0,,,6186.0,1.006954,23.5
1416,HR 2562 b,12.44199,4195.3349724,,1255.0,27.0,,,6597.0,1.334,12.0
1417,HR 5183 b,13.1,1052.01202717,27000.0,171.0,18.0,,0.84,5794.0,1.53,2.57
1418,HR 810 b,12.7,1970.5361234,302.79999,,0.92,,0.14,6167.0,1.13,5.29
1419,HR 858 b,2.004,3.55,3.585287,1552.0,0.04888,989.7,0.0,6354.0,1.258,2.44
1420,HR 858 c,1.979,3.8,5.973865,1309.0,0.0687,512.0,0.0,6354.0,1.258,2.9
1421,HR 858 d,2.001,7.1,11.230511,1061.0,0.1046,217.0,0.0,6354.0,1.258,4.9
1422,HR 8799 b,13.0,2000.0,170000.0,1200.0,68.0,,,7204.58,1.49338,5.0
1423,HR 8799 c,13.0,3000.0,69000.0,1200.0,38.0,,0.5,7204.58,1.49338,7.5
1424,HR 8799 d,13.0,3000.0,37000.0,1300.0,24.0,,0.6,7204.58,1.49338,7.5
1425,HR 8799 e,13.11453,3178.3,20815.6,1150.0,16.4,,0.15,7400.0,1.49338,7.74
1426,HS Psc b,13.6,464.02947422,3.986,,0.0435,,0.27,4203.0,0.65,1.01
1427,HU Aqr AB b,12.8,1875.197,2390.0,,3.6,,0.0,5952.0,,4.91
1428,HU Aqr AB c,12.9,1430.235,4368.0,,5.4,,0.51,5952.0,,3.66
1429,IC 4651 9122 b,12.7,2002.329,734.0,,2.038,,0.18,4740.1,10.267424,5.37
1430,IRAS 04125+2902 b,10.73820351,80.8,8.834978,854.0,0.077,41.4199,,4080.0,1.45,0.359
1431,ITG 15 b,12.1,6674.396547,,2601.0,435.0,,,,,20.7
1432,K2-10 b,3.773,25.2,19.30553,649.0,0.137,42.1,0.31,5533.0,0.956,2.36
1433,K2-100 b,3.88,21.8,1.6739035,1841.0,0.0301,1915.0,0.0,5945.0,1.24,2.04
1434,K2-101 b,2.0,4.66,14.6762429,618.0,0.1124,,0.1,4927.0,0.76,3.2
1435,K2-102 b,1.3,2.24,9.915615,,,,0.1,4695.0,0.71,5.6
1436,K2-104 b,1.79,3.86,1.9741954,798.0,0.0242,62.1,0.09,3712.0,0.48,3.7
1437,K2-105 b,3.4,15.4,8.26726,805.0,0.0796,100.0,0.0,5373.0,0.905,2.24
1438,K2-107 b,15.98,266.9772,3.313959,1649.0,0.0475,,0.0,6061.0,1.81,0.35
1439,K2-108 b,5.33,59.4,4.733999,1360.0,0.0581,762.0,0.18,5599.0,1.76,2.22
1440,K2-11 b,7.55,44.4,39.93767,734.0,0.2257,9.84,,5433.0,5.15,0.567
1441,K2-110 b,2.592,15.9,13.86375,638.0,0.10207,27.7,0.13,5010.0,0.713,5.02
1442,K2-111 b,1.837,5.35,5.3518963,1293.0,0.0565,490.0,0.134,5775.0,1.25,5.065359
1443,K2-111 c,3.34,11.1,15.6748,923.0,0.11565,,0.069,5775.0,1.25,1.64
1444,K2-113 b,12.14,410.0007,5.817685,1098.0,0.0642,277.39,0.0,5660.0,1.24,1.97
1445,K2-114 b,10.59248676,638.83509807,11.390931,701.4,0.0944,40.0,0.079,4899.0,0.832,2.96
1446,K2-115 b,11.80305668,321.00669107,20.2729914,696.0,0.1415,20.4393,0.063,5870.0,0.855,1.07
1447,K2-116 b,0.69,0.257,4.655411,,0.048,78.6,0.06,4348.35,0.6694,4.3
1448,K2-117 b,2.03,4.78,1.2916,868.0,0.0189,145.8,0.06,3778.0,0.51,3.14
1449,K2-117 c,2.06,4.9,5.444017,537.0,0.0492,21.4,0.15,3778.0,0.51,3.08
1450,K2-118 b,2.54,6.99,50.92092,,0.245,4.3,0.2,4726.29,0.734626,2.34
1451,K2-119 b,2.53,6.94,7.727283,666.0,0.0698,54.9,0.07,4740.0,0.71,2.35
1452,K2-12 b,2.44,5.2,8.28246,1026.0,0.0792,185.0,0.5,5672.0,1.117,1.6
1453,K2-121 b,7.16,51.0,5.185738,716.0,0.0525,62.5,0.22,4526.0,0.675,0.7
1454,K2-122 b,1.16,1.65,2.2193023,769.0,0.0373,79.9,0.21,4009.0,0.59,5.81
1455,K2-123 b,2.76,8.05,30.951524,338.0,0.1649,2.9,0.06,4035.0,0.59,2.1
1456,K2-124 b,2.9,8.75,6.413651,442.0,0.049,8.7,0.08,3570.0,0.388,1.97
1457,K2-125 b,2.18,5.39,21.750264,,0.121,2.0,0.08,3654.47,0.402049,2.86
1458,K2-126 b,1.97,4.54,7.385655,601.0,0.0656,35.3,0.06,4339.0,0.65,3.26
1459,K2-127 b,8.37,52.9,3.588163,809.0,0.0411,105.6,0.12,4575.0,0.66,0.496
1460,K2-128 b,1.42,2.6,5.675819,,0.056,68.8,0.23,4469.51,0.777569,4.99
1461,K2-129 b,1.04,1.12,8.239493,,0.057,4.5,0.13,3459.09,0.36001,5.47
1462,K2-13 b,1.89,4.23,39.91488,511.0,0.2114,22.8,,5698.0,0.78,3.44
1463,K2-130 b,1.25,2.1,2.49412,,0.032,136.4,0.17,4356.47,0.744261,5.91
1464,K2-131 b,1.69,7.9,0.3693038,2223.0,0.00936,4070.0,0.0,5120.0,0.7595,8.8
1465,K2-132 b,14.5717,155.7367,9.1751,1586.0,0.0916,293.374,0.29,4840.0,3.85,0.277
1466,K2-133 b,1.34,2.36,3.07133,,0.03194,,,3655.0,0.455,5.39
1467,K2-133 c,1.603,3.2,4.86784,,0.04341,,,3655.0,0.455,4.27
1468,K2-133 d,2.003,4.67,11.02454,734.0,0.07487,48.3251,,3655.0,0.455,3.19
1469,K2-133 e,1.73,3.64,26.5841,296.0,0.1346,1.8,,3655.0,0.455,3.86
1470,K2-136 b,1.014,4.3,7.9752,610.0,0.0707,33.5,0.14,4500.0,0.677,24.0
1471,K2-136 c,3.0,18.1,17.30713,470.0,0.1185,11.91,0.047,4500.0,0.677,3.69
1472,K2-136 d,1.565,3.0,25.575,420.0,0.1538,7.07,0.071,4500.0,0.677,4.3
1473,K2-137 b,0.64,158.915,0.179719,1471.0,0.0058,,0.0,3697.0,0.29,
1474,K2-138 b,1.51,3.1,2.35309,1157.0,0.03385,486.0,0.048,5356.3,0.863,4.9
1475,K2-138 c,2.299,6.31,3.56004,1012.0,0.04461,279.0,0.045,5356.3,0.863,2.8
1476,K2-138 d,2.39,7.92,5.40479,888.0,0.05893,160.0,0.043,5356.3,0.863,3.1
1477,K2-138 e,3.39,12.97,8.26146,757.0,0.0782,91.1,0.077,5356.3,0.863,1.8
1478,K2-138 f,2.904,1.63,12.75758,653.0,0.10447,51.0,0.062,5356.3,0.863,0.4
1479,K2-138 g,3.013,4.32,41.96797,445.0,0.23109,9.29,0.059,5356.3,0.863,0.9
1480,K2-139 b,9.11,123.00021,28.380619,524.0,0.1796,,0.12,5370.0,0.88,0.91
1481,K2-14 b,4.81,20.7,8.36802,488.0,0.0627,8.0,0.14,3789.0,0.45,1.02
1482,K2-140 b,13.56286665,295.58041851,6.569188,962.0,0.068,204.0,0.0,5585.0,1.06,0.66
1483,K2-141 b,1.51,4.97,0.2803244,2103.0,0.00747,3260.0,0.0,4570.0,0.681,7.93
1484,K2-141 c,7.0,8.0,7.7485,695.0,0.0683,39.1,0.092,4570.0,0.681,0.081
1485,K2-146 b,2.05,5.77,2.6446,534.0,0.0248,20.7,0.129,3385.0,0.33,3.69
1486,K2-146 c,2.19,7.49,4.00498,,0.0327,,0.075,3385.0,0.33,3.92
1487,K2-147 b,1.47286006,2.77,0.961939,1077.0,0.01575,200.1,0.38,3690.0,0.578,4.76
1488,K2-148 b,1.33,2.33,4.38395,,0.0454,48.8,,4079.0,0.632,5.44
1489,K2-148 c,1.73,3.64,6.9226,,0.0616,26.5,,4079.0,0.632,3.86
1490,K2-148 d,1.64,3.33,9.7579,,0.0774,16.8,,4079.0,0.632,4.15
1491,K2-149 b,1.64,3.33,11.332,,0.083,7.0,,3745.0,0.568,4.15
1492,K2-15 b,2.48,6.71,11.8104,676.0,0.091,48.0,,5131.0,0.68,2.42
1493,K2-150 b,2.0,4.66,10.59357,,0.0727,4.9,,3499.0,0.436,3.2
1494,K2-151 b,1.49,2.83,3.835476,566.0,0.0373,20.8,,3695.0,0.45,4.7
1495,K2-152 b,2.29,5.86,32.6479,337.0,0.1716,2.9,,4044.0,0.61,2.68
1496,K2-153 b,2.0,4.66,7.51574,497.0,0.0614,11.8,,3845.0,0.53,3.2
1497,K2-154 b,1.99,4.62,3.67626,715.0,0.0405,57.5,,4097.0,0.63,3.22
1498,K2-154 c,2.07,4.94,7.95486,552.0,0.0677,20.5,,4097.0,0.63,3.06
1499,K2-155 b,1.8,3.89,6.342,708.0,0.0562,19.9,,4258.0,0.58,3.67
1500,K2-155 c,2.6,7.27,13.85,583.0,0.0946,7.0,,4258.0,0.58,2.27
1501,K2-155 d,1.9,4.27,40.718,381.0,0.1937,1.67,,4258.0,0.58,3.42
1502,K2-156 b,1.1,1.37,0.813143,1347.0,0.0149,,,4460.0,0.62,5.66
1503,K2-157 b,0.935,1.14,0.3652575,2432.0,0.00962,6660.0,,5334.0,0.86,7.7
1504,K2-157 c,6.08,30.8,25.942,587.0,0.165,22.65,0.2,5334.0,0.86,0.753
1505,K2-157 d,5.16,23.3,66.5,429.1,0.309,6.46,0.5,5334.0,0.86,0.932
1506,K2-158 b,2.64,7.46,10.06049,794.0,0.0887,,,5503.0,0.95,2.23
1507,K2-158 c,1.28,2.18,5.90279,948.0,0.0622,,,5503.0,0.95,5.71
1508,K2-159 b,2.26,5.73,12.42205,684.0,0.1013,,,5425.0,0.83,2.73
1509,K2-16 b,2.02,4.74,7.6188,658.0,0.0667,44.5,,4742.0,0.66,3.16
1510,K2-16 c,2.54,6.99,19.07863,485.0,0.1229,13.1,,4742.0,0.66,2.34
1511,K2-160 b,3.17824034,10.2,3.705871,,,,,5649.0,0.913754,1.75
1512,K2-161 b,6.11721229,31.1,9.283188,,,,,4972.0,2.568173,0.747
1513,K2-162 b,1.44,2.67,9.45889,631.0,0.0795,,,4842.0,0.69,4.91
1514,K2-163 b,2.46610713,6.65,6.673117,,,,,4937.0,0.762201,2.44
1515,K2-164 b,3.24925008,10.6,17.355066,,,,,5791.0,2.196069,1.7
1516,K2-165 b,1.27443657,2.17,2.354992,,,,,5185.0,0.803827,5.76
1517,K2-165 c,1.55409035,3.03,4.382745,,,,,5185.0,0.803827,4.44
1518,K2-165 d,2.64809498,7.5,14.101361,629.38,,37.0819,,5185.0,0.803827,2.22
1519,K2-166 b,2.19,5.43,8.52695,1140.0,0.0858,,,5960.0,1.61,2.84
1520,K2-167 b,2.36509493,6.5,9.978541,1220.0,0.0932,317.0,0.48,6310.0,1.499,2.87
1521,K2-168 b,1.86,4.12,15.8523,766.35,,,,5502.7,0.83,3.52
1522,K2-169 b,1.27328671,2.16,6.380803,,,,,5548.0,0.919053,5.75
1523,K2-17 b,2.23,5.6,17.96753,487.0,0.119,4.91,0.18,4320.0,0.66,2.77
1524,K2-170 b,1.41817537,2.6,7.576544,,,,,5748.0,0.981614,5.01
1525,K2-170 c,1.8017647,3.9,12.400047,,,,,5748.0,0.981614,3.66
1526,K2-171 b,2.68657205,7.69,5.628466,,,,,5250.0,1.717458,2.18
1527,K2-172 b,1.66608079,3.42,14.316941,,,,,5569.0,0.868889,4.06
1528,K2-172 c,3.20569097,10.4,29.62682,,,,,5569.0,0.868889,1.73
1529,K2-173 b,1.60826194,3.22,5.868699,,,,,5580.0,0.843154,4.25
1530,K2-174 b,2.6,7.27,19.562307,455.0,0.126,10.9555,,4455.0,0.676,2.27
1531,K2-175 b,2.03803688,4.81,9.525988,,,,,5909.0,1.420038,3.12
1532,K2-176 b,1.49090097,2.83,5.329439,,,,,5428.0,0.86416,4.69
1533,K2-177 b,2.1162048,5.13,14.155185,,,,,6063.0,1.213565,2.97
1534,K2-178 b,3.55790985,12.4,8.747818,840.29,,117.826,,5525.0,0.887267,1.51
1535,K2-179 b,2.51267885,6.86,5.172191,,,,,5015.0,0.768067,2.38
1536,K2-18 b,2.37,8.92,32.939623,284.0,0.1429,1.005,0.2,3457.0,0.411,4.11
1537,K2-18 c,2.65,7.51,8.962,363.0,0.06,,0.47,3457.0,0.411,2.22
1538,K2-180 b,2.46597575,11.41003981,8.865663,797.5,0.0756,48.3,0.075,5365.0,0.719,4.16
1539,K2-181 b,2.69,7.7,6.8941,949.0,0.0706,192.0,0.4,5528.0,1.06,2.17
1540,K2-182 b,2.71257333,20.97667486,4.7369696,965.8,0.05174,146.9,0.071,5128.0,0.789,5.7
1541,K2-183 b,1.1,1.37,0.469285,,,,,5482.0,0.87,5.66
1542,K2-183 c,2.3,5.9,10.787992,787.0,0.0932,,,5482.0,0.87,2.66
1543,K2-183 d,2.3,5.9,22.620344,615.0,0.1527,,,5482.0,0.87,2.66
1544,K2-184 b,1.47,2.76,16.9780102,533.0,0.1685,,,5245.0,0.75,4.77
1545,K2-185 b,1.15,1.6,10.616384,809.0,,,,5788.0,0.94,5.78
1546,K2-185 c,2.39,6.3,52.713494,477.0,,,,5788.0,0.94,2.54
1547,K2-186 b,3.17207779,10.2,41.474219,,,,,5784.0,0.98083,1.76
1548,K2-187 b,1.2,1.87,0.77401,1815.0,0.0164,,,5438.0,0.83,5.95
1549,K2-187 c,1.4,2.54,2.871512,1173.0,0.0392,,,5438.0,0.83,5.09
1550,K2-187 d,2.4,6.35,7.149584,865.0,0.072,,,5438.0,0.83,2.52
1551,K2-187 e,1.9,4.27,13.606629,698.0,0.1106,,,5438.0,0.83,3.42
1552,K2-188 b,1.35,2.39,1.742169,1692.0,0.0289,,,5977.0,1.19,5.34
1553,K2-188 c,2.83,8.4,7.810253,1026.0,0.0785,230.628,,5977.0,1.19,2.04
1554,K2-189 b,1.403,2.55,2.58812,1203.0,0.0361,497.0,,5442.0,0.879,5.07
1555,K2-189 c,2.31,5.95,6.67932,877.0,0.068,140.0,,5442.0,0.879,2.65
1556,K2-19 b,6.59,30.8,7.922806,857.0,0.07487,87.0,0.043,5350.0,0.824,0.59
1557,K2-19 c,3.88,11.12,11.8977,749.0,0.0982,51.0,0.067,5350.0,0.824,1.046
1558,K2-19 d,1.044,6.2,2.50827,1258.0,0.03478,404.0,0.44,5350.0,0.824,31.0
1559,K2-190 b,1.35673729,2.41,10.098858,,,,,5631.0,0.912206,5.3
1560,K2-190 c,1.09308317,1.34,21.574023,,,,,5631.0,0.912206,5.64
1561,K2-191 b,1.57889322,3.12,2.858646,,,,,5176.0,0.839696,4.36
1562,K2-192 b,1.52,2.92,4.162817,939.0,0.049,,,5222.0,0.81,4.57
1563,K2-193 b,3.95,14.8,14.786889,739.0,0.1184,,,5817.0,0.98,1.32
1564,K2-194 b,3.64229858,12.9,39.721386,,,,,5979.0,1.281115,1.47
1565,K2-195 b,3.13,9.96,15.852975,720.0,0.1208,,,5713.0,0.99,1.78
1566,K2-195 c,2.57581891,7.16,28.482786,,,,,5712.0,0.906367,2.3
1567,K2-196 b,3.59970536,12.6,48.324222,,,,,6045.0,1.538801,1.48
1568,K2-197 b,2.56,7.08,8.357881,848.0,0.0806,,,5667.0,0.93,2.32
1569,K2-198 b,4.189,16.3,17.0428683,715.8,,,,5212.9,0.757,1.22
1570,K2-198 c,1.423,2.61,3.3596055,1229.9,,,,5212.9,0.757,4.98
1571,K2-198 d,2.438,6.52,7.4500177,943.2,,,,5212.9,0.757,2.47
1572,K2-199 b,1.73,6.9,3.2253993,913.0,0.0382,116.2,0.02,4491.0,0.682,7.2
1573,K2-199 c,2.85,12.4,7.3744897,694.0,0.0662,38.6,0.03,4491.0,0.682,2.9
1574,K2-200 b,1.3643987,2.43,2.849883,,,,,5233.0,0.791736,5.26
1575,K2-201 b,1.40006712,2.54,1.05979,,,,,5507.0,0.878161,5.09
1576,K2-201 c,3.28568401,10.8,22.779878,,,,,5507.0,0.878161,1.67
1577,K2-2016-BLG-0005L b,13.7,349.6112477,4700.0,,4.16,,,,,0.747
1578,K2-202 b,2.30165603,5.91,3.405164,,,,,5491.0,0.910685,2.66
1579,K2-203 b,1.26549392,2.14,9.6952,738.4,0.0824,,0.23,5026.0,0.765,5.8
1580,K2-204 b,3.17214154,10.2,7.055908,1148.0,0.0738,,0.28,5783.0,1.253,1.76
1581,K2-205 b,1.99552771,4.64,26.672263,,,,,5890.0,1.077574,3.21
1582,K2-206 b,2.79522879,8.22,18.294549,,,,,5043.0,0.758046,2.07
1583,K2-207 b,2.60585269,7.3,12.48749,,,,,5522.0,0.928158,2.27
1584,K2-208 b,1.67462172,3.45,4.19097,1122.0,0.04878,,0.37,5500.0,0.872,4.04
1585,K2-209 b,0.86850263,0.586,2.080615,,,,,4720.0,0.712365,4.92
1586,K2-21 b,1.84,4.04,9.325038,500.0,0.076,10.0,0.1,4222.06,0.646783,2.7
1587,K2-21 c,2.49,6.76,15.50192,420.0,0.107,5.1,0.21,4222.06,0.646783,5.4
1588,K2-210 b,0.86,0.566,0.57023,,,,,5500.0,0.89,4.89
1589,K2-211 b,1.33162691,2.33,0.669561,1873.0,0.01419,,0.19,5117.0,0.818,5.42
1590,K2-212 b,2.65,7.51,9.795647,542.0,0.0785,21.964,,4349.0,0.678,2.22
1591,K2-213 b,1.51398464,2.9,8.13087,,,,,5794.0,1.20424,4.59
1592,K2-214 b,2.51,6.85,8.59656,1001.0,0.0834,238.0,,5875.0,1.236,2.38
1593,K2-215 b,2.12381238,5.16,8.269648,,,,,5704.0,0.974398,2.96
1594,K2-216 b,1.75,8.0,2.1748,1103.0,0.028,248.0,0.0,4503.0,0.72,8.2
1595,K2-217 b,3.57854073,12.5,14.074524,,,,,5967.0,1.333718,1.5
1596,K2-218 b,2.56948149,7.13,8.679885,,,,,5757.0,1.008231,2.31
1597,K2-219 b,1.34762583,2.38,3.901287,,,,,5753.0,1.189232,5.34
1598,K2-219 c,1.43839723,2.66,6.66767,,,,,5753.0,1.189232,4.91
1599,K2-219 d,2.57634456,7.16,11.137278,,,,,5753.0,1.189232,2.3
1600,K2-22 b,2.3,444.962,0.381073,2100.0,0.009,114.0,0.19,3879.0,0.58,
1601,K2-220 b,2.37,6.21,13.68186,761.0,0.1104,79.7,,5612.0,1.026,2.56
1602,K2-221 b,1.67890272,3.46,2.399094,,,,,5716.0,0.947599,4.02
1603,K2-222 b,2.275,7.5,15.3889274,803.0,0.1186,95.0,0.021,5942.0,1.072,3.721139
1604,K2-223 b,0.89,0.64,0.50557,2271.0,0.0127,,,5859.0,1.0,4.99
1605,K2-223 c,1.5,2.86,4.562546,1091.0,0.0549,,,5859.0,1.0,4.66
1606,K2-224 b,1.56,3.05,4.47904,1002.0,0.0516,,,5620.0,0.84,4.41
1607,K2-224 c,2.41,6.39,10.09489,764.0,0.0886,,,5620.0,0.84,2.51
1608,K2-225 b,3.60929179,12.7,15.8723,923.0,0.1409,,0.23,5520.0,1.7,1.48
1609,K2-226 b,1.53899305,2.98,3.27109,1187.0,0.04095,,0.22,5288.0,0.889,4.49
1610,K2-227 b,1.66551298,3.41,13.621832,,,,,5673.0,0.890666,4.06
1611,K2-228 b,1.21,1.92,2.69828,914.0,0.0338,,,4715.0,0.65,5.96
1612,K2-229 b,1.0,2.55,0.584216,1818.0,0.0131,2290.0,0.0,5315.0,0.79,7.6
1613,K2-229 c,2.03,7.0,8.32727,750.0,0.0769,66.0,0.0,5315.0,0.79,5.1
1614,K2-230 b,1.96,4.5,2.86041,1529.0,0.0409,,,5945.0,1.39,3.28
1615,K2-231 b,2.5,6.8,13.841901,,,,,5695.0,0.95,2.39
1616,K2-232 b,11.209,126.49634,11.168454,1030.0,0.10356,312.155,0.258,6154.0,1.161,0.405
1617,K2-233 b,1.315,2.4,2.467583,1127.0,0.03293,269.0,0.0,4796.0,0.71,5.7
1618,K2-233 c,1.272,4.6,7.06024,794.0,0.0664,66.2,0.0,4796.0,0.71,12.4
1619,K2-233 d,2.363,10.3,24.3681,525.0,0.1516,12.7,0.18,4796.0,0.71,4.3
1620,K2-237 b,16.06246934,434.15360396,2.18053332,1759.0,0.03552,1860.0,0.03,6180.0,1.236,0.577
1621,K2-238 b,14.5717,273.3338,3.20466,1587.0,0.046,,0.0,5630.0,1.59,0.56
1622,K2-239 b,1.1,1.37,5.24,502.0,0.0441,,,3420.0,0.36,5.66
1623,K2-239 c,1.0,0.972,7.775,427.0,0.0576,,,3420.0,0.36,5.34
1624,K2-239 d,1.1,1.37,10.115,399.0,0.0685,,,3420.0,0.36,5.66
1625,K2-24 b,5.4,19.0,20.88977,686.0,0.154,52.0,0.06,5625.0,1.16,0.64
1626,K2-24 c,7.5,15.4,42.3391,542.0,0.247,20.0,0.07,5625.0,1.16,0.2
1627,K2-240 b,2.0,4.66,6.034,586.0,0.0513,,,3810.0,0.54,3.2
1628,K2-240 c,1.8,3.89,20.523,389.0,0.1159,,,3810.0,0.54,3.67
1629,K2-241 b,2.55,7.04,26.8199,507.0,0.1567,,,5262.0,0.75,2.33
1630,K2-242 b,2.54,6.99,6.51389,416.0,0.0494,,,3459.0,0.37,2.34
1631,K2-243 b,2.17,5.35,11.54182,1035.0,0.1087,,,6570.0,1.39,2.88
1632,K2-243 c,2.01,4.7,24.94598,801.0,0.1817,,,6570.0,1.39,3.18
1633,K2-244 b,1.75,3.71,21.06884,638.0,0.1418,,,5677.0,0.92,3.8
1634,K2-245 b,4.34,17.4,11.89307,923.0,0.0959,83.0,,5793.0,1.25,1.17
1635,K2-246 b,3.49,12.0,5.76918,977.0,0.0602,,,5610.0,0.94,1.55
1636,K2-247 b,2.12,5.14,2.25021,979.0,0.0304,,,4667.0,0.69,2.96
1637,K2-247 c,2.19,5.43,6.49424,688.0,0.0615,,,4667.0,0.69,2.84
1638,K2-248 b,2.57,7.13,7.17256,886.0,0.0699,,,5528.0,0.92,2.31
1639,K2-249 b,2.79,8.2,12.409,1061.0,0.1151,,,6504.0,1.57,2.07
1640,K2-25 b,3.44,24.5,3.48456408,494.0,0.0287,9.91,0.428,3207.0,0.2932,3.31
1641,K2-250 b,2.71257333,7.81,4.01392,1003.0,0.04606,,0.21,5003.0,0.797,2.15
1642,K2-251 b,2.35,6.12,9.30075,437.0,0.0694,,,3717.0,0.49,2.59
1643,K2-252 b,1.74,3.68,13.81513,639.0,0.1041,,,5152.0,0.82,3.84
1644,K2-253 b,12.67,,4.00167,1238.0,0.0506,365.8185,,6027.0,1.1,
1645,K2-254 b,1.63,3.29,4.09639,791.0,0.0448,,,4629.0,0.67,4.17
1646,K2-254 c,2.19,5.43,12.11839,551.0,0.0923,,,4629.0,0.67,2.84
1647,K2-255 b,2.9,8.75,1.96417,1034.0,0.0274,,,4676.0,0.69,1.97
1648,K2-257 b,0.83,0.498,1.60588,789.0,0.0216,,,3725.0,0.5,4.79
1649,K2-258 b,3.0,9.27,19.0921,831.0,0.149,,,6351.0,1.31,1.89
1650,K2-259 b,2.32,5.99,15.48043,795.0,0.1271,,,6059.0,1.13,2.64
1651,K2-26 b,2.67,7.61,14.5665,430.0,0.0962,5.8,,3785.0,0.52,2.2
1652,K2-260 b,18.41635529,546.66486004,2.62669762,2090.0,0.04392,2520.03,0.053,6860.0,1.755,0.48
1653,K2-261 b,9.26982704,68.96876432,11.6334681,1036.0,0.1086,180.0,0.274,5490.0,1.663,0.473
1654,K2-263 b,2.513,15.4,50.819172,482.0,0.2573,8.17,0.08,5368.0,0.85,5.650354
1655,K2-264 b,2.231,5.61,5.840002,496.0,0.05023,,0.5,3660.0,0.473,2.78
1656,K2-264 c,2.668,7.6,19.660302,331.0,0.11283,,0.45,3660.0,0.473,2.2
1657,K2-265 b,1.70824866,7.3418362,2.36902,1366.0,0.03359,592.0,0.16,5420.0,0.92,7.9
1658,K2-266 b,3.3,11.26782377,0.658524,1515.0,0.01306,879.5,,4285.0,0.703,1.72
1659,K2-266 c,0.705,0.29013072,7.814,664.5,0.0679,32.4,0.042,4285.0,0.703,4.55
1660,K2-266 d,2.93,8.9,14.697,538.3,0.1035,13.95,0.047,4285.0,0.703,2.03
1661,K2-266 e,2.73,14.3,19.482,490.1,0.1249,9.581,0.043,4285.0,0.703,2.21
1662,K2-268 b,1.5,2.86,2.151676,1136.0,0.0308,,,5106.0,0.78,4.66
1663,K2-268 c,2.69,7.7,9.327527,696.0,0.0819,,,5106.0,0.78,2.17
1664,K2-268 d,1.49,2.83,4.528598,888.0,,,,5106.0,0.78,4.7
1665,K2-268 e,1.33,2.33,6.131243,801.0,,,,5106.0,0.78,5.44
1666,K2-268 f,2.23,5.6,26.27057,492.0,,,,5106.0,0.78,2.77
1667,K2-269 b,1.57,3.09,4.144965,1429.0,0.0531,,,6209.0,1.45,4.39
1668,K2-27 b,4.74,30.2,6.771347,836.0,0.06702,116.0,0.251,5246.0,0.876,1.71
1669,K2-270 b,1.38,2.48,1.543069,1203.0,0.0247,,,4877.0,0.77,5.19
1670,K2-270 c,2.95,9.01,4.400028,848.0,0.0497,,,4877.0,0.77,1.93
1671,K2-271 b,7.28,41.8,8.562421,893.0,0.077,133.8067,,5644.0,0.99,0.595
1672,K2-272 b,3.13,9.96,14.4536756,747.0,0.1007,,,5397.0,0.83,1.78
1673,K2-273 b,3.05,9.53,11.7195663,849.0,0.0729,,,5161.0,0.85,1.85
1674,K2-274 b,2.08,4.98,14.1330314,655.0,0.0964,,,5044.0,0.7,3.04
1675,K2-275 b,2.34,6.08,3.2809626,1166.0,0.0277,161.2476,,4841.0,0.69,2.61
1676,K2-275 c,2.21,5.52,8.4388385,653.0,0.0881,45.7572,,4841.0,0.69,2.81
1677,K2-276 b,3.77,13.7,18.718269,583.0,0.1291,,,5139.0,0.85,1.4
1678,K2-277 b,2.18575124,7.4,6.326768,1049.0,0.0664,195.0,0.52,5680.0,0.973,4.0
1679,K2-278 b,2.98,9.17,3.334966,1711.0,0.0488,,,6747.0,1.61,1.9
1680,K2-279 b,1.21,1.92,7.122605,879.0,0.067,,,5558.0,0.86,5.96
1681,K2-28 b,2.32,5.99,2.260455,568.0,0.0214,30.1,0.0,3214.0,0.288,2.64
1682,K2-280 b,7.5,37.1,19.89526,787.0,0.1461,69.5,0.35,5500.0,1.28,0.48
1683,K2-281 b,8.18,50.9,8.687721,665.0,0.0773,,,4812.0,0.76,0.511
1684,K2-282 b,2.5,6.8,4.169783,1057.0,0.0499,,,5499.0,1.0,2.39
1685,K2-283 b,3.52,12.2,1.921036,1186.0,0.0291,,,5060.0,0.82,1.54
1686,K2-284 b,2.78,8.15,4.795069,653.0,0.04771,42.6,0.078,4140.0,0.607,2.08
1687,K2-285 b,2.59,9.68,3.471745,1088.9,0.03817,234.31,0.0,4975.0,0.787,3.07
1688,K2-285 c,3.53,15.68,7.138048,741.4,0.0824,50.35,0.0,4975.0,0.787,1.95
1689,K2-285 d,2.48,6.5,10.45582,619.9,0.1178,24.61,0.0,4975.0,0.787,
1690,K2-285 e,1.95,10.7,14.76289,500.9,0.18041,10.5,0.0,4975.0,0.787,
1691,K2-286 b,2.1,5.06,27.359,347.0,0.1768,,,3926.0,0.62,3.0
1692,K2-287 b,9.494023,100.11645,14.893291,804.0,0.1206,,0.478,5695.0,1.07,0.63
1693,K2-288 B b,1.9,4.27,31.393463,226.36,0.164,,,3341.0,0.32,3.42
1694,K2-289 b,9.1,61.0,13.156969,753.0,0.107,,,5529.0,1.025,0.445
1695,K2-29 b,13.33871,232.0159,3.2588321,1171.0,0.04217,293.0,0.066,5358.0,0.86,0.53
1696,K2-290 b,3.06,10.9,9.21165,1230.0,0.0923,,0.0,6302.0,1.511,4.1
1697,K2-290 c,11.276254,246.00042,48.36685,676.0,0.305,,0.0,6302.0,1.511,1.01
1698,K2-291 b,1.589,6.49,2.225177,1278.0,0.03261,633.0,0.0,5520.0,0.899,8.84
1699,K2-292 b,2.63,24.5,16.9841,795.0,0.13,67.0,0.04,5725.0,1.09,7.4
1700,K2-293 b,2.45,6.57,13.1225,750.0,,,,5532.0,0.947,2.45
1701,K2-294 b,1.66,3.39,2.50387,1425.0,,,,5612.0,1.2,4.07
1702,K2-295 b,10.054473,106.47305,4.024867,852.0,0.0451,97.8595,0.0,4444.0,0.7,0.612
1703,K2-3 b,2.078,5.11,10.0546535,501.3,0.0747,10.5,0.107,3844.0,0.546,3.11
1704,K2-3 c,1.582,2.68,24.646729,371.8,0.1357,3.17,0.048,3844.0,0.546,3.7
1705,K2-3 d,1.458,2.2,44.55603,305.2,0.2014,1.44,0.091,3844.0,0.546,17.5
1706,K2-30 b,11.646151,184.02357,4.098503,1092.0,0.04839,299.0,0.0,5425.0,0.844,0.64
1707,K2-308 b,9.916,70.6,3.38628,1213.76,,512.9234,,6100.0,1.24,0.398
1708,K2-31 b,11.88154,563.83042,1.25785,1688.0,0.022,1272.0,0.0,5280.0,0.78,0.032
1709,K2-312 c,12.8,1719.45168187,921.2,,1.961,,0.853,5959.0,1.22,4.51
1710,K2-315 b,0.95,0.809,3.1443189,460.0,,7.45,,3300.0,0.196,5.18
1711,K2-316 b,1.33,2.33,1.133,841.0,0.0147,,,3436.0,0.379,5.44
1712,K2-316 c,1.83,4.01,5.26,423.0,0.0582,,,3436.0,0.379,3.6
1713,K2-317 b,2.93,8.91,6.22,432.0,0.0542,,,3387.0,0.379,1.95
1714,K2-318 b,1.66,3.39,7.01,456.0,0.0911,,,3851.0,0.552,4.07
1715,K2-319 b,2.79,8.2,26.68,641.0,0.1516,,,5440.0,0.898,2.07
1716,K2-32 b,5.299,15.0,8.992,837.0,0.0795,79.5,0.03,5271.0,0.86,0.55
1717,K2-32 c,3.134,8.1,20.66093,634.0,0.13843,26.2,0.049,5271.0,0.86,1.43
1718,K2-32 d,3.484,6.7,31.71701,550.0,0.18422,14.8,0.05,5271.0,0.86,0.87
1719,K2-32 e,1.212,2.1,4.34934,1066.0,0.04899,,0.043,5271.0,0.86,6.3
1720,K2-320 b,2.62,7.37,1.995,698.0,0.0142,,,3157.0,0.3,2.25
1721,K2-321 b,2.05124347,4.86,2.2979749,830.0,0.02839,68.5516,0.44,3750.0,0.595,3.09
1722,K2-322 b,1.92,4.35,8.205,635.0,0.0594,,,4141.0,0.602,3.38
1723,K2-323 b,2.1,5.06,24.93,318.0,0.1275,,,3710.0,0.549,3.0
1724,K2-324 b,2.43,6.48,3.262,707.0,0.0331,,,3752.0,0.505,2.48
1725,K2-325 b,2.2,5.48,6.93,423.0,0.0419,,,3287.0,0.298,2.83
1726,K2-326 b,2.28,5.82,1.256,1114.0,0.0198,,,3924.0,0.688,2.7
1727,K2-329 b,8.675766,82.6358,12.4551225,650.0,0.1016,45.7,0.0697,5282.0,0.822,0.694
1728,K2-33 b,5.04,1175.971,5.424865,850.0,0.0409,,0.0,3540.0,1.05,
1729,K2-330 b,2.77,8.1,13.774798,969.0,,114.929,,6232.0,1.5,2.09
1730,K2-331 b,1.79,3.86,9.398977,909.0,,,,5994.0,1.06,3.7
1731,K2-331 c,2.72,7.85,22.996591,673.0,,,,5994.0,1.06,2.14
1732,K2-332 b,2.2,5.48,17.70632,266.0,,,,3315.0,0.28,2.83
1733,K2-333 b,6.18,31.6,14.759287,826.0,,102.1266,,5880.0,1.22,0.736
1734,K2-334 b,5.65,27.2,5.113981,1380.0,,832.2294,,6502.0,1.49,0.829
1735,K2-335 b,2.21,5.52,12.283211,949.0,,,,6222.0,1.33,2.81
1736,K2-336 b,1.22,1.98,21.194733,569.0,,,,5424.0,0.8,5.99
1737,K2-337 b,2.62,7.37,16.273563,850.0,,,,5869.0,1.32,2.25
1738,K2-338 b,1.03,1.08,3.850614,783.0,,,,4558.0,0.63,5.43
1739,K2-339 b,1.92,4.35,19.507428,508.0,,,,4857.0,0.72,3.38
1740,K2-34 b,13.75,539.67534,2.9956348,1687.0,0.0442,963.566,0.0,6168.0,1.42,0.94
1741,K2-340 b,3.36,11.2,29.740451,606.0,,,,5532.0,1.13,1.62
1742,K2-341 b,3.21,10.4,36.552551,598.0,,,,5817.0,1.16,1.73
1743,K2-342 b,2.03,4.78,11.561052,861.0,,,,5920.0,1.09,3.14
1744,K2-343 b,1.65,3.36,2.787174,653.0,,,,3804.0,0.46,4.11
1745,K2-343 c,2.02,4.74,7.676972,465.0,,,,3804.0,0.46,3.16
1746,K2-344 b,1.59,3.15,3.35585,722.0,,37.2966,,4374.0,0.49,4.31
1747,K2-345 b,2.11,5.1,10.367437,437.0,,,,3779.0,0.52,2.98
1748,K2-346 b,2.26,5.73,26.201446,450.0,,8.8138,,4801.0,0.7,2.73
1749,K2-347 b,2.41,6.39,7.187257,640.0,,,,4599.0,0.63,2.51
1750,K2-348 b,3.26,10.7,4.688418,908.0,,133.083,,5077.0,0.85,1.7
1751,K2-348 c,2.67,7.61,12.550171,655.0,,,,5077.0,0.85,2.2
1752,K2-349 b,1.38,2.48,9.032178,518.0,,,,4385.0,0.49,5.19
1753,K2-35 b,1.32,2.3,2.399964,979.0,0.031,211.0,0.13,4402.71,0.619575,5.5
1754,K2-35 c,1.93,4.38,5.608352,766.0,0.055,68.0,0.12,4402.71,0.619575,3.35
1755,K2-350 b,1.54,2.99,4.163873,1158.0,,,,5789.0,1.04,4.5
1756,K2-350 c,2.74,7.95,19.991944,687.0,,,,5789.0,1.04,2.12
1757,K2-351 b,2.54,6.99,7.806164,934.0,,,,5769.0,1.05,2.34
1758,K2-352 b,1.37,2.45,3.665912,1160.0,,,,5791.0,0.95,5.24
1759,K2-352 c,1.92,4.35,8.234885,885.0,,,,5791.0,0.95,3.38
1760,K2-352 d,2.23,5.6,14.871387,727.0,,,,5791.0,0.95,2.77
1761,K2-353 b,5.55,26.3,15.466805,735.0,,33.0649,,5698.0,0.99,0.845
1762,K2-354 b,1.56,3.05,3.793306,543.0,,,,3669.0,0.41,4.41
1763,K2-355 b,2.25,5.69,5.7385647,1066.0,0.0632,,,5790.0,0.92,2.74
1764,K2-356 b,2.29,5.86,21.0267366,624.0,0.1599,,,5568.0,0.86,2.68
1765,K2-357 b,3.72,13.4,16.3488637,735.0,0.145,,,5794.0,1.0,1.43
1766,K2-358 b,2.68,7.65,11.2510285,888.0,0.0863,,,5650.0,0.91,2.18
1767,K2-36 b,1.43,4.3,1.422614,1328.0,0.02288,519.0,0.093,4916.0,0.718,8.0
1768,K2-36 c,3.2,7.9,5.340888,854.0,0.05528,89.0,0.089,4916.0,0.718,1.3
1769,K2-360 c,4.02,15.23,9.79692,912.0,0.0883,115.0,0.11,5679.0,0.98,1.29
1770,K2-365 b,2.906,8.78,23.448172,,,,,5561.0,1.051,1.97
1771,K2-366 b,2.359,6.16,15.937039,,,,,5601.0,0.94,2.58
1772,K2-367 b,2.413,6.41,20.645099,,,,,4348.0,0.625,2.51
1773,K2-368 b,1.332,2.34,5.025598,,,,,4663.0,0.663,5.44
1774,K2-368 c,1.361,2.42,9.660186,,,,,4663.0,0.663,5.27
1775,K2-368 d,1.948,4.45,20.201085,,,,,4663.0,0.663,3.31
1776,K2-369 b,1.313,2.28,5.761612,,,,,5682.0,0.881,5.53
1777,K2-37 b,1.39,2.51,4.4434,949.0,0.05105,193.0,,5352.0,0.809,5.14
1778,K2-37 c,2.41,6.39,6.42966,839.0,0.06534,118.0,,5352.0,0.809,2.51
1779,K2-37 d,2.31,12.5,14.09229,646.0,0.1102,41.3,,5352.0,0.809,4.7
1780,K2-370 b,3.207,10.4,2.14084,1267.0,,428.205,,5377.0,0.971,1.73
1781,K2-371 b,13.024,,3.114905,956.83,,198.0922,,4925.0,0.736,
1782,K2-372 b,2.945,8.98,9.844077,,,,,5479.0,0.922,1.93
1783,K2-373 b,2.061,4.9,11.02066,,,,,6138.0,1.486,3.08
1784,K2-374 b,1.593,3.16,4.521953,,,,,5789.0,0.907,4.3
1785,K2-374 c,2.213,5.53,16.43445,,,,,5789.0,0.907,2.8
1786,K2-375 b,2.243,5.66,14.453895,,,,,5822.0,1.543,2.76
1787,K2-376 b,1.736,3.66,5.776475,,,,,5937.0,1.149,3.84
1788,K2-377 b,1.693,3.51,12.832235,,,,,4200.0,0.691,3.97
1789,K2-378 b,2.88,8.65,2.060438,,,,,4823.0,0.732,1.99
1790,K2-379 b,2.181,5.4,8.777247,,,,,4603.0,0.751,2.86
1791,K2-38 b,1.54,7.3,4.01593,1266.0,0.04994,426.0,0.197,5731.0,1.06,11.0
1792,K2-38 c,2.29,8.3,10.56103,916.0,0.09514,117.0,0.161,5731.0,1.06,3.8
1793,K2-380 b,2.729,7.89,9.401312,,,,,5911.0,1.32,2.13
1794,K2-381 b,1.075,1.26,7.9389334,,,,,4473.0,0.675,5.57
1795,K2-381 c,2.0,4.66,16.034656,,,,,4473.0,0.675,3.2
1796,K2-381 d,1.689,3.5,26.803023,,,,,4473.0,0.675,3.99
1797,K2-382 b,2.072,4.95,21.700156,,,,,5452.0,0.811,3.06
1798,K2-383 b,1.564,3.07,1.865962,,,,,5129.0,0.804,4.41
1799,K2-384 b,1.076,1.26,2.231527,,,,,3623.0,0.348,5.56
1800,K2-384 c,1.191,1.82,4.194766,,,,,3623.0,0.348,5.92
1801,K2-384 d,1.392,2.52,6.679582,,,,,3623.0,0.348,5.13
1802,K2-384 e,1.345,2.37,9.715043,,,,,3623.0,0.348,5.35
1803,K2-384 f,2.222,5.57,13.62749,,,,,3623.0,0.348,2.79
1804,K2-385 b,1.539,2.98,2.380867,,,,,4844.0,0.761,4.49
1805,K2-386 b,2.32,5.99,7.473223,,,,,5749.0,0.97,2.64
1806,K2-387 b,7.322,42.2,28.735327,,,,,3572.0,0.585,0.591
1807,K2-388 b,3.9,14.5,6.33932,874.0,,138.0,,5310.0,0.91,1.34
1808,K2-389 b,2.33,6.04,8.58289,932.0,,179.0,,5773.0,1.094,2.62
1809,K2-389 c,2.04,4.82,20.851337,,,,,5782.0,1.084,3.12
1810,K2-39 b,6.27704,28.6047,4.60543,1670.0,0.05708,1356.0,0.0,4881.0,2.97,0.93
1811,K2-390 b,4.662,19.6,3.312792,1119.0,,260.965,,5558.0,0.966,1.06
1812,K2-391 b,1.371,2.45,4.622654,,,,,5543.0,0.566,5.22
1813,K2-392 b,1.85,4.08,15.398723,,,,,5726.0,1.058,3.54
1814,K2-393 b,2.352,6.13,10.413181,,,,,5678.0,1.071,2.59
1815,K2-394 b,1.692,3.51,5.095717,643.0,,28.5068,,4938.0,0.631,3.98
1816,K2-395 b,2.597,7.26,4.803352,,,,,5007.0,0.783,2.28
1817,K2-395 c,3.395,11.4,8.491282,,,,,5007.0,0.783,1.6
1818,K2-396 b,1.579,3.12,0.673862,,,,,5236.0,0.92,4.35
1819,K2-396 c,3.124,9.93,25.76051,,,,,5236.0,0.92,1.79
1820,K2-397 b,2.417,6.42,3.572326,,,,,5387.0,0.966,2.5
1821,K2-398 b,2.274,5.79,6.393025,,,,,5946.0,1.239,2.71
1822,K2-398 c,5.098,22.8,18.787839,,,,,5946.0,1.239,0.946
1823,K2-4 b,2.1,5.06,10.003417,563.0,0.078,15.6,0.08,4014.73,0.569359,3.0
1824,K2-400 b,1.163,1.67,3.865053,,,,,3578.0,0.382,5.83
1825,K2-401 b,2.262,5.74,6.293099,,,,,4213.0,0.675,2.73
1826,K2-402 b,2.678,7.65,17.27474,,,,,5716.0,1.28,2.19
1827,K2-403 b,5.333,24.6,33.589979,949.0,,134.883,,5511.0,0.886,0.891
1828,K2-404 b,2.53,6.94,13.115365,,,,,3748.0,0.552,2.35
1829,K2-405 b,4.569,18.9,3.435471,969.0,,146.577,,4927.0,0.765,1.09
1830,K2-406 b,4.602,19.2,22.549406,,,,,5784.0,0.961,1.08
1831,K2-407 b,1.283,2.19,4.941907,,,,,5563.0,0.927,5.7
1832,K2-407 c,1.36,2.42,9.22453,,,,,5563.0,0.927,5.29
1833,K2-408 b,1.677,3.45,20.978959,,,,,5335.0,0.784,4.02
1834,K2-409 b,2.482,6.72,1.908084,,,,,5742.0,1.228,2.42
1835,K2-411 b,0.9898,0.937,3.2141,,0.0511,619.038,,5711.0,1.375,5.31
1836,K2-412 b,2.116,5.13,5.9382,,0.0586,243.518,,5590.0,0.977,2.98
1837,K2-413 b,0.7599,0.363,0.8094,,0.0117,921.755,,4116.0,0.7,4.55
1838,K2-413 c,1.2327,2.05,5.3301,,0.0426,69.529,,4116.0,0.7,6.01
1839,K2-414 b,1.219,1.98,4.3696,,0.0487,72.113,,4343.0,0.732,6.01
1840,K2-414 c,1.9287,4.38,6.669,,0.0552,56.13,,4343.0,0.732,3.35
1841,K2-415 b,1.015,7.5,4.0179694,412.4,0.027,4.82,,3173.0,0.1965,
1842,K2-416 b,2.66,1652.7077164,13.102,447.0,0.088,,,3746.0,0.554,
1843,K2-417 b,3.31,699.2224954,6.535,558.0,0.063,,,3861.0,0.5776,
1844,K2-419 A b,10.55,196.0,20.35847252,377.0,0.1208,3.3,0.042,3711.0,0.541,0.916
1845,K2-42 b,2.15,5.27,6.68796,,0.0617,44.1,,4613.0,0.643,2.91
1846,K2-43 b,4.51,18.5,3.471149,939.3,0.03784,49.0,0.07,3840.6,0.542,1.11
1847,K2-43 c,2.42,6.44,2.198884,1093.7,,,,3840.6,0.542,2.5
1848,K2-44 b,2.433,6.5,5.657,1211.0,0.06,646.0,,5912.0,1.58,2.48
1849,K2-45 b,6.71,36.4,1.7292684,1073.56,0.0224,100.0,0.1,4103.0,0.445,0.662
1850,K2-46 b,2.05,4.86,19.1541,889.0,0.13821,119.0,,6256.0,1.29,3.1
1851,K2-47 b,1.89,4.23,31.6372,,0.1779,10.7,,5054.0,0.76,3.44
1852,K2-48 b,2.24,5.65,20.5065,,0.1344,15.3,,4899.0,0.73,2.76
1853,K2-49 b,1.93,4.38,2.77065,,0.0309,59.0,,4175.0,0.45,3.35
1854,K2-5 b,1.91,4.31,5.73594,565.0,0.0532,24.1,,3930.0,0.57,3.4
1855,K2-5 c,2.26,5.73,10.93241,456.0,0.0818,10.2,,3930.0,0.57,2.73
1856,K2-50 b,1.59,3.15,8.7529,,0.0705,18.8,,4326.0,0.546,4.31
1857,K2-52 b,18.0,,3.535055,2004.0,0.054,1124.0,,7147.0,2.192,
1858,K2-53 b,2.6,7.27,12.20772,665.0,0.098,52.5,,5263.0,0.807,2.27
1859,K2-54 b,2.6116925,7.33,9.7833,560.0,0.0761,6.1,0.24,3990.0,0.643,2.26
1860,K2-55 b,4.43,44.0,2.849271,900.0,0.03486,141.3,0.07,4300.0,0.715,2.8
1861,K2-57 b,2.30905002,5.94,9.0073,635.8,0.0752,24.1,0.25,4413.0,0.671,2.65
1862,K2-58 b,2.68,7.65,7.05254,,0.0692,118.0,,5413.0,0.86,2.18
1863,K2-58 c,1.62,3.26,2.53726,,0.035,462.0,,5413.0,0.86,4.21
1864,K2-58 d,1.71,3.57,22.8827,,0.1517,24.6,,5413.0,0.86,3.92
1865,K2-59 b,2.41,6.39,20.6921,,0.1354,17.1,,5055.0,0.731,2.51
1866,K2-59 c,2.3,5.9,11.2954,,0.0905,38.3,,5055.0,0.731,2.66
1867,K2-6 b,2.5,6.8,30.94191,615.0,0.1898,28.6,,5850.0,0.96,2.39
1868,K2-60 b,7.655747,135.39558,3.00265,1400.0,0.045,1212.0,0.0,5500.0,1.12,1.7
1869,K2-61 b,1.92,4.35,2.57336,1325.0,0.0392,730.0,,5748.0,0.995,3.38
1870,K2-62 b,2.02,4.74,6.67199,666.0,0.0636,46.7,,4455.0,0.696,3.16
1871,K2-62 c,1.99,4.62,16.19697,495.0,0.1148,14.3,,4455.0,0.696,3.22
1872,K2-63 b,3.22,10.5,20.257,,0.1627,188.0,,6771.0,1.63,1.73
1873,K2-63 c,3.9,14.5,25.4556,,0.189,139.0,,6771.0,1.63,1.34
1874,K2-64 b,2.07,4.94,6.53044,,0.0619,98.0,,5312.0,0.726,3.06
1875,K2-65 b,1.58,3.12,12.6475,,0.1014,45.0,,5213.0,0.84,4.35
1876,K2-66 b,2.49,21.3,5.06963,1372.0,0.05983,840.0,0.0,5887.0,1.67,7.8
1877,K2-68 b,1.58,3.12,8.05428,,0.0708,41.0,,4746.0,0.675,4.35
1878,K2-69 b,2.32,5.99,7.06599,,0.0591,17.9,,4127.0,0.491,2.64
1879,K2-7 b,4.03523305,15.3,28.6781,786.0,0.1867,125.0,0.24,5700.0,1.533,1.28
1880,K2-70 b,2.89,8.7,13.97896,,0.1112,62.0,,5622.0,0.93,1.98
1881,K2-71 b,2.15,5.27,6.98541,,0.0559,13.4,,4006.0,0.426,2.91
1882,K2-72 b,1.08,1.28,5.577212,,0.04,8.5,0.11,3360.47,0.330989,5.58
1883,K2-72 c,1.16,1.65,15.189034,,0.078,2.2,0.11,3360.47,0.330989,5.81
1884,K2-72 d,1.01,1.01,7.760178,,0.05,5.4,0.11,3360.47,0.330989,5.39
1885,K2-72 e,1.29,2.21,24.158868,,0.106,1.2,0.11,3360.47,0.330989,5.66
1886,K2-73 b,2.58,9.2,7.49556,968.0,0.07619,209.0,,5867.0,1.058,2.8
1887,K2-73 c,13.0,1142.0,1000.0,186.1,,0.285,,5867.0,1.058,2.86
1888,K2-74 b,2.31,5.95,19.5666,,0.1402,59.1,,6060.0,0.98,2.65
1889,K2-75 b,2.67,7.61,7.8142,,0.081,430.0,,5995.0,1.56,2.2
1890,K2-75 c,2.77,8.1,18.311,,0.1429,138.0,,5995.0,1.56,2.09
1891,K2-77 b,2.4996027,603.877,8.2000844,806.0,0.0753,58.0,0.29,5160.0,0.792,
1892,K2-79 b,4.15,5.9,10.995039,1033.0,0.0987,180.0,0.032,5897.0,1.269,0.476928
1893,K2-8 b,3.58,12.5,10.35239,631.0,0.0856,37.7,,4870.0,0.74,1.5
1894,K2-8 c,2.41,6.39,5.06416,801.0,0.0532,97.8,,4870.0,0.74,2.51
1895,K2-80 b,2.01,4.7,19.0918,,0.135,32.5,,5441.0,0.87,3.18
1896,K2-80 c,1.47,2.76,5.605,,0.0596,166.0,,5441.0,0.87,4.77
1897,K2-80 d,2.55211506,7.04,28.867253,,,,,5377.0,0.841458,2.33
1898,K2-81 b,1.97,4.54,6.102325,,0.059,62.9,0.06,4674.13,0.634663,3.26
1899,K2-83 b,1.244,2.08,2.74697,,0.03014,41.5,0.07,3910.0,0.424,5.94
1900,K2-83 c,1.483,2.8,9.99767,,0.07131,7.42,0.06,3910.0,0.424,4.72
1901,K2-84 b,2.41,6.39,6.4215,,0.0665,178.0,,5652.0,0.93,2.51
1902,K2-84 c,2.03,4.78,27.86,,0.1768,25.3,,5652.0,0.93,3.14
1903,K2-85 b,1.4,3.2,0.68453862616,1355.0,0.013,800.0,0.24,4232.0,0.71,5.9
1904,K2-86 b,1.96,4.5,8.77683,,0.077,78.0,,5482.0,0.76,3.28
1905,K2-87 b,7.6,44.9,9.726618,979.0,0.094,85.0,,5747.0,1.401,0.562
1906,K2-88 b,1.23,2.04,4.6122,,0.0345,7.8,0.26,3537.0,0.256,6.02
1907,K2-89 b,0.615,0.17,1.096026,,0.01462,78.0,0.15,3691.0,0.318,4.02
1908,K2-9 b,2.25,5.69,18.4498,314.0,0.091,1.36,,3390.0,0.31,2.74
1909,K2-90 b,2.6,7.27,13.733314,502.0,0.096,10.2,0.07,4484.0,0.619,2.27
1910,K2-90 c,1.3,2.24,2.900706,,0.035,80.8,0.19,4421.98,0.634754,5.6
1911,K2-91 b,1.1,1.37,1.419549,,0.0164,46.0,0.09,3622.0,0.284,5.66
1912,K2-95 b,3.31,11.0,10.1346454,474.0,0.0525,,0.16,3566.0,0.4,1.67
1913,K2-97 b,13.45077684,174.48779544,8.407115,1566.0,0.0854,114.149,0.207,4673.0,4.14,0.392
1914,K2-98 b,5.06645928,34.00763955,10.1367349,1185.0,0.0986,339.0,0.119,6260.0,1.518,1.4
1915,K2-99 b,11.88151954,276.51071409,18.24783,1184.0,0.153,357.0,0.22,6069.0,2.55,0.9
1916,K2-99 c,12.6,2669.7586188,522.2,390.0,1.43,,0.21,6069.0,2.55,7.33
1917,KELT-1 b,12.442,8654.15,1.217514,2361.0,0.02466,5165.92,0.0099,6516.0,1.471,24.7
1918,KELT-10 b,15.681391,215.80657,4.1662739,1377.0,0.0525,600.0,,5948.0,1.209,0.308
1919,KELT-11 b,15.13212395,65.15482343,4.73620865,1712.0,0.0623,1433.0,0.0,5375.0,2.69,0.093
1920,KELT-12 b,19.95202,301.9385,5.031623,1800.0,0.06708,1749.0,0.0,6279.0,2.37,0.209
1921,KELT-14 b,19.537287,408.09372,1.7100566,1970.0,0.03005,826.113,0.0,5720.0,1.52,0.322
1922,KELT-15 b,19.50366,416.3573,3.32944,1642.0,0.04613,1612.7618,0.0,6003.0,1.78,0.36
1923,KELT-16 b,15.860735,874.0325,0.9689951,2453.0,0.02044,6992.0328,0.0,6236.0,1.36,1.2
1924,KELT-17 b,17.093725,416.3573,3.0801716,2087.0,0.04881,3331.8707,,7454.0,1.645,0.46
1925,KELT-18 b,17.59813,375.0394,2.8717518,2085.0,0.0455,3152.0,0.0,6670.0,1.908,0.377
1926,KELT-19 A b,21.40919,1293.5681,4.6117093,1935.0,0.0637,2340.0,,7500.0,1.83,0.744
1927,KELT-2 A b,15.13215,540.311,4.11379,2080.0,0.05497,3108.45,0.0,6327.0,1.93,0.91
1928,KELT-20 b,19.514869,1074.90106,3.4741085,2262.0,0.0542,4362.5,0.0,8720.0,1.565,0.806
1929,KELT-21 b,17.777474,1242.7153,3.6127647,2051.0,0.05224,2950.0,0.0,7598.0,1.638,1.24
1930,KELT-23 A b,14.829507,298.12454,2.255251,1561.0,0.03302,991.183,0.0,5899.0,0.996,0.503
1931,KELT-24 b,12.71098411,1458.83238813,5.55149296,1391.0,0.0665,624.0,0.0319,6426.0,1.338,3.9
1932,KELT-3 b,17.48604,616.5902,2.70339,1816.0,0.04123,1704.57,0.0,,,0.75
1933,KELT-4 A b,19.044091,286.68266,2.9895932,1823.0,0.04317,1840.0,0.0,6206.0,1.603,0.228
1934,KELT-6 b,14.5717,165.2716,7.8457,1313.0,0.07939,718.188,0.22,6102.0,1.73,0.27
1935,KELT-6 c,13.0,1179.1493,1276.0,,2.39,,0.21,6272.0,1.529,2.95
1936,KELT-7 b,17.9344,441.7837,2.73477,2048.0,0.04415,1775.39,0.0,6768.0,1.81,0.442
1937,KELT-8 b,18.15858,209.7678,3.24406,1675.0,0.0455,983.3098,0.04,5754.0,1.46,0.167
1938,KELT-9 b,21.196219,915.3504,1.4811235,4050.0,0.03462,44900.0,0.0,10170.0,2.362,0.53
1939,KIC 10001893 b,,,0.2197,,,,,27500.0,0.18,
1940,KIC 10001893 c,,,0.32528,,,,,27500.0,0.18,
1941,KIC 10001893 d,,,0.81161,,,,,27500.0,0.18,
1942,KIC 10068024 b,13.4,635.656814,2.073549,,,,,6118.4,1.574,1.45
1943,KIC 10525077 b,5.5,25.9,854.083,,,,,6091.0,1.01,0.855
1944,KIC 3526061 b,12.1,5768.58558705,3552.0,,5.14,,0.85,4829.0,5.86,17.9
1945,KIC 3558849 b,6.9,38.1,1322.3,,,,,6175.0,1.01,0.637
1946,KIC 5437945 b,6.4,33.6,440.7813,308.0,1.19671,2.9,0.0,6340.0,1.24,0.704
1947,KIC 5479689 b,14.2,158.9142035,1.701531,,,,,5459.1,0.894,0.305
1948,KIC 7917485 b,12.4,3750.394,840.0,,,,0.15,7067.0,2.009938,10.8
1949,KIC 8121913 b,13.4,667.4396547,3.294601,,,,,5975.3,2.233,1.52
1950,KIC 8540376 b,4.1,15.8,31.8099,,,,,6474.0,1.26,1.26
1951,KIC 8540376 c,2.4,6.35,75.2,,,,,6474.0,1.26,2.52
1952,KIC 9663113 b,4.6,19.2,572.3847,264.0,1.55346,3.356,0.0,6065.0,1.03,1.08
1953,KMT-2016-BLG-0212L b,12.2,5700.0,,,2.2,,,,,17.2
1954,KMT-2016-BLG-1105L b,1.33,2.32,,,2.44,,,,,5.42
1955,KMT-2016-BLG-1107L b,13.1,1043.0,,,0.342,,,,,2.55
1956,KMT-2016-BLG-1337L b,11.4,88.99195396,,,3.97,,,,,0.33
1957,KMT-2016-BLG-1397L b,12.7,2200.0,,,5.1,,,,,5.9
1958,KMT-2016-BLG-1820L b,12.9,1450.0,,,1.08,,,,,3.71
1959,KMT-2016-BLG-1836L b,13.3,700.0,,,3.5,,,,,1.63
1960,KMT-2016-BLG-2142L b,12.2,4923.0,,,0.83,,,,,14.9
1961,KMT-2016-BLG-2321L b,13.8,301.93698665,,,3.58,,,,,0.631
1962,KMT-2016-BLG-2364L b,13.0,1250.0,,,2.63,,,,,3.13
1963,KMT-2016-BLG-2397L b,13.2,836.0,,,3.64,,,,,2.0
1964,KMT-2016-BLG-2605L b,14.0,245.0457018,,,0.681,,,,,0.491
1965,KMT-2017-BLG-0165L b,6.45,34.0,,,3.45,,,,,0.696
1966,KMT-2017-BLG-0428L b,2.23,5.59,,,1.81,,,,,2.77
1967,KMT-2017-BLG-0673L b,13.0,1166.43025369,,,2.34,,,,,2.92
1968,KMT-2017-BLG-0849L b,2.41,6.39,,,2.73,,,,,2.51
1969,KMT-2017-BLG-1003L b,2.13,5.19,,,1.38,,,,,2.95
1970,KMT-2017-BLG-1038L b,13.4,640.0,,,1.8,,,,,1.46
1971,KMT-2017-BLG-1057L b,5.19,23.5,,,2.36,,,,,0.924
1972,KMT-2017-BLG-1146L b,14.0,230.0,,,1.6,,,,,0.461
1973,KMT-2017-BLG-1194L b,1.7,3.54,,,1.78,,,,,3.96
1974,KMT-2017-BLG-2197L b,12.5,2809.60311788,,,15.91,,,,,7.9
1975,KMT-2017-BLG-2331L b,14.2,171.0,,,2.14,,,,,0.328
1976,KMT-2017-BLG-2509L b,13.4,664.26137063,,,2.14,,,,,1.52
1977,KMT-2018-BLG-0029L b,2.67,7.59,,,4.27,,,,,2.19
1978,KMT-2018-BLG-0030L b,13.6,460.85119015,,,4.39,,,,,1.01
1979,KMT-2018-BLG-0087L b,10.1,73.10053361,,,0.87,,,,,0.39
1980,KMT-2018-BLG-0247L b,13.4,670.61793877,,,2.46,,,,,1.53
1981,KMT-2018-BLG-0748L b,9.01,60.0,,,0.62,,,,,0.451
1982,KMT-2018-BLG-0885L b,11.9,9217.023803,,,1.07,,,,,30.1
1983,KMT-2018-BLG-1025L b,2.34,6.059,,,1.305,,,,,2.6
1984,KMT-2018-BLG-1292L b,12.9,1400.0,,,6.03,,,,,3.58
1985,KMT-2018-BLG-1743L b,10.5,77.86795971,,,1.449,,,,,0.37
1986,KMT-2018-BLG-1976L b,13.3,705.57906354,,,3.54,,,,,1.65
1987,KMT-2018-BLG-1988L b,2.22,5.56,,,3.09,,,,,2.79
1988,KMT-2018-BLG-1990L b,12.9,111.0,,,0.763,,,,,0.284
1989,KMT-2018-BLG-1996L b,13.7,346.43296363,,,4.27,,,,,0.74
1990,KMT-2018-BLG-2602L b,13.7,365.50266805,,,3.81,,,,,0.781
1991,KMT-2019-BLG-0253L b,2.99,9.2,,,3.1,,,,,1.89
1992,KMT-2019-BLG-0297L b,12.1,6038.739733,,,0.96,,,,,18.7
1993,KMT-2019-BLG-0298L b,13.4,575.26941667,,,5.67,,,,,1.31
1994,KMT-2019-BLG-0335L b,12.1,6674.396547,,,1.64,,,,,20.7
1995,KMT-2019-BLG-0371L b,12.6,2447.2787339,,,0.79,,,,,6.72
1996,KMT-2019-BLG-0414L b,12.9,1452.47581999,,,1.16,,,,,3.72
1997,KMT-2019-BLG-0578L b,13.7,381.3940884,,,2.0,,,,,0.815
1998,KMT-2019-BLG-0842L b,3.19,10.28,,,3.31,,,,,1.74
1999,KMT-2019-BLG-0953L b,4.06,15.5,,,1.1,,,,,1.27
2000,KMT-2019-BLG-1042L b,9.05,60.38739733,,,1.7,,,,,0.448
2001,KMT-2019-BLG-1216L b,5.98,29.87587026,,,2.44,,,,,0.768
2002,KMT-2019-BLG-1339L b,13.7,397.0,,,2.15,,,,,0.848
2003,KMT-2019-BLG-1367L b,1.85,4.08,,,1.7,,,,,3.54
2004,KMT-2019-BLG-1552L b,13.0,1287.20504835,,,2.6,,,,,3.22
2005,KMT-2019-BLG-1715L b,13.2,813.64072192,,,3.32,,,,,1.94
2006,KMT-2019-BLG-1806L b,2.0,4.67,,,3.02,,,,,3.21
2007,KMT-2019-BLG-1953L b,14.1,200.0,,,,,,,,0.392
2008,KMT-2019-BLG-2783L b,13.7,368.68095212,,,1.85,,,,,0.788
2009,KMT-2019-BLG-2974L b,11.4,88.99195396,,,2.0,,,,,0.33
2010,KMT-2020-BLG-0202L b,12.4,3902.93283796,,,4.17,,,,,11.2
2011,KMT-2020-BLG-0414L b,1.2,1.87,,,2.07,,,,,5.95
2012,KMT-2020-BLG-0414L c,11.9,8581.366989,,,22.3,,,,,28.0
2013,KMT-2021-BLG-0119L b,12.8,1754.41280664,,,2.92,,,,,4.6
2014,KMT-2021-BLG-0171L b,3.35,11.2,,,3.5,,,5200.0,,1.64
2015,KMT-2021-BLG-0192L b,6.56,34.96112477,,,1.62,,,,,0.681
2016,KMT-2021-BLG-0240L b,9.6,66.74396547,,,2.8,,,,,0.415
2017,KMT-2021-BLG-0320L b,6.2,31.7828407,,,1.54,,,,,0.733
2018,KMT-2021-BLG-0322L b,12.7,2034.1018048,,,,,,,,5.46
2019,KMT-2021-BLG-0712L b,6.91,38.19,,,2.22,,,,,0.636
2020,KMT-2021-BLG-0736L b,4.86,21.0,,,4.0,,,,,1.01
2021,KMT-2021-BLG-0748L b,14.3,143.02278315,,,2.43,,,,,0.269
2022,KMT-2021-BLG-0852L b,14.2,155.73591943,,,7.78,,,,,0.299
2023,KMT-2021-BLG-0909L b,13.7,400.46379282,,,1.75,,,,,0.856
2024,KMT-2021-BLG-0912L b,1.49,2.81,,,3.14,,,,,4.67
2025,KMT-2021-BLG-1077L b,9.86,69.92224954,,,1.26,,,,,0.401
2026,KMT-2021-BLG-1077L c,10.6,79.45710175,,,0.93,,,,,0.367
2027,KMT-2021-BLG-1105L b,13.6,413.1769291,,,3.54,,,,,0.903
2028,KMT-2021-BLG-1150L b,13.9,279.68899816,,,4.5,,,,,0.572
2029,KMT-2021-BLG-1253L b,4.59,19.05,,,1.52,,,,,1.08
2030,KMT-2021-BLG-1303L b,13.6,120.77479466,,,2.89,,,,,0.264
2031,KMT-2021-BLG-1372L b,9.12,61.27,,,2.37,,,,,0.444
2032,KMT-2021-BLG-1391L b,1.97,4.55,,,2.29,,,,,3.27
2033,KMT-2021-BLG-1547L b,13.6,467.20775829,,,4.5,,,,,1.02
2034,KMT-2021-BLG-1554L b,6.9,38.13940884,,,0.72,,,,,0.638
2035,KMT-2021-BLG-1689L b,7.71,46.0,,,2.5,,,4570.0,,0.552
2036,KMT-2021-BLG-1770L b,12.1,6674.396547,,,0.9,,,,,20.7
2037,KMT-2021-BLG-1898L b,14.0,232.01473711,,,1.9,,,,,0.465
2038,KMT-2021-BLG-2010L b,13.8,340.07639549,,,1.79,,,,,0.711
2039,KMT-2021-BLG-2294L b,5.02,22.24798849,,,1.15,,,,,0.966
2040,KMT-2021-BLG-2478L b,13.9,286.0455663,,,1.85,,,,,0.585
2041,KMT-2021-BLG-2609L b,3.17,10.17050902,,,2.3,,,,,1.75
2042,KMT-2022-BLG-0303L b,14.2,163.04597279,,,4.81,,,,,0.313
2043,KMT-2022-BLG-0371L b,10.9,82.63538582,,,3.02,,,,,0.351
2044,KMT-2022-BLG-0440L b,4.05,15.4,,,1.9,,,,,1.27
2045,KMT-2022-BLG-1013L b,12.1,98.52680617,,,1.38,,,,,0.306
2046,KMT-2022-BLG-1551L b,13.2,940.77208472,,,2.29,,,,,2.25
2047,KMT-2022-BLG-1790L b,13.5,549.84314411,,,5.25,,,,,1.23
2048,KMT-2022-BLG-1818L b,13.0,1271.313628,,,2.6,,,,,3.18
2049,KMT-2022-BLG-1818L c,13.2,114.41822652,,,12.6,,,,,0.273
2050,KMT-2022-BLG-2076L b,13.9,279.68899816,,,5.67,,,,,0.572
2051,KMT-2022-BLG-2286L b,12.1,6038.739733,,,2.02,,,,,18.7
2052,KMT-2023-BLG-0119L b,11.0,83.7,,,3.14,,,,,0.346
2053,KMT-2023-BLG-0416L b,3.67,13.03096469,,,2.96,,,,,1.45
2054,KMT-2023-BLG-0466L b,13.1,1032.94232275,,,2.68,,,,,2.52
2055,KMT-2023-BLG-0469L b,7.04,39.41072247,,,2.31,,,,,0.621
2056,KMT-2023-BLG-0548L b,13.1,1086.97315194,,,6.85,,,,,2.66
2057,KMT-2023-BLG-0735L b,6.97,38.77506565,,,2.96,,,,,0.629
2058,KMT-2023-BLG-0830L b,4.41,17.79839079,,,1.7,,,,,1.14
2059,KMT-2023-BLG-0949L b,12.8,1900.61387386,,,2.03,,,,,4.98
2060,KMT-2023-BLG-1431L b,3.76,13.6,,,3.2,,,,,1.41
2061,KMT-2023-BLG-1454L b,14.1,200.23189641,,,1.18,,,,,0.393
2062,KMT-2023-BLG-1642L b,13.8,343.25467956,,,1.41,,,,,0.718
2063,KMT-2023-BLG-1743L b,12.1,6356.56814,,,1.16,,,,,19.7
2064,KMT-2023-BLG-1866L b,1.43,2.63,,,2.63,,,,,4.94
2065,KMT-2023-BLG-1896L b,4.19,16.35,,,2.86,,,,,1.22
2066,KMT-2023-BLG-2209L b,13.9,254.2627256,,,3.51,,,,,0.52
2067,KMT-2024-BLG-0176L b,14.0,241.54958932,,,1.32,,,,,0.484
2068,KMT-2024-BLG-0349L b,12.4,3769.44490702,,,6.46,,,,,10.9
2069,KMT-2024-BLG-0404L b,11.9,8657.64580668,,,0.85,,,,,28.2
2070,KMT-2024-BLG-0404L c,4.33,17.3,,,,,,,,1.17
2071,KMT-2024-BLG-1005L b,12.1,6674.396547,,,0.78,,,,,20.7
2072,KMT-2024-BLG-1044L b,2.7,7.75,,,,,,,,2.16
2073,KMT-2024-BLG-1209L b,13.2,839.06699448,,,2.51,,,,,2.0
2074,KMT-2024-BLG-1281L b,4.59,19.06970442,,,1.96,,,,,1.08
2075,KMT-2024-BLG-1870L b,13.8,336.89811142,,,3.15,,,,,0.704
2076,KMT-2024-BLG-2005L b,8.18,50.85254512,,,1.12,,,,,0.511
2077,KMT-2024-BLG-2059L b,2.54,6.99222495,,,2.55,,,,,2.34
2078,KMT-2024-BLG-2087L b,12.9,1395.26670673,,,3.03,,,,,3.57
2079,KMT-2024-BLG-2242L b,3.82,13.98444991,,,0.89,,,,,1.38
2080,KMT-2025-BLG-0121L b,12.6,2469.52672239,,,3.05,,,,,6.78
2081,KMT-2025-BLG-0481L b,14.1,187.51876013,,,2.18,,,,,0.368
2082,KMT-2025-BLG-1616L b,7.34,42.32,,,1.6,,,,,0.588
2083,KOBE-1 b,2.91,8.8,8.5399,594.4,0.07006,20.56,0.0,4135.0,0.619,1.96
2084,KOBE-1 c,3.56,12.4,29.671,392.5,0.16071,3.91,0.0,4135.0,0.619,1.51
2085,KOI-12 b,13.78707,349.613,17.855182,911.0,0.154,196.507,0.34,6635.0,1.4,0.733
2086,KOI-1257 b,10.54,460.83,86.647661,511.0,0.382,7.28,0.772,5520.0,1.13,2.1
2087,KOI-13 b,16.948008,2949.4624,1.763588,2550.0,0.03641,25339.901,0.00064,7650.0,1.74,3.6
2088,KOI-134 b,12.03844527,346.43296363,67.1277,659.0,0.363,45.0,0.16,6160.0,1.667,1.09
2089,KOI-134 c,9.86,69.92224954,33.95,,0.2305,,0.24,6160.0,1.667,0.401
2090,KOI-142 b,3.438,9.5,10.91647,758.0,0.09586,68.563,0.05561,5466.0,0.897,1.29
2091,KOI-142 c,14.0,214.1,22.26492,,0.154121003,,0.05724,5466.0,0.897,0.429
2092,KOI-1599.01,1.9,4.6,20.4415,660.0,0.14728,44.8,0.014,5833.0,0.972,3.69
2093,KOI-1599.02,1.9,9.0,13.6088,755.0,0.112293,76.81,0.0114,5833.0,0.972,7.21
2094,KOI-1783.01,8.86,71.0,134.4628,412.0,0.52661,5.7,0.0,5922.0,1.143,0.56
2095,KOI-1783.02,5.44,15.0,284.215,321.0,0.86695,2.49,0.0,5922.0,1.143,0.51
2096,KOI-1831 d,1.13,2.23,34.169,475.0,0.19924,11.8,0.0,5233.0,0.835,9.95
2097,KOI-1833 d,2.58,11.02,7.685,613.0,0.0634,27.35,0.0,4413.0,0.667,4.5
2098,KOI-1843.03,0.61,8.0,0.1768913,1654.0,0.005,,,3584.0,0.45,
2099,KOI-217 b,12.442,,3.90512,1046.0,0.0477,272.033,0.0,5545.0,0.86,
2100,KOI-2513.01,2.80224517,7310.053361,19.00547,758.0,0.5,78.19,0.36,5900.0,1.2,2000.0
2101,KOI-3503 b,1.19,9.2,21.185,785.0,0.14247,90.2,0.0,6001.0,1.255,10.0
2102,KOI-3503 c,1.21,10.36,31.828,686.0,0.18688,52.5,0.0,6001.0,1.255,10.0
2103,KOI-351 b,1.31,2.27,7.008151,1062.0,0.074,316.442,0.0,6080.0,1.2,5.55
2104,KOI-351 c,1.19,1.81,8.719375,987.0,0.089,236.315,0.0,6080.0,1.2,5.9
2105,KOI-351 d,2.87,8.6,59.73667,520.0,0.32,18.168,0.0,6080.0,1.2,2.0
2106,KOI-351 e,2.66,7.56,91.93913,450.0,0.42,10.228,0.0,6080.0,1.2,2.21
2107,KOI-351 f,2.88,8.65,124.9144,407.0,0.48,6.796,0.0,6080.0,1.2,1.99
2108,KOI-351 g,7.718,15.0,210.73514,342.0,0.71704,3.387,0.0292,6031.13,1.185,0.272128
2109,KOI-351 h,11.252,203.0,331.60296,294.0,0.97062,1.849,0.0276,6031.13,1.185,0.911829
2110,KOI-3680 b,11.09691,613.4119,141.241671,347.0,0.534,3.3,0.496,5830.0,0.96,2.46
2111,KOI-4777.01,0.51,99.2,0.412,1180.0,0.008,320.0,0.0,3515.0,0.4,
2112,KOI-4978 b,0.7,0.271,0.941967,,,,,5050.28,0.966,4.34
2113,KOI-55 b,0.759,0.44,0.240104,,0.006,,,27730.0,0.203,5.53
2114,KOI-55 c,0.867,0.655,0.342887,,0.0076,,,27730.0,0.203,5.52
2115,KOI-7368 b,2.22,5.56,6.8430344,805.0,0.0678,99.24,0.0,5241.0,0.874,2.79
2116,KOI-7913 b,2.34,6.08,24.278553,432.0,0.1456,8.27,0.0,4324.0,0.788,2.61
2117,KOI-94 b,1.71,10.5,3.743208,1486.0,0.05119,1053.181,0.25,6182.0,1.52,10.1
2118,KOI-94 c,4.32,15.6,10.423648,1012.0,0.1013,268.219,0.43,6182.0,1.52,0.91
2119,KOI-94 d,11.27,106.0,22.342989,806.0,0.1684,97.12,0.022,6182.0,1.52,0.363
2120,KOI-94 e,6.56,35.0,54.32031,584.0,0.3046,29.7,0.019,6182.0,1.52,0.6
2121,KOI-984 b,4.3,17.1,4.2881785,1022.0,0.0504,186.31,0.12,5295.0,0.818,1.18
2122,KOI-984 c,14.1,209.8,21.512,597.0,0.1467,,0.38,5295.0,0.818,0.411
2123,KOINTREAU-1 b,12.4,3368.9811142,,,690.0,,,3551.0,,9.71
2124,KOINTREAU-3 b,13.1,1080.6165838,,,342.0,,,3920.0,0.730795,2.64
2125,KOINTREAU-4 b,12.2,4862.7746271,,,182.0,,,3252.0,,14.7
2126,KPS-1 b,11.54527,346.4347,1.706291,1459.0,0.0269,729.0,0.0,5165.0,0.907,1.31
2127,Kapteyn c,2.54,7.0,121.54,,0.311,,0.23,3550.0,0.291,2.35
2128,Kepler-10 b,1.47,3.24,0.8374907,2188.0,0.01685,3741.78,0.0,5708.0,1.065,5.54
2129,Kepler-10 c,2.355,11.29,45.294301,579.0,0.241,18.3,0.136,5708.0,1.065,4.75
2130,Kepler-10 d,3.49,12.0,151.06,387.0,0.5379,,0.19,5708.0,1.065,1.55
2131,Kepler-100 b,1.34,4.01,6.88734,1155.0,0.07309,478.214,0.13,5837.0,1.51,12.357908
2132,Kepler-100 c,2.2,7.05,12.8159,939.0,0.11061,208.657,0.02,5825.0,1.49,1.721102
2133,Kepler-100 d,1.61,3.0,35.3331,670.0,0.21747,53.981,0.38,5825.0,1.49,2.695922
2134,Kepler-100 e,5.27,24.14271827,60.888588,,0.312391586,,0.026437,5884.0,1.5,0.906
2135,Kepler-1000 b,4.76,20.3,120.0181272,473.0,0.5326,18.0,0.0,6453.0,1.51,1.03
2136,Kepler-1001 b,3.15,10.1,14.30511983,693.0,0.11147,40.853,0.0,5491.0,0.88,1.78
2137,Kepler-1001 c,1.57799279,3.11,9.18186,804.0,0.08296,72.4,0.0,5376.0,0.836475,4.35
2138,Kepler-1002 b,1.71,3.57,4.336429331,1453.0,0.0564,981.68,0.0,6144.0,1.57,3.92
2139,Kepler-1003 b,1.78,3.82,3.554856915,1157.0,0.04333,814.925,0.0,6109.0,1.17,3.72
2140,Kepler-1004 b,6.28,32.5,5.28789787,1661.0,0.06791,1610.087,0.0,4972.0,3.39,0.721
2141,Kepler-1005 b,1.5,2.86,6.49801525,1026.0,0.06717,301.329,0.0,5782.0,1.06,4.66
2142,Kepler-1006 b,1.54,2.99,19.76172042,791.0,0.1464,153.493,0.0,5328.0,0.74,4.5
2143,Kepler-1007 b,1.44,2.67,5.185002073,652.0,0.048,42.62,0.0,4587.0,0.7,4.91
2144,Kepler-1008 b,1.28,2.18,12.43931193,627.0,0.09755,35.408,0.0,5066.0,0.78,5.71
2145,Kepler-1009 b,2.17,5.35,11.35011917,403.0,0.0796,11.561,0.0,4027.0,0.57,2.88
2146,Kepler-101 b,5.77,51.1,3.4876812,1513.0,0.0474,1240.332,0.086,5667.0,1.56,1.45
2147,Kepler-101 c,1.25,3.78,6.02976,1413.0,0.0684,596.069,0.0,5667.0,1.56,10.5
2148,Kepler-1010 b,2.32,5.99,34.2685705,477.0,0.193,10.17,0.0,5253.0,0.82,2.64
2149,Kepler-1011 b,2.87,8.6,5.753221974,920.0,0.0633,108.788,0.0,5416.0,0.88,2.0
2150,Kepler-1012 b,1.29,2.21,5.50860439,934.0,0.06066,191.811,0.0,5556.0,0.91,5.66
2151,Kepler-1013 b,2.15,5.27,18.93054959,766.0,0.137,16.101,0.0,4954.0,0.76,2.91
2152,Kepler-1014 b,2.39,6.3,16.57110363,614.0,0.121,33.479,0.0,5388.0,0.84,2.54
2153,Kepler-1015 b,3.55,12.3,16.00494214,1040.0,0.1345,172.112,0.0,6769.0,1.81,1.51
2154,Kepler-1016 b,2.18,5.39,1.954524342,1540.0,0.03044,1445.204,0.0,5821.0,1.0,2.86
2155,Kepler-1016 c,3.68,13.1,105.6551369,407.0,0.43519,7.071,0.0,5821.0,1.0,1.44
2156,Kepler-1017 b,1.99,4.62,7.23400469,831.0,0.07196,119.603,0.0,5473.0,0.87,3.22
2157,Kepler-1018 b,2.58,7.18,49.1013514,498.0,0.253,12.098,0.0,5518.0,0.88,2.3
2158,Kepler-1019 b,1.46,2.73,1.411229847,1164.0,0.0221,330.249,0.0,4433.0,0.67,4.82
2159,Kepler-102 b,0.46,1.1,5.286965,857.0,0.05521,90.0,0.1,4909.0,0.724,62.0
2160,Kepler-102 c,0.567,1.7,7.071392,777.0,0.06702,61.0,0.094,4909.0,0.724,52.0
2161,Kepler-102 d,1.154,3.0,10.311767,686.0,0.08618,36.9,0.092,4909.0,0.724,10.7
2162,Kepler-102 e,2.17,4.7,16.1456994,590.0,0.1162,20.3,0.089,4909.0,0.724,2.5
2163,Kepler-102 f,0.861,4.3,27.453592,495.0,0.1656,10.0,0.1,4909.0,0.724,37.0
2164,Kepler-1020 b,2.28,5.82,96.9151496,325.0,0.37594,2.339,0.0,5227.0,0.8,2.7
2165,Kepler-1021 b,2.33,6.04,13.47469571,634.0,0.1034,50.37,0.0,5431.0,0.86,2.62
2166,Kepler-1022 b,2.36,6.17,10.99469878,512.0,0.0805,19.258,0.0,4445.0,0.68,2.58
2167,Kepler-1023 b,2.63,7.41,62.1387714,524.0,0.30284,6.978,0.0,5494.0,0.89,2.24
2168,Kepler-1024 b,3.91,14.5,66.4162133,376.0,0.3033,5.446,0.0,5143.0,0.78,1.33
2169,Kepler-1025 b,1.98,4.58,37.3229493,1654.0,0.21607,17.952,0.0,6089.0,1.13,3.24
2170,Kepler-1026 b,2.21,5.52,36.5156053,425.0,0.1977,5.988,0.0,4948.0,0.75,2.81
2171,Kepler-1027 b,0.89,0.64,1.907805199,1268.0,0.02911,1162.51,0.0,5436.0,0.82,4.99
2172,Kepler-1028 b,1.33,2.33,2.51462432,1217.0,0.0354,519.636,0.0,5522.0,0.87,5.44
2173,Kepler-1029 b,1.26,2.13,4.417696479,790.0,0.047,92.16,0.0,5030.0,0.77,5.85
2174,Kepler-103 b,3.4857,11.67,15.9653287,973.0,0.133,150.536,0.171,6047.0,1.492,1.52
2175,Kepler-103 c,5.4539,58.47,179.60978,434.0,0.6679,5.97,0.103,6047.0,1.492,1.98
2176,Kepler-1030 b,2.48,6.71,19.32952416,529.0,0.1338,16.881,0.0,4983.0,0.76,2.42
2177,Kepler-1031 b,0.87,0.59,1.22621732,2024.0,0.0218,3973.86,0.0,6011.0,1.12,4.92
2178,Kepler-1032 b,1.87,4.16,3.290117953,802.0,0.0361,176.144,0.0,4647.0,0.71,3.5
2179,Kepler-1033 b,2.51,6.85,7.56052806,914.0,0.0761,159.422,0.0,5547.0,0.92,2.38
2180,Kepler-1034 b,2.26,5.73,12.12400943,675.0,0.0965,36.787,0.0,5198.0,0.8,2.73
2181,Kepler-1035 b,1.17,1.71,2.714077555,1301.0,0.03883,1180.064,0.0,5763.0,0.97,5.87
2182,Kepler-1036 b,3.01,9.32,122.8808058,326.0,0.47726,2.821,0.0,5533.0,0.89,1.88
2183,Kepler-1037 b,1.28,2.18,1.063788673,1650.0,0.0198,1015.434,0.0,5105.0,0.78,5.71
2184,Kepler-1038 b,3.53,12.2,148.4603382,285.0,0.5238,1.512,0.0,5335.0,0.83,1.52
2185,Kepler-1038 c,1.4162338,2.59,7.127659798,784.0,0.0692,89.24,0.0,5159.0,0.821,5.01
2186,Kepler-1039 b,1.46,2.73,0.934884242,2080.0,0.01714,668.128,0.0,4870.0,0.74,4.82
2187,Kepler-104 b,3.1,19.6,11.427548,852.0,0.094,119.907,0.0,5711.0,1.349,4.064848
2188,Kepler-104 c,3.13,7.14430805,23.668205,668.0,0.153,45.438,0.0,5711.0,1.349,2.994855
2189,Kepler-104 d,3.58,5.54022107,51.755394,515.0,0.257,16.012,0.0,5711.0,1.349,1.668541
2190,Kepler-1040 b,2.08,4.98,201.1214,300.0,0.67249,2.121,0.0,5694.0,0.96,3.04
2191,Kepler-1041 b,2.94,8.96,24.7576421,644.0,0.1688,117.956,0.0,5957.0,1.08,1.94
2192,Kepler-1042 b,2.19,5.43,10.13202575,574.0,0.0756,25.66,0.0,4815.0,0.72,2.84
2193,Kepler-1043 b,2.55,7.04,38.5053398,532.0,0.2159,21.692,0.0,5629.0,0.9,2.33
2194,Kepler-1044 b,2.67,7.61,6.77408868,1058.0,0.0741,218.497,0.0,5985.0,1.11,2.2
2195,Kepler-1045 b,2.69,7.7,26.41045478,512.0,0.1616,19.127,0.0,5301.0,0.82,2.17
2196,Kepler-1046 b,1.71,3.57,14.37508035,786.0,0.11858,101.4,0.0,5913.0,1.04,3.92
2197,Kepler-1047 b,2.09,5.02,56.1886887,503.0,0.29871,28.851,0.0,5754.0,1.13,3.02
2198,Kepler-1047 c,0.99,0.937,3.18897601,1309.0,0.04413,1323.065,0.0,5754.0,1.13,5.31
2199,Kepler-1048 b,1.61,3.22,6.92101021,619.0,0.059,96.976,0.0,4651.0,0.7,4.24
2200,Kepler-1049 b,0.95,0.809,3.273460736,625.0,0.0349,50.427,0.0,3864.0,0.49,5.18
2201,Kepler-105 b,2.53,10.8,5.4122034,1418.0,0.06016,341.809,0.02,5933.0,1.026,3.68
2202,Kepler-105 c,1.44,5.6,7.12592,997.0,0.07229,236.167,0.02,5933.0,1.026,10.4
2203,Kepler-1050 b,1.6,3.19,15.3787546,1039.0,0.12353,62.025,0.0,6010.0,1.13,4.28
2204,Kepler-1050 c,1.48,2.79,21.1284569,935.0,0.15264,40.644,0.0,6010.0,1.13,4.73
2205,Kepler-1051 b,3.4,11.5,25.96200249,850.0,0.18395,87.457,0.0,6675.0,1.73,1.61
2206,Kepler-1052 b,2.93,8.91,34.8538276,522.0,0.20988,20.976,0.0,5888.0,1.03,1.95
2207,Kepler-1052 c,2.3,5.9,180.921729,302.0,0.6135,1.96,0.0,5818.0,0.848,2.66
2208,Kepler-1053 b,0.98,0.904,2.414351654,953.0,0.0315,139.818,0.0,4529.0,0.69,5.28
2209,Kepler-1054 b,2.63,7.41,4.30655689,1177.0,0.05542,760.524,0.0,6209.0,1.34,2.24
2210,Kepler-1055 b,1.23,2.04,2.295036233,1304.0,0.0335,647.256,0.0,5723.0,0.94,6.02
2211,Kepler-1056 b,3.01,9.32,27.495606,590.0,0.1629,56.91,0.0,6127.0,1.2,1.88
2212,Kepler-1057 b,3.36,11.2,14.08827448,724.0,0.1138,69.213,0.0,5987.0,1.1,1.62
2213,Kepler-1058 b,2.72,7.85,110.96546,239.0,0.3679,0.77,0.0,4644.0,0.69,2.14
2214,Kepler-1059 b,1.73,3.64,3.764191048,908.0,0.044,174.074,0.0,4906.0,0.72,3.86
2215,Kepler-106 b,0.82,5.3,6.16486,1021.0,0.06491,277.216,0.0,5858.0,1.04,
2216,Kepler-106 c,2.5,10.44,13.5708,785.0,0.10987,96.905,0.0,5858.0,1.04,3.28
2217,Kepler-106 d,0.95,8.1,23.9802,649.0,0.16063,45.357,0.0,5858.0,1.04,
2218,Kepler-106 e,2.56,11.17,43.8445,531.0,0.24006,20.294,0.0,5858.0,1.04,3.1
2219,Kepler-1060 b,2.38,6.26,46.8779367,484.0,0.2495,17.416,0.0,5797.0,0.99,2.55
2220,Kepler-1061 b,1.98,4.58,2.757982666,1332.0,0.0388,788.501,0.0,6067.0,1.07,3.24
2221,Kepler-1062 b,1.76,3.75,9.30412078,583.0,0.0748,33.76,0.0,4597.0,0.7,3.78
2222,Kepler-1063 b,1.49,2.83,14.07971466,931.0,0.1176,54.93,0.0,5945.0,1.14,4.7
2223,Kepler-1064 b,1.55,3.02,16.54080322,570.0,0.1183,24.87,0.0,5153.0,0.79,4.46
2224,Kepler-1065 b,3.73,13.4,3.609308907,1092.0,0.0455,419.91,0.0,5635.0,0.93,1.42
2225,Kepler-1065 c,1.6,3.19,2.37030743,1256.0,0.0344,734.619,0.0,5635.0,0.93,4.28
2226,Kepler-1066 b,2.36,6.17,1.931559839,1290.0,0.0298,710.019,0.0,5762.0,0.98,2.58
2227,Kepler-1067 b,0.8,0.437,0.762129261,1872.0,0.0164,2761.757,0.0,5592.0,0.93,4.69
2228,Kepler-1067 c,1.74682428,3.7,5.425839901,973.0,0.06069,190.8,0.0,5594.0,0.934,3.81
2229,Kepler-1068 b,3.63,12.8,16.92344113,702.0,0.13038,55.933,0.0,5806.0,1.01,1.47
2230,Kepler-1069 b,1.6,3.19,23.8990296,823.0,0.16587,78.175,0.0,5722.0,0.98,4.28
2231,Kepler-107 b,1.536,3.8,3.1800218,1592.0,0.04544,1073.0,0.1,5854.0,1.447,5.8
2232,Kepler-107 c,1.597,10.0,4.901452,1378.0,0.06064,602.0,0.08,5854.0,1.447,13.5
2233,Kepler-107 d,0.86,7.7,7.95839,1173.0,0.08377,315.0,0.11,5854.0,1.447,67.0
2234,Kepler-107 e,2.903,14.1,14.749143,955.0,0.12638,138.7,0.1,5854.0,1.447,3.18
2235,Kepler-1070 b,1.73,3.64,6.2216147,1101.0,0.06753,380.134,0.0,6261.0,1.32,3.86
2236,Kepler-1071 b,2.38,6.26,6.1799844,814.0,0.0629,45.12,0.0,5215.0,0.81,2.55
2237,Kepler-1072 b,1.58,3.12,1.569066502,1849.0,0.02742,2944.0,0.0,6199.0,1.32,4.35
2238,Kepler-1073 b,2.3,5.9,8.67888593,905.0,0.0805,128.55,0.0,5792.0,1.0,2.66
2239,Kepler-1073 c,1.64,3.33,4.02582254,1169.0,0.0483,357.082,0.0,5792.0,1.0,4.15
2240,Kepler-1073 d,1.48770949,2.82,2.504760027,1369.0,0.0352,828.59,0.0,5509.0,1.116,4.71
2241,Kepler-1074 b,1.25,2.1,5.94566534,568.0,0.0536,27.569,0.0,4002.0,0.57,5.91
2242,Kepler-1075 b,1.42,2.6,1.52372816,818.0,0.0208,143.968,0.0,3959.0,0.54,4.99
2243,Kepler-1076 b,0.8,0.437,6.14727918,770.0,0.0611,83.18,0.0,4868.0,0.74,4.69
2244,Kepler-1077 b,2.77,8.1,34.3511874,576.0,0.2101,26.928,0.0,5816.0,1.02,2.09
2245,Kepler-1078 b,1.9,4.27,3.00725242,1122.0,0.0388,373.99,0.0,5612.0,0.92,3.42
2246,Kepler-1079 b,1.63,3.29,13.24503188,887.0,0.1092,195.353,0.0,5758.0,1.36,4.17
2247,Kepler-108 b,8.65,56.0,49.183921,669.0,0.292,47.4,0.22,5854.0,2.192,0.475
2248,Kepler-108 c,8.18,50.9,190.323494,426.0,0.721,7.8,0.04,5854.0,2.192,0.511
2249,Kepler-1080 b,3.28,10.8,77.2548396,548.0,0.3781,55.45,0.0,5956.0,1.16,1.68
2250,Kepler-1081 b,1.01,1.01,3.856918547,972.0,0.04662,225.216,0.0,5345.0,0.84,5.39
2251,Kepler-1082 b,1.12,1.46,1.543206604,1827.0,0.02571,2949.557,0.0,5923.0,1.14,5.71
2252,Kepler-1083 b,3.36,11.2,33.4177993,448.0,0.1899,10.148,0.0,5049.0,0.77,1.62
2253,Kepler-1084 b,1.11,1.41,2.05333679,1737.0,0.0324,1766.593,0.0,6113.0,1.28,5.67
2254,Kepler-1085 b,7.22,41.2,219.3217528,313.0,0.73361,2.055,0.0,6000.0,1.14,0.602
2255,Kepler-1085 c,3.26817741,10.7,56.7771,491.0,0.29798,11.8,0.0,5816.0,1.0783,1.68
2256,Kepler-1086 b,2.44,6.53,18.78425728,433.0,0.1198,9.157,0.0,4350.0,0.66,2.47
2257,Kepler-1086 c,2.94,8.96,161.5163345,211.0,0.503,0.519,0.0,4350.0,0.66,1.94
2258,Kepler-1087 b,0.61,0.165,0.693842855,2161.0,0.01554,3496.493,0.0,5589.0,0.94,3.99
2259,Kepler-1088 b,1.42,2.6,23.12748644,667.0,0.16163,44.887,0.0,5975.0,1.08,4.99
2260,Kepler-1089 b,1.83,4.01,5.132485618,584.0,0.0497,26.266,0.0,3753.0,0.49,3.6
2261,Kepler-109 b,2.49,4.9,6.4816307,1276.0,0.0701,442.0,0.11,5950.0,1.387,1.7
2262,Kepler-109 c,2.65,8.2,21.22265,859.0,0.1546,91.0,0.098,5950.0,1.387,2.4
2263,Kepler-1090 b,2.25,5.69,198.680179,297.0,0.63323,1.825,0.0,5321.0,0.82,2.74
2264,Kepler-1090 c,3.29265785,10.9,42.42720032,496.0,0.22622,13.8,0.0,5330.0,1.013,1.68
2265,Kepler-1091 b,1.46,2.73,1.434741564,1664.0,0.0252,1740.858,0.0,5851.0,1.03,4.82
2266,Kepler-1092 b,2.07,4.94,58.6017925,508.0,0.2996,17.016,0.0,5862.0,1.0,3.06
2267,Kepler-1093 b,1.95,4.46,25.0824626,776.0,0.17543,98.8,0.0,6166.0,1.2,3.31
2268,Kepler-1093 c,1.96,4.5,89.722292,508.0,0.41037,18.1,0.0,6166.0,1.2,3.28
2269,Kepler-1094 b,3.18,10.2,78.1000231,480.0,0.3625,10.336,0.0,6112.0,1.21,1.74
2270,Kepler-1095 b,1.21,1.92,4.27103091,1108.0,0.0514,356.54,0.0,5658.0,0.92,5.96
2271,Kepler-1096 b,1.24,2.07,2.892217506,794.0,0.034,124.866,0.0,4306.0,0.63,5.97
2272,Kepler-1097 b,3.26,10.7,187.747029,267.0,0.5791,1.3,0.0,5211.0,0.79,1.7
2273,Kepler-1098 b,1.3,2.24,2.543072855,1319.0,0.0358,995.67,0.0,5794.0,0.99,5.6
2274,Kepler-1099 b,2.83,8.4,2.168452593,1558.0,0.0337,766.344,0.0,5837.0,1.0,2.04
2275,Kepler-11 b,1.8,1.9,10.3039,849.0,0.091,146.36,0.045,5663.0,1.065,1.72
2276,Kepler-11 c,2.87,2.9,13.0241,786.0,0.107,107.224,0.026,5663.0,1.065,0.66
2277,Kepler-11 d,3.12,7.3,22.6845,653.0,0.155,51.115,0.004,5663.0,1.065,1.28
2278,Kepler-11 e,4.19,8.0,31.9996,582.0,0.195,32.34,0.012,5663.0,1.065,0.58
2279,Kepler-11 f,2.49,2.0,46.6888,513.0,0.25,19.53,0.013,5663.0,1.065,0.69
2280,Kepler-11 g,3.33,25.0,118.3807,376.0,0.466,5.65,0.15,5663.0,1.065,4.0
2281,Kepler-110 b,1.83,4.01,12.691112,1008.0,0.107,153.881,0.0,5960.0,1.149,3.6
2282,Kepler-110 c,2.21,5.52,31.719775,743.0,0.198,45.336,0.0,5960.0,1.149,2.81
2283,Kepler-1100 b,1.75,3.71,6.42200058,1000.0,0.06745,238.508,0.0,6247.0,1.34,3.8
2284,Kepler-1101 b,2.47,6.66,81.3151059,393.0,0.3483,3.577,0.0,5614.0,0.91,2.43
2285,Kepler-1102 b,2.66,7.56,51.3285623,546.0,0.2731,22.981,0.0,5724.0,0.94,2.21
2286,Kepler-1103 b,2.27,5.77,19.79191978,736.0,0.15336,160.282,0.0,6092.0,1.15,2.71
2287,Kepler-1104 b,1.23,2.04,5.03728015,1321.0,0.06321,813.524,0.0,6417.0,1.41,6.02
2288,Kepler-1105 b,2.01,4.7,4.421572182,729.0,0.0471,47.18,0.0,4299.0,0.68,3.18
2289,Kepler-1106 b,1.65,3.36,1.252752174,2199.0,0.0239,2399.974,0.0,6104.0,1.17,4.11
2290,Kepler-1107 b,1.34,2.36,0.571038518,1897.0,0.01285,2387.261,0.0,5268.0,0.82,5.39
2291,Kepler-1108 b,1.46,2.73,4.51005748,1063.0,0.0511,206.414,0.0,5406.0,0.84,4.82
2292,Kepler-1109 b,2.19,5.43,37.6467384,787.0,0.2466,11.382,0.0,5893.0,1.06,2.84
2293,Kepler-111 b,1.58,3.12,3.341815,1356.0,0.046,677.503,0.0,5952.0,1.157,4.35
2294,Kepler-111 c,7.0840758,222.4798849,224.77833,352.2,0.751,2.48,0.176,5914.0,1.145,3.42
2295,Kepler-1110 b,2.66,7.56,9.69312032,609.0,0.0754,43.136,0.0,4781.0,0.7,2.21
2296,Kepler-1111 b,2.0,4.66,8.79617863,938.0,0.0872,118.52,0.0,6077.0,1.15,3.2
2297,Kepler-1112 b,3.02,9.38,14.36267939,918.0,0.1239,254.963,0.0,6496.0,1.54,1.87
2298,Kepler-1113 b,2.81,8.3,42.3004954,558.0,0.2415,22.849,0.0,5931.0,1.17,2.06
2299,Kepler-1114 b,1.35,2.39,14.97435694,631.0,0.11056,39.321,0.0,5374.0,0.83,5.34
2300,Kepler-1115 b,1.7,3.53,23.5540725,1381.0,0.2134,516.101,0.0,8480.0,1.73,3.95
2301,Kepler-1116 b,2.54,6.99,41.6977827,488.0,0.233,15.793,0.0,5641.0,0.93,2.34
2302,Kepler-1117 b,1.11,1.41,4.79028459,938.0,0.05485,194.976,0.0,5612.0,0.93,5.67
2303,Kepler-1118 b,2.74,7.95,38.6715075,502.0,0.2079,20.011,0.0,5688.0,0.97,2.12
2304,Kepler-1119 b,1.92,4.35,8.3265153,938.0,0.0812,182.69,0.0,6083.0,1.17,3.38
2305,Kepler-112 b,2.36,6.17,8.408878,809.0,0.076,123.818,0.0,5544.0,0.841,2.58
2306,Kepler-112 c,2.4,6.35,28.574263,538.0,0.172,24.255,0.0,5544.0,0.841,2.52
2307,Kepler-1120 b,1.38,2.48,2.949029052,1027.0,0.0369,206.874,0.0,4904.0,0.74,5.19
2308,Kepler-1121 b,1.91,4.31,13.15141081,1008.0,0.11818,205.272,0.0,6231.0,1.59,3.4
2309,Kepler-1122 b,2.04,4.82,42.1917357,526.0,0.2315,23.263,0.0,5544.0,0.89,3.12
2310,Kepler-1123 b,1.67,3.43,4.33946454,1061.0,0.0497,190.016,0.0,5500.0,0.9,4.05
2311,Kepler-1124 b,1.28,2.18,2.852348975,621.0,0.0305,50.777,0.0,3658.0,0.34,5.71
2312,Kepler-1125 b,1.84,4.04,17.6700642,778.0,0.1348,41.04,0.0,5683.0,0.94,3.56
2313,Kepler-1126 b,1.73,3.64,108.593329,374.0,0.41251,4.55,0.0,5798.0,0.93,3.86
2314,Kepler-1126 c,1.45,2.7,199.66876,305.0,0.6193,2.06,0.0,5678.0,0.921,4.87
2315,Kepler-1127 b,1.96,4.5,5.12330347,994.0,0.0556,160.765,0.0,5664.0,0.95,3.28
2316,Kepler-1128 b,3.65,12.9,61.6178167,424.0,0.302,6.451,0.0,5543.0,0.91,1.46
2317,Kepler-1129 b,2.96,9.06,24.3397804,737.0,0.16481,32.265,0.0,5831.0,1.0,1.92
2318,Kepler-1129 c,2.73,7.9,76.5369586,503.0,0.35367,7.006,0.0,5831.0,1.0,2.13
2319,Kepler-113 b,1.82,11.7,4.754,775.0,0.05123,105.333,0.0,4725.0,0.69,10.73
2320,Kepler-113 c,2.18,8.7,8.92507,628.0,0.07796,45.596,0.0,4725.0,0.69,0.308247
2321,Kepler-1130 b,0.8,0.437,5.45298175,904.0,0.05963,162.65,0.0,5403.0,0.81,4.69
2322,Kepler-1130 c,0.79239584,0.422,3.266639948,1072.0,0.04238,316.9,0.0,5450.0,0.842,4.66
2323,Kepler-1130 d,0.64472273,0.202,4.272250175,981.0,0.05068,221.4,0.0,5450.0,0.842,4.14
2324,Kepler-1131 b,1.59,3.15,3.53232449,1159.0,0.0459,453.142,0.0,5851.0,1.04,4.31
2325,Kepler-1132 b,2.35,6.12,62.8916228,384.0,0.2881,4.547,0.0,5298.0,0.83,2.59
2326,Kepler-1133 b,1.97,4.54,11.55562343,703.0,0.0983,55.758,0.0,5569.0,0.9,3.26
2327,Kepler-1134 b,2.64,7.46,17.13263989,611.0,0.1242,29.864,0.0,5281.0,0.81,2.23
2328,Kepler-1135 b,1.85,4.08,76.957857,451.0,0.3436,25.76,0.0,5656.0,0.94,3.54
2329,Kepler-1136 b,1.64,3.33,2.361724329,922.0,0.0299,150.055,0.0,4512.0,0.68,4.15
2330,Kepler-1137 b,2.2,5.48,23.9210791,1020.0,0.1871,197.846,0.0,6807.0,1.84,2.83
2331,Kepler-1138 b,1.7,3.53,3.17060005,1080.0,0.0415,245.904,0.0,5582.0,0.92,3.95
2332,Kepler-1139 b,1.19,1.81,0.813166719,1693.0,0.01664,1717.276,0.0,5550.0,0.91,5.9
2333,Kepler-114 b,1.26,1.09,5.188549,586.0,0.053,92.535,0.0,4605.0,0.667,2.53
2334,Kepler-114 c,1.6,2.8,8.041,507.0,0.06482,51.623,0.0,4660.0,0.54,1.18
2335,Kepler-114 d,2.53,3.9,11.776,446.0,0.08358,31.016,0.0,4660.0,0.54,0.22
2336,Kepler-1140 b,2.77,8.1,24.0862707,500.0,0.1478,13.051,0.0,4850.0,0.73,2.09
2337,Kepler-1141 b,0.82,0.477,2.344511944,1471.0,0.03496,1146.953,0.0,5791.0,1.07,4.75
2338,Kepler-1142 b,1.47,2.76,18.3027248,902.0,0.1343,147.817,0.0,5685.0,0.96,4.77
2339,Kepler-1143 b,1.67,3.43,2.888904849,976.0,0.0371,173.056,0.0,5053.0,0.77,4.05
2340,Kepler-1143 c,3.6,12.6,210.630591,234.0,0.6477,0.568,0.0,5053.0,0.77,1.48
2341,Kepler-1144 b,1.99,4.62,17.14647302,811.0,0.1291,62.061,0.0,5753.0,0.96,3.22
2342,Kepler-1145 b,1.4,2.54,3.97076766,958.0,0.0443,198.43,0.0,5064.0,0.75,5.09
2343,Kepler-1146 b,1.23,2.04,2.352265797,1019.0,0.0325,227.962,0.0,4692.0,0.7,6.02
2344,Kepler-1147 b,2.61,7.32,10.62784997,872.0,0.0961,206.563,0.0,5941.0,1.14,2.26
2345,Kepler-1148 b,1.69,3.5,1.104463509,1397.0,0.0188,815.407,0.0,5054.0,0.77,3.98
2346,Kepler-1149 b,1.44,2.67,3.73089898,1128.0,0.0473,653.831,0.0,5833.0,1.01,4.91
2347,Kepler-115 b,1.09,1.32,2.403679,1489.0,0.036,1215.757,0.0,5979.0,1.205,5.6
2348,Kepler-115 c,2.6,7.27,8.990889,960.0,0.087,209.101,0.0,5979.0,1.205,2.27
2349,Kepler-1150 b,1.02,1.04,2.787868386,1432.0,0.0382,153.741,0.0,4754.0,0.72,5.39
2350,Kepler-1151 b,2.22,5.56,65.6478424,485.0,0.3197,4.86,0.0,5470.0,0.85,2.79
2351,Kepler-1152 b,0.87,0.59,1.646801908,806.0,0.0223,139.601,0.0,3964.0,0.53,4.92
2352,Kepler-1153 b,1.73,3.64,1.755835327,1343.0,0.0277,761.808,0.0,5470.0,0.88,3.86
2353,Kepler-1154 b,2.34,6.08,5.1856142,1314.0,0.0631,652.966,0.0,6327.0,1.43,2.61
2354,Kepler-1154 c,2.36,6.17,8.45808312,1117.0,0.0875,339.573,0.0,6327.0,1.43,2.58
2355,Kepler-1155 b,2.03,4.78,33.469743,609.0,0.2006,32.52,0.0,5842.0,1.03,3.14
2356,Kepler-1156 b,1.32,2.3,11.89520511,787.0,0.09704,83.014,0.0,5778.0,1.0,5.5
2357,Kepler-1157 b,1.09,1.32,4.45743164,732.0,0.0448,95.443,0.0,4679.0,0.71,5.6
2358,Kepler-1158 b,2.34,6.08,13.5396293,1079.0,0.12643,449.699,0.0,6203.0,1.95,2.61
2359,Kepler-1159 b,2.37,6.21,22.70816791,677.0,0.1603,80.984,0.0,6217.0,1.28,2.56
2360,Kepler-116 b,3.42,11.6,5.968734,1251.0,0.069,594.451,0.0,6142.0,1.454,1.59
2361,Kepler-116 c,2.3,5.9,13.07163,964.0,0.116,208.982,0.0,6142.0,1.454,2.66
2362,Kepler-1160 b,2.14,5.22,7.97034958,839.0,0.0755,93.308,0.0,5519.0,0.89,2.93
2363,Kepler-1161 b,2.13,5.18,10.71252541,485.0,0.0784,26.229,0.0,4253.0,0.57,2.95
2364,Kepler-1162 b,2.21,5.52,32.5637069,490.0,0.19,12.245,0.0,5390.0,0.84,2.81
2365,Kepler-1162 c,1.81,3.93,59.284064,401.0,0.2832,6.14,0.0,5225.0,0.859,3.64
2366,Kepler-1163 b,1.03,1.08,6.11786898,1211.0,0.06868,511.757,0.0,6302.0,1.35,5.43
2367,Kepler-1164 b,1.12,1.46,3.97599768,936.0,0.04635,181.205,0.0,5183.0,0.79,5.71
2368,Kepler-1165 b,1.55,3.02,9.478522,946.0,0.0914,464.773,0.0,6080.0,1.18,4.46
2369,Kepler-1165 c,3.36093385,11.2,29.96870041,644.0,0.1969,40.76,0.0,6249.0,1.076,1.62
2370,Kepler-1166 b,1.69,3.5,33.2406882,486.0,0.1975,14.188,0.0,5446.0,0.86,3.98
2371,Kepler-1167 b,1.71,3.57,1.003933739,1419.0,0.0175,1039.697,0.0,4971.0,0.75,3.92
2372,Kepler-1168 b,2.5,6.8,55.8226539,379.0,0.2663,4.107,0.0,5157.0,0.82,2.39
2373,Kepler-1169 b,0.94,0.779,6.11009134,1125.0,0.06931,348.046,0.0,6191.0,1.23,5.15
2374,Kepler-117 b,8.059,29.875,18.7959228,984.0,0.1445,157.541,0.0493,6150.0,1.606,0.3
2375,Kepler-117 c,12.341,584.78,50.790391,704.0,0.2804,41.863,0.0323,6150.0,1.606,1.74
2376,Kepler-1170 b,2.41,6.39,9.98969327,705.0,0.088,69.537,0.0,5069.0,0.76,2.51
2377,Kepler-1171 b,2.56,7.08,1.44259224,2700.0,0.0284,10171.005,0.0,7044.0,1.95,2.32
2378,Kepler-1172 b,3.2,10.3,26.0204423,675.0,0.168,26.356,0.0,5558.0,0.89,1.73
2379,Kepler-1173 b,0.89,0.64,0.7698536,1650.0,0.0156,1462.098,0.0,5252.0,0.82,4.99
2380,Kepler-1174 b,1.59,3.15,6.89225223,1156.0,0.0732,641.814,0.0,5936.0,1.04,4.31
2381,Kepler-1175 b,2.99,9.22,37.94563,515.0,0.2181,12.938,0.0,5453.0,0.86,1.9
2382,Kepler-1176 b,2.45,6.57,24.1738579,595.0,0.1589,26.087,0.0,5844.0,1.02,2.45
2383,Kepler-1177 b,1.9,4.27,106.247547,377.0,0.4301,11.862,0.0,5712.0,0.97,3.42
2384,Kepler-1178 b,1.07,1.24,31.80634,378.0,0.1596,23.237,0.0,4990.0,0.75,5.56
2385,Kepler-1179 b,1.32,2.3,2.685057492,1137.0,0.03497,288.57,0.0,5212.0,0.81,5.5
2386,Kepler-118 b,1.96,4.5,7.518496,784.0,0.073,79.753,0.0,5274.0,1.094,3.28
2387,Kepler-118 c,7.68,45.7,20.17202,564.0,0.141,21.409,0.0,5274.0,1.094,0.554
2388,Kepler-1180 b,1.99,4.62,16.8601286,765.0,0.1246,175.855,0.0,6077.0,1.14,3.22
2389,Kepler-1181 b,1.57,3.09,4.89337519,1374.0,0.0621,831.143,0.0,6176.0,1.3,4.39
2390,Kepler-1181 c,1.83,4.01,8.93484887,1124.0,0.0928,377.25,0.0,6688.0,1.347,3.6
2391,Kepler-1182 b,2.41,6.39,11.17394617,796.0,0.0981,197.882,0.0,5924.0,1.05,2.51
2392,Kepler-1183 b,2.82,8.35,28.5057189,555.0,0.1793,61.663,0.0,5765.0,0.99,2.05
2393,Kepler-1184 b,2.68,7.65,53.5991044,529.0,0.2863,18.039,0.0,5983.0,1.07,2.18
2394,Kepler-1185 b,1.33,2.33,104.3518976,355.0,0.4297,9.31,0.0,5622.0,0.87,5.44
2395,Kepler-1186 b,2.23,5.6,16.07677615,724.0,0.1281,85.385,0.0,5635.0,0.93,2.77
2396,Kepler-1187 b,2.61,7.32,18.87064068,701.0,0.1401,72.957,0.0,5975.0,1.09,2.26
2397,Kepler-1188 b,2.08,4.98,17.1369543,775.0,0.135,165.573,0.0,5913.0,1.06,3.04
2398,Kepler-1189 b,1.77,3.78,3.78858982,1158.0,0.0467,449.936,0.0,6012.0,1.16,3.75
2399,Kepler-119 b,3.6,12.6,2.422082,1213.0,0.035,745.285,0.0,5595.0,0.839,1.48
2400,Kepler-119 c,0.92,0.721,4.125103,1016.0,0.049,367.322,0.0,5595.0,0.839,5.09
2401,Kepler-1190 b,1.33,2.33,10.45843441,609.0,0.0845,24.211,0.0,4730.0,0.72,5.44
2402,Kepler-1191 b,1.51,2.89,5.60014851,952.0,0.0587,167.184,0.0,5308.0,0.81,4.61
2403,Kepler-1192 b,2.36,6.17,25.2034787,600.0,0.1693,34.742,0.0,5438.0,0.83,2.58
2404,Kepler-1193 b,1.32,2.3,2.832652134,1453.0,0.04004,1286.386,0.0,5908.0,1.21,5.5
2405,Kepler-1194 b,1.51,2.89,16.22371307,676.0,0.1212,49.35,0.0,5590.0,0.92,4.61
2406,Kepler-1195 b,2.08,4.98,8.49642241,702.0,0.0726,79.03,0.0,4965.0,0.71,3.04
2407,Kepler-1196 b,2.23,5.6,66.1849031,436.0,0.3179,8.302,0.0,5756.0,0.97,2.77
2408,Kepler-1197 b,1.25,2.1,2.03231845,1011.0,0.02869,267.142,0.0,4708.0,0.72,5.91
2409,Kepler-1198 b,1.47,2.76,7.6847716,830.0,0.0732,108.069,0.0,5517.0,0.9,4.77
2410,Kepler-1199 b,1.15,1.6,15.0447198,931.0,0.11309,131.7,0.0,5889.0,1.17,5.78
2411,Kepler-12 b,19.660586,137.30256,4.4379629,1480.0,0.0553,877.539,0.0,5947.0,1.483,0.11
2412,Kepler-120 b,2.15,8.5,6.312501,575.0,0.055,42.692,0.0,4096.0,0.534,4.7
2413,Kepler-120 c,1.53,2.96,12.794585,455.0,0.088,16.625,0.0,4096.0,0.534,4.54
2414,Kepler-1200 b,1.06,1.2,1.118549717,1174.0,0.0188,544.534,0.0,4612.0,0.7,5.54
2415,Kepler-1201 b,2.29,5.86,15.18725932,789.0,0.1183,89.431,0.0,6177.0,1.24,2.68
2416,Kepler-1202 b,2.94,8.96,28.6851324,547.0,0.179,23.876,0.0,5834.0,1.04,1.94
2417,Kepler-1203 b,1.06,1.2,0.588000765,1188.0,0.0114,723.806,0.0,4105.0,0.61,5.54
2418,Kepler-1204 b,3.05,9.53,85.7350285,448.0,0.3877,7.021,0.0,5825.0,1.03,1.85
2419,Kepler-1205 b,1.41,2.57,1.078390352,1667.0,0.0196,1038.493,0.0,5226.0,0.81,5.04
2420,Kepler-1206 b,1.64,3.33,1.216997663,1314.0,0.0201,588.021,0.0,4877.0,0.75,4.15
2421,Kepler-1207 b,1.62,3.26,13.68237119,802.0,0.1156,352.508,0.0,5909.0,1.06,4.21
2422,Kepler-1208 b,2.32,5.99,11.08507637,665.0,0.0901,37.664,0.0,5001.0,0.76,2.64
2423,Kepler-1209 b,1.51,2.89,25.369116,755.0,0.17515,63.246,0.0,6210.0,1.38,4.61
2424,Kepler-121 b,2.34,6.08,3.177422,997.0,0.039,220.489,0.0,5311.0,0.701,2.61
2425,Kepler-121 c,2.27,5.77,41.008011,425.0,0.216,7.296,0.0,5311.0,0.701,2.71
2426,Kepler-1210 b,1.7,3.53,8.07124073,856.0,0.0753,152.047,0.0,5568.0,0.92,3.95
2427,Kepler-1211 b,2.55,7.04,11.01816836,840.0,0.09763,130.9,0.0,5705.0,0.94,2.33
2428,Kepler-1212 b,2.14,5.22,12.94130146,795.0,0.1082,142.096,0.0,6051.0,1.15,2.93
2429,Kepler-1213 b,1.19,1.81,5.34982412,1156.0,0.06026,595.424,0.0,6050.0,1.21,5.9
2430,Kepler-1214 b,2.36,6.17,18.82634264,591.0,0.128,23.18,0.0,5130.0,0.8,2.58
2431,Kepler-1215 b,1.22,1.98,4.76703963,1046.0,0.0528,253.964,0.0,5616.0,0.93,5.99
2432,Kepler-1216 b,1.39,2.51,4.37034536,1191.0,0.0519,415.553,0.0,5743.0,0.98,5.14
2433,Kepler-1217 b,1.99,4.62,2.032325072,1542.0,0.0326,1302.948,0.0,5905.0,1.08,3.22
2434,Kepler-1218 b,1.44,2.67,22.9221266,684.0,0.15698,84.83,0.0,5986.0,1.1,4.91
2435,Kepler-1219 b,2.12,5.14,16.10467749,1159.0,0.14146,430.691,0.0,5944.0,1.94,2.96
2436,Kepler-122 b,2.34,6.08,5.766193,1159.0,0.064,448.102,0.0,6050.0,1.216,2.61
2437,Kepler-122 c,5.87,29.0,12.465988,897.0,0.108,160.499,0.0,6050.0,1.216,0.788
2438,Kepler-122 d,2.2,5.48,21.587475,747.0,0.155,77.14,0.0,6050.0,1.216,2.83
2439,Kepler-122 e,2.6,27.7,37.993273,618.0,0.227,36.299,0.0,6050.0,1.216,8.66
2440,Kepler-122 f,1.75,36.0,56.268,543.0,0.28575,21.524,0.0,5917.0,0.949,36.9
2441,Kepler-1220 b,1.52,2.92,7.42693741,899.0,0.0734,177.842,0.0,5842.0,0.99,4.57
2442,Kepler-1221 b,1.88,4.19,12.00096042,632.0,0.0906,37.81,0.0,5194.0,0.82,3.47
2443,Kepler-1222 b,0.79,0.418,1.916944254,1246.0,0.02801,416.231,0.0,5239.0,0.8,4.66
2444,Kepler-1223 b,1.22,1.98,16.301259,557.0,0.1186,20.51,0.0,4870.0,0.75,5.99
2445,Kepler-1224 b,1.33,2.33,13.32351601,872.0,0.11625,132.663,0.0,6155.0,1.22,5.44
2446,Kepler-1225 b,1.82,3.97,7.01075434,1453.0,0.0771,324.282,0.0,6140.0,1.19,3.62
2447,Kepler-1226 b,1.45,2.7,17.2923453,809.0,0.13945,140.376,0.0,5923.0,1.02,4.87
2448,Kepler-1227 b,2.29,5.86,94.2887577,369.0,0.38555,4.179,0.0,5747.0,0.95,2.68
2449,Kepler-1228 b,1.54,2.99,0.577369579,1757.0,0.01186,1598.664,0.0,5063.0,0.74,4.5
2450,Kepler-1229 b,1.4,2.54,86.828989,212.0,0.3006,0.524,0.0,3784.0,0.51,5.09
2451,Kepler-123 b,2.94,55.3,17.232366,817.0,0.135,138.807,0.0,6089.0,1.264,12.0
2452,Kepler-123 c,1.48,2.79,26.695074,706.0,0.181,77.399,0.0,6089.0,1.264,4.73
2453,Kepler-1230 b,2.71,7.8,9.95661537,946.0,0.0921,153.933,0.0,5961.0,1.08,2.15
2454,Kepler-1231 b,1.42,2.6,10.41725184,870.0,0.0914,117.515,0.0,5778.0,1.0,4.99
2455,Kepler-1232 b,1.93,4.38,26.7839183,523.0,0.16545,14.6,0.0,5471.0,0.89,3.35
2456,Kepler-1233 b,2.6,7.27,45.1263042,604.0,0.263,30.061,0.0,6198.0,1.25,2.27
2457,Kepler-1234 b,2.81,8.3,11.94014029,625.0,0.096,40.12,0.0,4967.0,0.76,2.06
2458,Kepler-1235 b,0.79,0.418,4.16055856,985.0,0.04836,265.325,0.0,5541.0,0.9,4.66
2459,Kepler-1236 b,2.14,5.22,31.0571618,480.0,0.1803,13.571,0.0,5337.0,0.82,2.93
2460,Kepler-1237 b,2.86,8.55,84.5733226,366.0,0.3778,4.042,0.0,5472.0,0.9,2.01
2461,Kepler-1238 b,1.93,4.38,4.14787559,1389.0,0.0541,1195.201,0.0,6386.0,1.48,3.35
2462,Kepler-1239 b,2.9,8.75,5.19104016,1183.0,0.0625,462.91,0.0,6564.0,1.57,1.97
2463,Kepler-124 b,0.73,0.315,3.410493,892.0,0.039,198.843,0.0,4984.0,0.636,4.45
2464,Kepler-124 c,1.75,3.71,13.821375,560.0,0.1,30.716,0.0,4984.0,0.636,3.8
2465,Kepler-124 d,1.11,1.41,30.950851,428.0,0.17,10.499,0.0,4984.0,0.636,5.67
2466,Kepler-1240 b,1.15,1.6,4.8663815,1121.0,0.05791,539.129,0.0,5682.0,0.96,5.78
2467,Kepler-1241 b,2.63,7.41,18.5525701,612.0,0.1336,31.456,0.0,5261.0,0.8,2.24
2468,Kepler-1242 b,2.26,5.73,13.62798432,639.0,0.1039,28.998,0.0,4895.0,0.74,2.73
2469,Kepler-1243 b,1.75,3.71,16.8320729,690.0,0.1256,36.162,0.0,5667.0,0.94,3.8
2470,Kepler-1244 b,1.35,2.39,3.70428172,1839.0,0.0502,4756.325,0.0,6680.0,1.77,5.34
2471,Kepler-1245 b,1.44,2.67,4.35409304,1043.0,0.0484,194.344,0.0,5306.0,0.83,4.91
2472,Kepler-1245 c,1.44,2.67,2.936584681,1190.0,0.0372,328.984,0.0,5306.0,0.83,4.91
2473,Kepler-1246 b,1.36,2.42,11.32271513,554.0,0.0848,26.451,0.0,4611.0,0.69,5.29
2474,Kepler-1247 b,2.33,6.04,13.71220213,676.0,0.1091,41.472,0.0,5303.0,0.82,2.62
2475,Kepler-1248 b,1.18,1.76,7.46725407,1035.0,0.0806,271.25,0.0,6149.0,1.21,5.89
2476,Kepler-1249 b,2.38,6.26,24.3347127,647.0,0.167,98.336,0.0,6202.0,1.28,2.55
2477,Kepler-125 b,2.37,6.21,4.164389,590.0,0.041,33.184,0.0,3810.0,0.512,2.56
2478,Kepler-125 c,0.74,0.33,5.774464,529.0,0.051,16.81,0.0,3810.0,0.512,4.47
2479,Kepler-1250 b,1.92,4.35,2.607543834,1431.0,0.0393,1866.193,0.0,5717.0,0.98,3.38
2480,Kepler-1251 b,1.84,4.04,45.0904643,487.0,0.2478,13.78,0.0,5545.0,0.89,3.56
2481,Kepler-1252 b,1.67,3.43,15.0540329,665.0,0.1078,57.579,0.0,5949.0,1.09,4.05
2482,Kepler-1253 b,1.33,2.33,68.8861915,501.0,0.31444,21.624,0.0,5850.0,1.1,5.44
2483,Kepler-1254 b,1.55,3.02,9.99113313,660.0,0.0833,33.978,0.0,4985.0,0.75,4.46
2484,Kepler-1254 c,1.3,2.24,3.60084276,927.0,0.0422,132.391,0.0,4985.0,0.75,5.6
2485,Kepler-1254 d,1.31,2.27,5.72717226,794.0,0.0575,71.31,0.0,4985.0,0.75,5.55
2486,Kepler-1255 b,2.32,5.99,36.2919336,694.0,0.2226,39.671,0.0,6018.0,1.12,2.64
2487,Kepler-1256 b,1.49,2.83,12.4127754,933.0,0.10733,211.549,0.0,6129.0,1.36,4.7
2488,Kepler-1257 b,1.52,2.92,2.668313762,1252.0,0.0376,546.908,0.0,5502.0,0.87,4.57
2489,Kepler-1258 b,0.86,0.566,0.984940167,2335.0,0.01824,2775.0,0.0,5839.0,0.99,4.89
2490,Kepler-1259 b,1.43,2.63,0.663085258,1681.0,0.0141,2460.582,0.0,5053.0,0.77,4.94
2491,Kepler-126 b,1.52,4.11726105,10.495711,1009.0,0.099,298.088,0.07,6239.0,1.358,5.762535
2492,Kepler-126 c,1.58,1.27942148,21.869741,790.0,0.162,112.128,0.19,6239.0,1.358,1.695536
2493,Kepler-126 d,2.5,54.59018723,100.283134,475.0,0.448,14.714,0.02,6239.0,1.358,18.398878
2494,Kepler-1260 b,1.77,3.78,19.1187753,823.0,0.1444,171.926,0.0,5961.0,1.08,3.75
2495,Kepler-1261 b,2.26,5.73,48.4308991,396.0,0.239,4.744,0.0,5006.0,0.77,2.73
2496,Kepler-1262 b,1.82,3.97,8.67900242,949.0,0.083,142.545,0.0,5771.0,0.98,3.62
2497,Kepler-1263 b,1.14,1.55,4.55139967,907.0,0.0499,144.813,0.0,5213.0,0.8,5.75
2498,Kepler-1264 b,1.18,1.76,0.968526023,1677.0,0.01839,2367.804,0.0,5791.0,0.98,5.89
2499,Kepler-1265 b,1.35,2.39,6.49441289,732.0,0.0612,58.15,0.0,4630.0,0.69,5.34
2500,Kepler-1266 b,2.58,7.18,28.474748,489.0,0.16431,10.313,0.0,5044.0,0.76,2.3
2501,Kepler-1266 c,1.68023962,3.46,4.86631012,881.0,0.0506,110.4,0.0,4996.0,0.831,4.01
2502,Kepler-1267 b,3.01,9.32,13.0313945,774.0,0.1057,86.469,0.0,6096.0,1.2,1.88
2503,Kepler-1268 b,2.03,4.78,40.9903986,627.0,0.2383,40.652,0.0,5904.0,1.09,3.14
2504,Kepler-1269 b,1.63,3.29,37.3331536,657.0,0.23611,69.004,0.0,5998.0,1.15,4.17
2505,Kepler-127 b,1.4,2.54,14.435889,884.0,0.125,159.163,0.47,6106.0,1.359,5.09
2506,Kepler-127 c,2.66,7.56,29.393195,698.0,0.2,61.688,0.03,6106.0,1.359,2.21
2507,Kepler-127 d,2.64,7.46,48.630408,590.0,0.28,31.519,0.03,6106.0,1.359,2.23
2508,Kepler-1270 b,3.32,11.0,6.03356196,1598.0,0.07045,1217.395,0.0,5047.0,3.38,1.65
2509,Kepler-1271 b,1.48,2.79,3.0255955,1484.0,0.04233,975.181,0.0,6143.0,1.23,4.73
2510,Kepler-1272 b,2.37,6.21,51.1309704,542.0,0.2705,34.433,0.0,5926.0,1.09,2.56
2511,Kepler-1273 b,2.49,6.76,28.625653,573.0,0.1857,14.877,0.0,5566.0,0.91,2.41
2512,Kepler-1274 b,1.42,2.6,6.98152703,1384.0,0.08161,975.81,0.0,6179.0,2.17,4.99
2513,Kepler-1275 b,1.48,2.79,3.65691115,1368.0,0.0488,822.484,0.0,6296.0,1.36,4.73
2514,Kepler-1276 b,1.19,1.81,12.5720095,886.0,0.10863,139.77,0.0,6188.0,1.21,5.9
2515,Kepler-1277 b,1.6,3.19,40.8365012,496.0,0.21857,12.11,0.0,5578.0,0.92,4.28
2516,Kepler-1278 b,1.01,1.01,3.23941344,1213.0,0.04417,1314.67,0.0,6074.0,1.16,5.39
2517,Kepler-1279 b,1.75,3.71,23.4774101,738.0,0.1785,190.851,0.0,6221.0,1.33,3.8
2518,Kepler-128 b,1.421,3.79,15.0,968.0,0.12545,227.398,0.0,6072.0,1.659,7.222837
2519,Kepler-128 c,1.521,3.38,22.8,843.0,0.16517,130.979,0.037,6072.0,1.659,5.237935
2520,Kepler-1280 b,1.87,4.16,66.5579057,757.0,0.33982,35.293,0.0,6227.0,1.32,3.5
2521,Kepler-1281 b,1.64,3.33,3.11602791,1123.0,0.0415,375.55,0.0,5353.0,0.83,4.15
2522,Kepler-1282 b,1.55,3.02,2.131946513,1418.0,0.0335,672.532,0.0,5504.0,0.89,4.46
2523,Kepler-1283 b,1.91,4.31,12.9460978,764.0,0.1062,80.34,0.0,6175.0,1.25,3.4
2524,Kepler-1284 b,1.21,1.92,0.664073806,1703.0,0.0143,2190.082,0.0,5123.0,0.79,5.96
2525,Kepler-1285 b,0.97,0.871,14.7967458,874.0,0.12758,181.591,0.0,6170.0,1.28,5.24
2526,Kepler-1286 b,2.15,5.27,11.25402929,888.0,0.0991,151.77,0.0,5753.0,0.98,2.91
2527,Kepler-1287 b,1.54,2.99,11.47685909,796.0,0.0976,78.156,0.0,5715.0,0.94,4.5
2528,Kepler-1288 b,1.12,1.46,2.76122421,2017.0,0.04135,1342.5,0.0,6132.0,1.29,5.71
2529,Kepler-1289 b,1.52,2.92,7.99019627,1113.0,0.0785,223.442,0.0,6080.0,1.17,4.57
2530,Kepler-129 b,2.4,20.0,15.79,910.0,0.13,158.306,0.01,5770.0,1.653,8.1
2531,Kepler-129 c,2.52,43.0,82.2,525.0,0.39,17.554,0.2,5770.0,1.653,14.8
2532,Kepler-129 d,12.6,2637.9757781,2646.0,,4.0,,0.15,5770.0,1.653,7.25
2533,Kepler-1290 b,1.42,2.6,4.69500134,1098.0,0.0557,443.221,0.0,5660.0,0.93,4.99
2534,Kepler-1291 b,1.66,3.39,8.63043276,739.0,0.0779,62.823,0.0,5216.0,0.8,4.07
2535,Kepler-1292 b,1.82,3.97,3.27646405,1195.0,0.0443,521.101,0.0,5556.0,0.93,3.62
2536,Kepler-1293 b,0.97,0.871,5.57654784,1183.0,0.06763,929.122,0.0,6241.0,1.28,5.24
2537,Kepler-1294 b,3.19,10.3,115.6862258,401.0,0.4684,12.362,0.0,5776.0,0.97,1.74
2538,Kepler-1295 b,1.55,3.02,3.81371974,1029.0,0.0464,279.941,0.0,5486.0,0.89,4.46
2539,Kepler-1296 b,0.91,0.693,8.3839865,1285.0,0.0896,399.015,0.0,5359.0,0.83,5.05
2540,Kepler-1297 b,0.97,0.871,1.68189002,1790.0,0.0283,2760.593,0.0,5818.0,0.99,5.24
2541,Kepler-1298 b,1.31,2.27,7.12811928,1373.0,0.0814,1003.027,0.0,6339.0,2.0,5.55
2542,Kepler-1299 b,2.98,9.17,19.9400874,588.0,0.1357,45.146,0.0,5609.0,0.91,1.9
2543,Kepler-130 b,1.02,1.04,8.457458,982.0,0.079,221.731,0.15,5884.0,1.127,5.39
2544,Kepler-130 c,2.9,8.75,27.50868,683.0,0.178,46.011,0.0,5879.0,1.17,1.97
2545,Kepler-130 d,1.64,3.33,87.517905,451.0,0.377,9.834,0.8,5884.0,1.127,4.15
2546,Kepler-1300 b,1.37,2.45,22.2419092,954.0,0.16005,149.409,0.0,6130.0,1.79,5.24
2547,Kepler-1301 b,1.4,2.54,9.08237046,734.0,0.0815,76.139,0.0,5188.0,0.81,5.09
2548,Kepler-1302 b,1.43,2.63,8.83922659,778.0,0.0795,58.344,0.0,5236.0,0.82,4.94
2549,Kepler-1303 b,1.42,2.6,7.56127224,891.0,0.0751,182.375,0.0,5771.0,1.0,4.99
2550,Kepler-1304 b,2.29,5.86,16.1288853,715.0,0.1202,61.87,0.0,5259.0,0.81,2.68
2551,Kepler-1305 b,1.88,4.19,13.5630972,733.0,0.1109,103.51,0.0,5701.0,0.96,3.47
2552,Kepler-1306 b,1.91,4.31,16.29595382,678.0,0.123,52.146,0.0,5727.0,0.97,3.4
2553,Kepler-1307 b,2.47,6.66,18.01621096,768.0,0.1369,41.185,0.0,5884.0,1.08,2.43
2554,Kepler-1308 b,0.52,0.0933,2.104338119,662.0,0.025,58.108,0.0,3468.0,0.34,3.65
2555,Kepler-1309 b,2.37,6.21,28.8432647,491.0,0.1679,13.77,0.0,5235.0,0.8,2.56
2556,Kepler-131 b,2.41,16.13,16.092,718.0,0.12789,66.122,0.0,5685.0,1.03,6.0
2557,Kepler-131 c,0.84,8.25,25.5169,615.0,0.17391,35.736,0.0,5685.0,1.03,77.7
2558,Kepler-1310 b,1.44,2.67,0.679336272,1883.0,0.01452,2830.91,0.0,5549.0,0.88,4.91
2559,Kepler-1311 b,1.24,2.07,11.1726994,1019.0,0.10082,296.92,0.0,5748.0,1.4,5.97
2560,Kepler-1311 c,1.22,1.98,2.53573424,1671.0,0.03753,2144.553,0.0,5748.0,1.4,5.99
2561,Kepler-1311 d,9.65837605,67.5,197.5110016,391.0,0.68434,6.0,0.0,5616.0,1.674,0.412
2562,Kepler-1312 b,2.1,5.06,5.448325286,978.0,0.06053,219.117,0.0,5719.0,0.92,3.0
2563,Kepler-1312 c,1.02732734,1.07,1.116119981,1659.0,0.02103,1770.2,0.0,5721.0,0.905,5.42
2564,Kepler-1313 b,1.76,3.75,3.833091178,1012.0,0.04619,227.198,0.0,5453.0,0.85,3.78
2565,Kepler-1314 b,5.11,22.9,5.424749281,625.0,0.0504,36.05,0.0,4188.0,0.59,0.943
2566,Kepler-1315 b,1.38,2.48,0.84338011,1541.0,0.01617,897.9,0.0,4861.0,0.75,5.19
2567,Kepler-1315 c,1.84398883,4.06,6.566060066,777.0,0.0635,57.6,0.0,4818.0,0.856,3.56
2568,Kepler-1316 b,3.54,12.3,87.9732136,446.0,0.39765,10.714,0.0,5884.0,1.12,1.52
2569,Kepler-1317 b,1.56,3.05,0.568874427,1796.0,0.0128,2413.261,0.0,5144.0,0.79,4.41
2570,Kepler-1318 b,3.11,9.85,213.257663,202.0,0.6085,0.492,0.0,4598.0,0.7,1.8
2571,Kepler-1319 b,1.34,2.36,2.886762645,557.0,0.0296,38.452,0.33,3655.0,0.54,5.39
2572,Kepler-132 b,1.21,1.92,6.178196,1082.0,0.067,284.8,0.0,6003.0,1.178,5.96
2573,Kepler-132 c,1.28,2.18,6.414914,1069.0,0.068,271.0,0.0,6003.0,1.178,5.71
2574,Kepler-132 d,1.55,3.02,18.010199,758.0,0.136,68.6,0.0,6003.0,1.178,4.46
2575,Kepler-132 e,1.18,1.76,110.2869374,414.0,0.43927,6.1,0.0,6023.0,1.1,5.89
2576,Kepler-1320 b,1.7,3.53,0.868386528,1389.0,0.0163,672.113,0.0,4817.0,0.74,3.95
2577,Kepler-1321 b,4.92,21.5,11.12830484,408.0,0.0781,13.547,0.0,4094.0,0.53,0.992
2578,Kepler-1321 c,2.4,6.35,2.226491086,697.0,0.0267,115.909,0.0,4094.0,0.53,2.52
2579,Kepler-1321 d,2.62843782,7.41,5.720920086,509.0,0.0501,15.84,0.0,3640.0,0.503,2.24
2580,Kepler-1322 b,1.61,3.22,0.962867382,1666.0,0.0183,2651.424,0.0,5488.0,0.87,4.24
2581,Kepler-1322 c,2.15492527,5.29,6.459980011,883.0,0.0652,144.06,0.0,5704.0,0.804,2.9
2582,Kepler-1323 b,1.52,2.92,0.929906678,2291.0,0.01911,5067.603,0.0,6169.0,1.4,4.57
2583,Kepler-1324 b,1.51,2.89,4.115844679,895.0,0.0466,98.414,0.0,4776.0,0.73,4.61
2584,Kepler-1325 b,2.86,8.55,33.8786838,564.0,0.2004,18.153,0.0,5550.0,0.91,2.01
2585,Kepler-1326 b,4.18,16.3,42.3514267,938.0,0.2743,47.84,0.0,6725.0,1.74,1.23
2586,Kepler-1327 b,1.8,3.89,14.88801098,831.0,0.11151,79.9,0.0,5885.0,1.03,3.67
2587,Kepler-1328 b,0.98,0.904,4.52158888,1214.0,0.052,545.672,0.0,5780.0,0.99,5.28
2588,Kepler-1329 b,2.17,5.35,9.33646594,577.0,0.0747,26.645,0.0,4500.0,0.69,2.88
2589,Kepler-133 b,1.76,3.75,8.129976,1041.0,0.083,408.58,0.0,5736.0,1.425,3.78
2590,Kepler-133 c,2.84,8.45,31.517586,663.0,0.204,67.161,0.0,5736.0,1.425,2.03
2591,Kepler-1330 b,1.65,3.36,10.10769068,879.0,0.0889,322.399,0.0,5608.0,0.94,4.11
2592,Kepler-1331 b,1.05,1.16,0.789161653,1244.0,0.0142,547.294,0.0,4508.0,0.69,5.51
2593,Kepler-1332 b,1.37,2.45,11.87456832,728.0,0.09915,77.559,0.0,5581.0,0.9,5.24
2594,Kepler-1333 b,2.81,8.3,109.6471842,428.0,0.4382,3.298,0.0,5628.0,0.92,2.06
2595,Kepler-1334 b,2.29,5.86,15.64591713,710.0,0.1229,78.355,0.0,5614.0,0.91,2.68
2596,Kepler-1335 b,1.45,2.7,6.26406846,809.0,0.0615,80.741,0.0,4903.0,0.74,4.87
2597,Kepler-1336 b,1.98,4.58,23.198681,793.0,0.15845,103.72,0.0,5512.0,1.3,3.24
2598,Kepler-1336 c,1.71,3.57,5.77721211,1260.0,0.06272,662.713,0.0,5512.0,1.3,3.92
2599,Kepler-1337 b,2.41,6.39,24.4002549,437.0,0.1441,9.183,0.0,4523.0,0.67,2.51
2600,Kepler-1338 b,0.92,0.721,0.935118057,2124.0,0.01937,4712.111,0.0,5909.0,1.05,5.09
2601,Kepler-1339 b,0.71,0.285,1.341555127,1642.0,0.02356,3094.817,0.0,5586.0,0.93,4.38
2602,Kepler-134 b,2.0,4.66,5.317429,1105.0,0.06,301.367,0.0,5983.0,1.176,3.2
2603,Kepler-134 c,1.26,2.13,10.105785,892.0,0.092,128.086,0.0,5983.0,1.176,5.85
2604,Kepler-1340 b,1.55,3.02,0.665026916,2174.0,0.01523,4793.001,0.0,6331.0,1.42,4.46
2605,Kepler-1341 b,2.99,9.22,132.9968322,241.0,0.47267,1.141,0.0,4662.0,0.72,1.9
2606,Kepler-1342 b,1.66,3.39,2.215710358,1283.0,0.0313,559.275,0.0,5527.0,0.9,4.07
2607,Kepler-1343 b,1.93,4.38,3.35183158,1294.0,0.0449,1021.904,0.0,5759.0,0.93,3.35
2608,Kepler-1344 b,1.84,4.04,4.7683049,1219.0,0.05501,425.169,0.0,5981.0,1.13,3.56
2609,Kepler-1345 b,2.36,6.17,44.6169557,693.0,0.26412,68.469,0.0,6449.0,1.55,2.58
2610,Kepler-1346 b,1.58,3.12,3.40165668,1236.0,0.044,545.575,0.0,6133.0,1.21,4.35
2611,Kepler-1347 b,1.03,1.08,14.00947528,617.0,0.104,34.32,0.0,5193.0,0.79,5.43
2612,Kepler-1348 b,1.94,4.42,27.5722742,636.0,0.1834,49.665,0.0,5911.0,1.04,3.33
2613,Kepler-1349 b,0.7,0.271,2.12823928,1668.0,0.03421,1862.33,0.0,6086.0,1.28,4.34
2614,Kepler-135 b,1.81,3.93,6.00253,1209.0,0.067,496.678,0.0,6090.0,1.275,3.64
2615,Kepler-135 c,1.16,1.65,11.448708,975.0,0.103,209.967,0.0,6090.0,1.275,5.81
2616,Kepler-1350 b,2.52,6.9,4.4968604,535.0,0.0413,27.176,0.0,3827.0,0.53,2.37
2617,Kepler-1350 c,1.73,3.64,1.766789062,730.0,0.0222,94.054,0.0,3827.0,0.53,3.86
2618,Kepler-1351 b,0.65,0.208,0.916140768,1212.0,0.0156,421.965,0.0,4439.0,0.67,4.16
2619,Kepler-1352 b,0.89,0.64,1.877882748,1701.0,0.02883,1892.586,0.0,6118.0,1.16,4.99
2620,Kepler-1353 b,1.8,3.89,24.7543966,491.0,0.153,10.767,0.0,4776.0,0.72,3.67
2621,Kepler-1354 b,2.97,9.11,76.613377,466.0,0.3521,18.86,0.0,6168.0,1.24,1.91
2622,Kepler-1355 b,1.46,2.73,1.289588112,1448.0,0.0224,944.873,0.0,5352.0,0.83,4.82
2623,Kepler-1356 b,1.53,2.96,0.634002937,1714.0,0.0136,1966.057,0.0,5106.0,0.78,4.54
2624,Kepler-1357 b,1.28,2.18,3.0091324,1177.0,0.041,449.975,0.0,5597.0,0.9,5.71
2625,Kepler-1358 b,1.12,1.46,7.06317341,827.0,0.0656,98.834,0.0,5181.0,0.79,5.71
2626,Kepler-1359 b,2.83,8.4,59.4970952,369.0,0.26657,2.451,0.0,4709.0,0.72,2.04
2627,Kepler-136 b,2.05,19.8,11.5789,951.0,0.106,257.984,0.0,6165.0,1.355,12.6
2628,Kepler-136 c,1.99,4.62,16.399235,847.0,0.133,162.044,0.0,6165.0,1.355,3.22
2629,Kepler-1360 b,3.4,11.5,40.5286413,933.0,0.2866,82.564,0.0,6778.0,1.83,1.61
2630,Kepler-1361 b,0.86,0.566,3.57554956,1061.0,0.04304,186.069,0.0,5131.0,0.79,4.89
2631,Kepler-1362 b,2.6,7.27,136.205626,248.0,0.4626,1.011,0.0,4857.0,0.74,2.27
2632,Kepler-1363 b,1.25,2.1,2.94194094,988.0,0.0363,191.919,0.0,4839.0,0.72,5.91
2633,Kepler-1364 b,2.15,5.27,13.32196237,1299.0,0.1284,672.06,0.0,6805.0,1.79,2.91
2634,Kepler-1365 b,0.92,0.721,7.69993485,969.0,0.07839,456.25,0.0,5770.0,1.05,5.09
2635,Kepler-1365 c,0.8,0.437,4.77468005,1137.0,0.05701,864.037,0.0,5770.0,1.05,4.69
2636,Kepler-1366 b,1.43,2.63,2.164570968,783.0,0.0273,134.981,0.0,4070.0,0.6,4.94
2637,Kepler-1367 b,0.92,0.721,1.574090272,998.0,0.0236,225.233,0.0,4106.0,0.6,5.09
2638,Kepler-1368 b,1.65,3.36,0.675649486,2085.0,0.0153,4849.257,0.0,5906.0,1.08,4.11
2639,Kepler-1369 b,2.69,7.7,25.873148,667.0,0.1741,37.158,0.0,5761.0,0.99,2.17
2640,Kepler-137 b,1.47,2.76,8.436387,742.0,0.077,86.33,0.0,5187.0,0.802,4.77
2641,Kepler-137 c,1.88,4.19,18.735753,568.0,0.13,29.775,0.0,5187.0,0.802,3.47
2642,Kepler-1370 b,1.84,4.04,20.2641684,770.0,0.15763,132.587,0.0,6202.0,1.29,3.56
2643,Kepler-1370 c,1.27,2.15,7.44142113,1075.0,0.08084,503.722,0.0,6202.0,1.29,5.77
2644,Kepler-1371 b,0.73,0.315,3.4462039,1015.0,0.04214,414.765,0.0,5361.0,0.83,4.45
2645,Kepler-1371 c,0.64,0.196,2.00541269,1216.0,0.02937,853.269,0.0,5361.0,0.83,4.11
2646,Kepler-1372 b,1.27,2.15,1.311555568,1655.0,0.024,2176.358,0.0,5677.0,0.97,5.77
2647,Kepler-1373 b,1.16,1.65,1.29123275,1887.0,0.02598,8385.9,0.0,6299.0,1.33,5.81
2648,Kepler-1374 b,2.29,5.86,10.65276707,737.0,0.0918,59.789,0.0,5323.0,0.81,2.68
2649,Kepler-1375 b,1.74,3.68,3.3004192,1543.0,0.0471,2948.362,0.0,6704.0,1.78,3.84
2650,Kepler-1376 b,1.05,1.16,5.30880656,1042.0,0.0598,278.902,0.0,5659.0,0.97,5.51
2651,Kepler-1377 b,1.25,2.1,0.740928422,1873.0,0.0153,2909.21,0.0,5218.0,0.82,5.91
2652,Kepler-1378 b,2.2,5.48,11.95398936,525.0,0.0885,14.867,0.0,4407.0,0.67,2.83
2653,Kepler-1379 b,1.3,2.24,0.881841146,1564.0,0.0171,1600.049,0.0,5188.0,0.79,5.6
2654,Kepler-138 b,0.64,0.07,10.3134,452.0,0.0753,9.9,0.02,3841.0,0.535,1.7
2655,Kepler-138 c,1.51,2.3,13.7815,410.0,0.0913,6.8,0.017,3841.0,0.535,3.6
2656,Kepler-138 d,1.51,2.1,23.0923,345.0,0.1288,3.4,0.01,3841.0,0.535,3.6
2657,Kepler-138 e,0.797,0.43,38.23,292.0,0.1803,1.73,0.112,3841.0,0.535,4.67
2658,Kepler-1380 b,1.43,2.63,10.3108245,786.0,0.0917,90.1,0.0,5570.0,0.94,4.94
2659,Kepler-1381 b,2.25,5.69,25.3842686,649.0,0.1728,29.701,0.0,5747.0,0.94,2.74
2660,Kepler-1382 b,1.88,4.19,16.3583055,959.0,0.14023,198.471,0.0,6161.0,1.72,3.47
2661,Kepler-1383 b,1.41,2.57,13.9093583,928.0,0.11397,231.396,0.0,6370.0,1.44,5.04
2662,Kepler-1384 b,1.94,4.42,15.36262753,608.0,0.1126,32.23,0.0,4919.0,0.74,3.33
2663,Kepler-1385 b,0.85,0.543,2.88879862,1423.0,0.04262,1591.477,0.0,5732.0,1.29,4.86
2664,Kepler-1386 b,1.24,2.07,6.73972381,1011.0,0.068,196.533,0.0,5733.0,1.03,5.97
2665,Kepler-1387 b,0.93,0.749,2.279526656,1123.0,0.031,300.312,0.0,5046.0,0.77,5.12
2666,Kepler-1388 b,2.59,7.22,12.2854603,434.0,0.0882,17.674,0.0,4098.0,0.61,2.28
2667,Kepler-1388 c,2.26,5.73,5.53608151,566.0,0.0519,51.044,0.0,4098.0,0.61,2.73
2668,Kepler-1388 d,2.86,8.55,20.9568158,363.0,0.126,8.66,0.0,4098.0,0.61,2.01
2669,Kepler-1388 e,2.46,6.62,37.6327084,299.0,0.1861,3.97,0.0,4098.0,0.61,2.44
2670,Kepler-1389 b,1.77,3.78,99.2530951,300.0,0.38249,1.871,0.0,5078.0,0.74,3.75
2671,Kepler-139 b,2.94,7.0,15.771044,752.0,0.127,64.78,0.0,5594.0,1.3,2.169438
2672,Kepler-139 c,3.38,13.0,157.072878,350.0,0.586,3.023,0.0,5594.0,1.3,8.702677
2673,Kepler-139 d,1.695,2.0,7.305699922,972.0,0.0755533961,172.3,0.0,5622.0,1.045,5.270467
2674,Kepler-139 e,13.7,378.0,2047.635373,,3.23579639,,0.013121,5622.0,1.045,0.808
2675,Kepler-139 f,6.67,36.0,355.0,,,,,5630.0,1.045,0.667
2676,Kepler-1390 b,1.18,1.76,6.48021673,934.0,0.0662,171.133,0.0,5753.0,0.98,5.89
2677,Kepler-1391 b,1.68,3.46,54.4092333,513.0,0.30045,33.335,0.0,5840.0,1.1,4.01
2678,Kepler-1392 b,1.96,4.5,15.1410397,714.0,0.1189,61.42,0.0,5479.0,0.85,3.28
2679,Kepler-1393 b,0.8,0.437,2.44357812,1249.0,0.0337,574.37,0.0,5697.0,0.92,4.69
2680,Kepler-1394 b,1.39,2.51,3.93766373,1947.0,0.05474,2023.005,0.0,6481.0,2.55,5.14
2681,Kepler-1395 b,0.8,0.437,3.78470649,1311.0,0.04974,730.531,0.0,6138.0,1.23,4.69
2682,Kepler-1396 b,2.07,4.94,18.2206421,786.0,0.1406,71.816,0.0,6195.0,1.27,3.06
2683,Kepler-1397 b,1.72,3.61,47.449955,551.0,0.25861,58.103,0.0,6026.0,1.12,3.9
2684,Kepler-1398 b,0.9,0.666,2.78815679,1510.0,0.03909,1249.488,0.0,6126.0,1.18,5.02
2685,Kepler-1398 c,1.03,1.08,4.13827595,1324.0,0.05087,738.183,0.0,6126.0,1.18,5.43
2686,Kepler-1399 b,1.25,2.1,1.638653058,1610.0,0.0276,1707.252,0.0,5735.0,0.96,5.91
2687,Kepler-14 b,12.733,2669.66,6.790123,1605.0,0.0771,1029.51,0.035,6395.0,2.048,7.1
2688,Kepler-140 b,1.61,3.22,3.25427,1301.0,0.045,848.695,0.0,6077.0,1.288,4.24
2689,Kepler-140 c,1.8,3.89,91.353282,428.0,0.414,9.957,0.0,6077.0,1.288,3.67
2690,Kepler-1400 b,1.62,3.26,9.06689421,725.0,0.0771,44.517,0.0,5044.0,0.78,4.21
2691,Kepler-1401 b,1.68,3.46,11.20066445,808.0,0.0975,100.91,0.0,5964.0,1.1,4.01
2692,Kepler-1402 b,0.76,0.363,2.03387914,1789.0,0.0322,2491.119,0.0,5416.0,0.87,4.54
2693,Kepler-1403 b,2.14,5.22,5.19492202,1238.0,0.064,699.644,0.0,6060.0,1.15,2.93
2694,Kepler-1404 b,2.01,4.7,15.9314739,596.0,0.1143,39.001,0.0,5261.0,0.8,3.18
2695,Kepler-1405 b,3.96,14.9,28.2274184,565.0,0.1778,33.802,0.0,5925.0,1.07,1.32
2696,Kepler-1406 b,1.1,1.37,11.62905828,854.0,0.0987,125.89,0.0,5892.0,1.12,5.66
2697,Kepler-1407 b,2.25,5.69,20.0711504,826.0,0.1502,78.667,0.0,6010.0,1.15,2.74
2698,Kepler-1408 b,0.89,0.64,2.99793191,1616.0,0.04218,1982.268,0.0,6170.0,1.35,4.99
2699,Kepler-1409 b,1.04,1.12,0.764864926,1733.0,0.01553,1552.133,0.0,5160.0,0.79,5.47
2700,Kepler-141 b,0.69,0.257,3.107675,968.0,0.039,228.663,0.0,4910.0,0.787,4.3
2701,Kepler-141 c,1.41,2.57,7.010606,738.0,0.067,77.412,0.0,4910.0,0.787,5.04
2702,Kepler-1410 b,1.78,3.82,60.866168,290.0,0.2543,1.06,0.0,4092.0,0.6,3.72
2703,Kepler-1411 b,2.82,8.35,86.1150888,441.0,0.4001,8.927,0.0,5664.0,0.92,2.05
2704,Kepler-1412 b,0.83,0.498,3.6146051,1397.0,0.04608,1087.781,0.0,5880.0,1.27,4.79
2705,Kepler-1413 b,1.82,3.97,13.1829642,661.0,0.1066,42.825,0.0,5196.0,0.8,3.62
2706,Kepler-1414 b,1.23,2.04,3.51576315,1033.0,0.0426,209.464,0.0,4951.0,0.75,6.02
2707,Kepler-1415 b,1.29,2.21,0.63642408,1846.0,0.01416,2138.079,0.0,5267.0,0.84,5.66
2708,Kepler-1416 b,0.88,0.615,1.49514952,1870.0,0.0257,2658.55,0.0,6019.0,1.15,4.96
2709,Kepler-1417 b,1.0,0.972,20.3505213,695.0,0.14062,114.332,0.0,5839.0,1.02,5.34
2710,Kepler-1418 b,1.66,3.39,22.4764425,419.0,0.131,7.29,0.0,4770.0,0.72,4.07
2711,Kepler-1419 b,2.86,8.55,42.5215895,510.0,0.2391,21.243,0.0,5796.0,1.01,2.01
2712,Kepler-142 b,1.99,4.62,2.024152,1597.0,0.032,1247.908,0.0,5790.0,1.269,3.22
2713,Kepler-142 c,2.86,8.55,4.761702,1201.0,0.057,399.444,0.0,5790.0,1.269,2.01
2714,Kepler-142 d,2.16,5.31,41.809118,582.0,0.242,22.072,0.0,5790.0,1.269,2.9
2715,Kepler-1420 b,1.28,2.18,6.69960006,806.0,0.0671,131.526,0.0,5187.0,0.79,5.71
2716,Kepler-1421 b,0.93,0.749,6.9131112,1209.0,0.07576,649.151,0.0,6335.0,1.42,5.12
2717,Kepler-1422 b,2.02,4.74,18.6051942,833.0,0.1499,156.9,0.0,6194.0,1.23,3.16
2718,Kepler-1423 b,1.06,1.2,23.955378,741.0,0.1586,71.16,0.0,4939.0,0.75,5.54
2719,Kepler-1424 b,1.16,1.65,29.6091744,629.0,0.19068,58.6,0.0,5838.0,1.07,5.81
2720,Kepler-1425 b,0.94,0.779,14.4541302,676.0,0.11435,216.405,0.0,5718.0,0.95,5.15
2721,Kepler-1426 b,1.56,3.05,14.2563227,797.0,0.1187,95.22,0.0,5831.0,1.02,4.41
2722,Kepler-1427 b,1.1,1.37,0.968972376,1844.0,0.0197,2730.51,0.0,5793.0,1.01,5.66
2723,Kepler-1428 b,1.64,3.33,10.67607169,1049.0,0.11051,817.579,0.0,6184.0,1.36,4.15
2724,Kepler-1429 b,1.29,2.21,4.48487493,1199.0,0.055,551.156,0.0,5902.0,1.07,5.66
2725,Kepler-143 b,2.41,6.39,16.007583,838.0,0.127,118.334,0.0,5848.0,1.359,2.51
2726,Kepler-143 c,3.37,11.3,27.082511,703.0,0.181,58.7,0.0,5848.0,1.359,1.62
2727,Kepler-1430 b,1.18,1.76,2.46050993,969.0,0.0304,208.54,0.0,4796.0,0.72,5.89
2728,Kepler-1431 b,1.47,2.76,5.86601526,1064.0,0.0648,469.819,0.0,5806.0,1.03,4.77
2729,Kepler-1432 b,2.22,5.56,23.9109011,709.0,0.1696,119.237,0.0,6031.0,1.13,2.79
2730,Kepler-1433 b,1.56,3.05,4.13592271,1226.0,0.0516,535.42,0.0,6097.0,1.19,4.41
2731,Kepler-1434 b,1.11,1.41,8.05333618,1320.0,0.0917,925.289,0.0,6291.0,2.04,5.67
2732,Kepler-1435 b,0.86,0.566,4.45343281,1331.0,0.05456,893.886,0.0,6356.0,1.32,4.89
2733,Kepler-1436 b,1.31,2.27,9.705716,1001.0,0.0907,772.079,0.0,5972.0,1.09,5.55
2734,Kepler-1437 b,1.37,2.45,10.9295461,770.0,0.0951,83.14,0.0,5557.0,0.9,5.24
2735,Kepler-1438 b,0.94,0.779,2.31942009,1490.0,0.0346,561.12,0.0,5530.0,0.96,5.15
2736,Kepler-1439 b,1.46,2.73,8.07392849,420.0,0.0594,9.081,0.0,3578.0,0.43,4.82
2737,Kepler-144 b,1.33,2.33,5.885273,1253.0,0.066,426.719,0.0,6075.0,1.235,5.44
2738,Kepler-144 c,1.35,2.39,10.104665,1046.0,0.094,207.247,0.0,6075.0,1.235,5.34
2739,Kepler-1440 b,1.26,2.13,39.859484,597.0,0.23431,44.728,0.0,5698.0,0.96,5.85
2740,Kepler-1441 b,1.31,2.27,39.4419839,682.0,0.2346,33.046,0.0,5802.0,1.0,5.55
2741,Kepler-1442 b,3.93,14.7,81.4162941,522.0,0.40814,25.972,0.0,6394.0,1.44,1.33
2742,Kepler-1443 b,0.97,0.871,2.41811321,1602.0,0.03783,2809.165,0.0,6289.0,1.27,5.24
2743,Kepler-1444 b,2.18,5.39,33.42035034,581.0,0.20906,25.942,0.0,5810.0,1.05,2.86
2744,Kepler-1445 b,0.96,0.84,10.60052251,987.0,0.09587,248.548,0.0,6150.0,1.26,5.22
2745,Kepler-1446 b,0.82,0.477,0.689967832,1539.0,0.01405,1213.333,0.0,4865.0,0.75,4.75
2746,Kepler-1447 b,2.9,8.75,56.6747285,522.0,0.2836,10.349,0.0,5722.0,0.95,1.97
2747,Kepler-1448 b,1.61,3.22,12.27065865,811.0,0.1058,86.645,0.0,5774.0,0.93,4.24
2748,Kepler-1449 b,1.68,3.46,13.2274528,867.0,0.1176,271.885,0.0,5979.0,1.1,4.01
2749,Kepler-145 b,2.65,37.1,22.951,873.0,0.17308,154.705,0.43,6022.0,1.85,13.0
2750,Kepler-145 c,4.32,79.4,42.882,709.0,0.26244,67.193,0.11,6022.0,1.85,2.58
2751,Kepler-1450 b,1.71,3.57,54.5094166,308.0,0.2401,3.078,0.0,4524.0,0.68,3.92
2752,Kepler-1451 b,3.35,11.2,35.622233,523.0,0.2101,18.751,0.0,5782.0,0.99,1.64
2753,Kepler-1452 b,2.7,7.75,42.913751,810.0,0.25764,73.501,0.0,6101.0,2.06,2.16
2754,Kepler-1453 b,2.67,7.61,47.1611696,503.0,0.262,11.889,0.0,5665.0,0.94,2.2
2755,Kepler-1454 b,1.88,4.19,47.0319479,492.0,0.2447,9.08,0.0,5448.0,0.86,3.47
2756,Kepler-1455 b,2.16,5.31,49.276764,298.0,0.2149,1.533,0.0,4075.0,0.6,2.9
2757,Kepler-1456 b,1.14,1.55,18.1373829,433.0,0.1132,8.234,0.0,4231.0,0.62,5.75
2758,Kepler-1457 b,1.99,4.62,51.1110243,478.0,0.26391,23.468,0.0,5866.0,1.01,3.22
2759,Kepler-1458 b,2.76,8.05,47.9872764,493.0,0.24869,8.293,0.0,5653.0,0.94,2.1
2760,Kepler-1459 b,1.36,2.42,62.8691611,349.0,0.2829,3.511,0.0,4828.0,0.74,5.29
2761,Kepler-146 b,3.71,13.3,31.158799,639.0,0.2,32.89,0.0,5948.0,1.208,1.43
2762,Kepler-146 c,3.13,9.96,76.732171,473.0,0.364,9.887,0.0,5948.0,1.208,1.78
2763,Kepler-1460 b,1.96,4.5,29.9633247,391.0,0.1614,5.469,0.0,4422.0,0.67,3.28
2764,Kepler-1461 b,2.03,4.78,29.3494775,451.0,0.1715,8.88,0.0,4919.0,0.74,3.14
2765,Kepler-1462 b,3.82,14.0,65.6488341,390.0,0.3094,4.704,0.0,5756.0,1.0,1.38
2766,Kepler-1463 b,1.86,4.12,25.15864,619.0,0.1694,57.634,0.0,5679.0,0.95,3.52
2767,Kepler-1464 b,1.66,3.39,31.7785901,564.0,0.20066,89.473,0.0,5828.0,1.01,4.07
2768,Kepler-1464 c,1.0,0.972,5.32786292,1023.0,0.06101,968.555,0.0,5828.0,1.01,5.34
2769,Kepler-1465 b,1.77,3.78,31.8277111,668.0,0.1939,6.246,0.0,4726.0,0.71,3.75
2770,Kepler-1466 b,1.55,3.02,31.1750448,585.0,0.17981,21.875,0.0,5884.0,1.02,4.46
2771,Kepler-1467 b,3.3,10.9,47.0569043,411.0,0.2388,7.917,0.0,5332.0,0.82,1.67
2772,Kepler-1468 b,1.73,3.64,8.23984869,1093.0,0.0817,481.352,0.0,5893.0,1.05,3.86
2773,Kepler-1468 c,1.15,1.6,3.54553021,1448.0,0.0466,1479.567,0.0,5893.0,1.05,5.78
2774,Kepler-1468 d,3.33187146,11.1,19.59059906,819.0,0.1456,52.77,0.0,5794.0,1.496,1.65
2775,Kepler-1469 b,2.8,8.25,21.8635301,551.0,0.1466,24.901,0.0,5507.0,0.89,2.07
2776,Kepler-147 b,1.53,2.96,12.610584,953.0,0.113,224.61,0.0,6012.0,1.468,4.54
2777,Kepler-147 c,2.43,6.48,33.416423,689.0,0.216,61.287,0.0,6012.0,1.468,2.48
2778,Kepler-1470 b,1.07,1.24,16.2950903,574.0,0.116,23.918,0.0,4961.0,0.76,5.56
2779,Kepler-1471 b,1.41,2.57,3.63899398,1238.0,0.0453,314.233,0.0,5660.0,0.93,5.04
2780,Kepler-1471 c,1.88,4.19,11.6044881,841.0,0.0981,118.5,0.0,5533.0,1.166,3.47
2781,Kepler-1472 b,1.9,4.27,38.1312831,613.0,0.2322,57.079,0.0,6159.0,1.25,3.42
2782,Kepler-1473 b,1.19,1.81,14.4273551,783.0,0.11606,111.011,0.0,6046.0,1.09,5.9
2783,Kepler-1474 b,2.16,5.31,36.4333452,561.0,0.2108,21.392,0.0,5870.0,1.04,2.9
2784,Kepler-1475 b,2.92,8.85,82.177374,441.0,0.373,13.76,0.0,6214.0,1.28,1.95
2785,Kepler-1476 b,1.67,3.43,10.35863224,860.0,0.0932,75.641,0.0,5663.0,0.96,4.05
2786,Kepler-1477 b,1.18,1.76,11.55530021,674.0,0.0911,78.163,0.0,5100.0,0.78,5.89
2787,Kepler-1478 b,1.73,3.64,26.0840594,598.0,0.1681,85.282,0.0,5904.0,1.06,3.86
2788,Kepler-1479 b,1.83,4.01,14.53261362,746.0,0.11341,98.574,0.0,5796.0,0.98,3.6
2789,Kepler-148 b,1.8,3.89,1.729366,1284.0,0.028,609.017,0.0,5272.0,0.851,3.67
2790,Kepler-148 c,3.6,12.6,4.180043,957.0,0.05,187.197,0.0,5272.0,0.851,1.48
2791,Kepler-148 d,8.68,56.3,51.84688575,413.0,0.2607,6.532,0.0,5172.0,0.81,0.473
2792,Kepler-1480 b,1.67,3.43,22.12679948,721.0,0.1525,16.317,0.0,5156.0,0.81,4.05
2793,Kepler-1481 b,1.23,2.04,5.94220998,797.0,0.059,71.94,0.0,4908.0,0.75,6.02
2794,Kepler-1482 b,1.01,1.01,12.25383217,678.0,0.09968,86.499,0.0,5381.0,0.84,5.39
2795,Kepler-1483 b,1.52,2.92,9.5085156,1131.0,0.0958,265.018,0.0,6337.0,1.4,4.57
2796,Kepler-1484 b,2.11,5.1,30.4549136,624.0,0.1939,35.92,0.0,5730.0,0.92,2.98
2797,Kepler-1485 b,1.47,2.76,19.9157725,728.0,0.14732,85.176,0.0,6087.0,1.12,4.77
2798,Kepler-1486 b,2.32,5.99,54.6495759,538.0,0.2846,22.372,0.0,5965.0,1.12,2.64
2799,Kepler-1487 b,2.13,5.18,7.31946363,1682.0,0.0898,323.294,0.0,6541.0,1.63,2.95
2800,Kepler-1487 c,7.97,48.7,35.8007112,991.0,0.2588,227.68,0.0,5745.0,3.955,0.529
2801,Kepler-1488 b,1.86,4.12,39.8189932,650.0,0.24153,73.335,0.0,5820.0,1.31,3.52
2802,Kepler-1488 c,1.65156749,3.37,6.158269882,1212.0,0.06959,760.6,0.0,5710.0,1.524,4.11
2803,Kepler-1489 b,1.77,3.78,82.294751,400.0,0.3679,11.893,0.0,5655.0,0.9,3.75
2804,Kepler-1489 c,0.51,0.087,0.680741,,,,,5565.53,0.957,3.6
2805,Kepler-149 b,4.21,16.5,29.198943,540.0,0.184,23.64,0.0,5381.0,0.953,1.22
2806,Kepler-149 c,1.61,3.22,55.328328,436.0,0.281,10.084,0.0,5381.0,0.953,4.24
2807,Kepler-149 d,3.96,14.9,160.018032,306.0,0.571,2.446,0.0,5381.0,0.953,1.32
2808,Kepler-1490 b,3.04,9.48,92.4362973,348.0,0.3729,3.788,0.0,5515.0,0.87,1.85
2809,Kepler-1491 b,1.51,2.89,16.5861762,821.0,0.127,138.108,0.0,5728.0,0.99,4.61
2810,Kepler-1491 c,2.44,6.53,61.569765,530.0,0.3045,18.66,0.0,5626.0,1.389,2.47
2811,Kepler-1492 b,1.49,2.83,16.75255007,801.0,0.1262,11.523,0.0,4712.0,0.72,4.7
2812,Kepler-1493 b,1.41,2.57,15.0217983,874.0,0.1197,137.91,0.0,5863.0,1.29,5.04
2813,Kepler-1494 b,3.07,9.64,91.080482,415.0,0.3982,9.113,0.0,5659.0,0.94,1.83
2814,Kepler-1495 b,2.94,8.96,85.273256,443.0,0.3677,9.1,0.0,5831.0,1.04,1.94
2815,Kepler-1496 b,2.22,5.56,64.6588017,535.0,0.3211,18.383,0.0,6182.0,1.27,2.79
2816,Kepler-1497 b,1.66,3.39,8.74199772,924.0,0.0817,172.38,0.0,5675.0,0.95,4.07
2817,Kepler-1498 b,1.33,2.33,48.051405,564.0,0.2528,9.86,0.0,5256.0,0.81,5.44
2818,Kepler-1499 b,1.19,1.81,44.2008,409.0,0.23225,7.371,0.0,5097.0,0.78,5.9
2819,Kepler-15 b,10.76,209.76,4.942782,1251.0,0.05714,430.677,0.06,5515.0,0.992,0.93
2820,Kepler-150 b,1.25,2.1,3.428054,1131.0,0.044,367.262,0.0,5560.0,0.939,5.91
2821,Kepler-150 c,3.69,13.2,7.381998,876.0,0.073,132.091,0.0,5560.0,0.939,1.44
2822,Kepler-150 d,2.79,8.2,12.56093,734.0,0.104,65.142,0.0,5560.0,0.939,2.07
2823,Kepler-150 e,3.12,9.91,30.826557,544.0,0.189,19.671,0.0,5560.0,0.939,1.79
2824,Kepler-150 f,3.64,12.9,637.2093,,1.24,,,5528.0,0.905339,1.47
2825,Kepler-1500 b,1.2,1.87,15.0330105,928.0,0.1236,131.818,0.0,5845.0,1.0,5.95
2826,Kepler-1501 b,1.56,3.05,14.5564533,787.0,0.11592,100.001,0.0,6229.0,1.3,4.41
2827,Kepler-1502 b,3.18,10.2,41.7083629,608.0,0.2482,77.324,0.0,6666.0,1.72,1.74
2828,Kepler-1503 b,2.27,5.77,96.16987,321.0,0.3771,5.636,0.0,5069.0,0.74,2.71
2829,Kepler-1504 b,2.13,5.18,82.304003,485.0,0.3704,25.17,0.0,5393.0,0.81,2.95
2830,Kepler-1505 b,0.93,0.749,30.8609366,525.0,0.18298,36.121,0.0,5686.0,0.86,5.12
2831,Kepler-1506 b,1.32,2.3,14.0329154,783.0,0.1168,235.807,0.0,5676.0,0.93,5.5
2832,Kepler-1507 b,0.84,0.52,16.0506213,630.0,0.11946,30.476,0.0,5410.0,0.85,4.82
2833,Kepler-1508 b,1.33,2.33,20.7056504,967.0,0.1629,116.145,0.0,6158.0,1.22,5.44
2834,Kepler-1509 b,1.85,4.08,25.4338197,667.0,0.1707,83.081,0.0,5780.0,0.99,3.54
2835,Kepler-151 b,3.06,9.59,15.228958,639.0,0.116,40.728,0.0,5460.0,0.83,1.84
2836,Kepler-151 c,2.09,5.02,24.674612,544.0,0.16,21.407,0.0,5460.0,0.83,3.02
2837,Kepler-1510 b,3.36,11.2,84.703921,537.0,0.4089,14.036,0.0,6200.0,1.28,1.62
2838,Kepler-1511 b,1.68,3.46,23.2382792,903.0,0.1753,228.219,0.0,6064.0,1.29,4.01
2839,Kepler-1512 b,1.18,1.76,20.35972599,322.0,0.13693,1.6,0.0,4372.0,0.67,5.89
2840,Kepler-1513 b,8.594,48.30991786,160.8842,346.0,0.56971,2.23,0.306,5491.0,0.95,1.304
2841,Kepler-1513 c,11.0,84.54235626,841.4,,,,0.125,5491.0,0.95,0.349
2842,Kepler-1514 b,12.419572,1678.1424,217.83184,387.9,0.753,3.23,0.401,6145.0,1.289,4.82
2843,Kepler-1514 c,1.1758241,1.74,10.514181,1066.0,0.0997,193.0,0.32,6145.0,1.289,5.88
2844,Kepler-1515 b,9.55,66.2,214.3114164,380.0,0.75235,6.017,0.0,6511.0,1.41,0.418
2845,Kepler-1516 b,1.75,3.71,7.25931979,967.0,0.0718,615.253,0.0,5904.0,1.07,3.8
2846,Kepler-1517 b,9.76,68.7,5.546083665,2336.0,0.078,1526.983,0.0,7010.0,1.95,0.406
2847,Kepler-1518 b,3.05,9.53,5.11177904,1351.0,0.0593,1079.458,0.0,6846.0,1.88,1.85
2848,Kepler-1518 c,2.9,8.75,9.6310258,1094.0,0.0905,338.33,0.0,6432.0,1.345,1.97
2849,Kepler-1519 b,7.06,39.6,240.7989397,342.0,0.7655,3.944,0.0,5644.0,0.91,0.618
2850,Kepler-152 b,2.79,8.2,18.207973,551.0,0.124,21.084,0.0,5088.0,0.724,2.07
2851,Kepler-152 c,2.39,6.3,88.255055,326.0,0.356,2.57,0.0,5088.0,0.724,2.54
2852,Kepler-1520 b,5.77,28.1,0.653553572,1437.0,0.0129,1134.386,0.0,4677.0,0.71,0.804
2853,Kepler-1521 b,2.5,6.8,47.14840805,391.0,0.23476,5.122,0.0,5042.0,0.76,2.39
2854,Kepler-1522 b,1.73,3.64,1.847889171,1374.0,0.0288,1513.457,0.0,5706.0,0.93,3.86
2855,Kepler-1523 b,1.58,3.12,0.93875077,1676.0,0.01867,2218.145,0.0,5708.0,0.96,4.35
2856,Kepler-1524 b,3.54,12.3,70.9674603,438.0,0.3392,8.443,0.0,6179.0,1.25,1.52
2857,Kepler-1525 b,0.91,0.693,2.416601183,1343.0,0.03557,715.106,0.0,5748.0,1.04,5.05
2858,Kepler-1526 b,2.43,6.48,3.908632005,787.0,0.0418,99.097,0.0,4601.0,0.69,2.48
2859,Kepler-1527 b,4.77,20.4,160.129918,450.0,0.6276,7.813,0.0,6224.0,1.32,1.03
2860,Kepler-1528 b,1.46,2.73,1.791110205,1549.0,0.0296,1106.851,0.0,5857.0,1.03,4.82
2861,Kepler-1529 b,2.1,5.06,5.33905686,817.0,0.0525,115.765,0.0,5048.0,0.77,3.0
2862,Kepler-153 b,2.92,8.85,18.870227,621.0,0.129,21.609,0.0,5404.0,0.892,1.95
2863,Kepler-153 c,2.53,6.94,46.90232,458.0,0.237,6.422,0.0,5404.0,0.892,2.35
2864,Kepler-1530 b,1.64,3.33,2.5904434,1484.0,0.03553,353.561,0.0,5477.0,0.88,4.15
2865,Kepler-1530 c,1.65,3.36,5.3227406,1167.0,0.05744,135.179,0.0,5477.0,0.88,4.11
2866,Kepler-1530 d,3.27870115,10.8,9.20761013,972.0,0.08276,69.2,0.0,5678.0,1.303,1.68
2867,Kepler-1531 b,1.11,1.41,1.138543376,2537.0,0.02204,4457.2,0.0,6260.0,1.27,5.67
2868,Kepler-1532 b,1.35,2.39,1.093663559,1681.0,0.0206,1705.762,0.0,5559.0,0.88,5.34
2869,Kepler-1533 b,3.46,11.8,308.5471,330.0,0.93416,4.786,0.0,6431.0,1.51,1.57
2870,Kepler-1534 b,1.89,4.23,5.71668872,955.0,0.0599,196.51,0.0,5442.0,0.86,3.44
2871,Kepler-1535 b,2.55,7.04,138.9442,384.0,0.5329,5.384,0.0,6021.0,1.11,2.33
2872,Kepler-1536 b,3.14,10.0,364.758031,166.0,0.8507,0.193,0.0,4434.0,0.67,1.77
2873,Kepler-1537 b,1.18,1.76,1.444453798,1800.0,0.0245,713.168,0.0,5079.0,0.77,5.89
2874,Kepler-1538 b,2.82,8.35,175.138819,346.0,0.6095,1.989,0.0,5837.0,1.03,2.05
2875,Kepler-1539 b,2.7,7.75,133.3036741,301.0,0.4765,1.572,0.0,5176.0,0.8,2.16
2876,Kepler-154 b,2.26,5.73,33.040532,561.0,0.198,28.11,0.0,5690.0,1.001,2.73
2877,Kepler-154 c,2.95,9.01,62.303276,454.0,0.303,12.071,0.0,5690.0,1.001,1.93
2878,Kepler-154 d,3.84,14.1,20.54981883,657.0,0.14354,53.002,0.0,5769.0,0.98,1.37
2879,Kepler-154 e,1.5,2.86,3.93276465,1140.0,0.04766,480.405,0.0,5769.0,0.98,4.66
2880,Kepler-154 f,1.5,2.86,9.91935684,838.0,0.08832,139.884,0.0,5769.0,0.98,4.66
2881,Kepler-1540 b,2.49,6.76,125.4131177,266.0,0.4426,0.849,0.0,4540.0,0.69,2.41
2882,Kepler-1541 b,1.16,1.65,8.40691199,1048.0,0.07555,75.56,0.0,5282.0,0.81,5.81
2883,Kepler-1542 b,0.76,0.363,3.95116882,1160.0,0.04765,518.437,0.0,5564.0,0.99,4.54
2884,Kepler-1542 c,0.65,0.208,2.89223021,1287.0,0.0387,786.082,0.0,5564.0,0.99,4.16
2885,Kepler-1542 d,0.87,0.59,5.99273738,1010.0,0.0629,297.806,0.0,5564.0,0.99,4.92
2886,Kepler-1542 e,0.76,0.363,5.10115756,1065.0,0.05649,369.999,0.0,5564.0,0.99,4.54
2887,Kepler-1543 b,2.71,7.8,6.96710269,1774.0,0.0867,375.651,0.0,6561.0,1.65,2.15
2888,Kepler-1544 b,1.78,3.82,168.811174,269.0,0.54465,0.833,0.0,4886.0,0.74,3.72
2889,Kepler-1545 b,2.7,7.75,163.692349,274.0,0.5442,1.408,0.0,5201.0,0.8,2.16
2890,Kepler-1546 b,3.13,9.96,19.5974971,671.0,0.1366,36.302,0.0,5623.0,0.93,1.78
2891,Kepler-1547 b,0.9,0.666,0.692979676,3186.0,0.01556,5760.944,0.0,6078.0,1.18,5.02
2892,Kepler-1548 b,2.64,7.46,124.828679,350.0,0.4679,1.933,0.0,5706.0,0.97,2.23
2893,Kepler-1549 b,2.57,7.13,214.886545,286.0,0.6687,1.184,0.0,5324.0,0.84,2.31
2894,Kepler-155 b,2.09,5.02,5.931194,614.0,0.056,23.5,0.0,4508.0,0.62,3.02
2895,Kepler-155 c,2.24,5.65,52.661793,286.0,0.242,1.28,0.0,4508.0,0.62,2.76
2896,Kepler-1550 b,3.02,9.38,225.582809,348.0,0.7681,2.305,0.0,5991.0,1.11,1.87
2897,Kepler-1551 b,2.66,7.56,24.4973698,722.0,0.1772,60.421,0.0,6136.0,1.22,2.21
2898,Kepler-1552 b,2.47,6.66,184.771853,268.0,0.6011,1.854,0.0,5202.0,0.78,2.43
2899,Kepler-1553 b,1.15,1.6,4.24261881,926.0,0.0481,166.106,0.0,5288.0,0.81,5.78
2900,Kepler-1554 b,2.9,8.75,198.088774,288.0,0.59527,1.014,0.0,5297.0,0.81,1.97
2901,Kepler-1555 b,1.61,3.22,8.10501635,959.0,0.0805,483.262,0.0,5866.0,1.06,4.24
2902,Kepler-1556 b,1.96,4.5,8.82713457,797.0,0.0829,92.138,0.0,5608.0,0.95,3.28
2903,Kepler-1557 b,1.53,2.96,3.74032496,1287.0,0.049,645.543,0.0,6099.0,1.17,4.54
2904,Kepler-1558 b,0.68,0.244,3.50470358,1019.0,0.04278,189.886,0.0,5101.0,0.79,4.26
2905,Kepler-1559 b,0.72,0.299,0.971915428,1609.0,0.01835,1620.063,0.0,5316.0,0.82,4.4
2906,Kepler-156 b,2.3,5.9,4.973456,867.0,0.054,135.077,0.0,5094.0,0.807,2.66
2907,Kepler-156 c,2.55,7.04,15.906801,588.0,0.117,28.642,0.0,5094.0,0.807,2.33
2908,Kepler-1560 b,0.89,0.64,3.03195744,1269.0,0.04175,593.919,0.0,5815.0,1.02,4.99
2909,Kepler-1561 b,1.09,1.32,1.005207007,1682.0,0.0194,2364.807,0.0,5957.0,1.11,5.6
2910,Kepler-1562 b,3.55,12.3,64.2737752,554.0,0.3308,31.768,0.0,5760.0,1.05,1.51
2911,Kepler-1563 b,0.75,0.347,3.43276598,1134.0,0.0442,390.57,0.0,5765.0,0.99,4.52
2912,Kepler-1564 b,1.47,2.76,18.0540381,635.0,0.1327,41.514,0.0,5528.0,0.9,4.77
2913,Kepler-1565 b,1.19,1.81,1.538188437,1234.0,0.0241,510.566,0.0,4940.0,0.73,5.9
2914,Kepler-1566 b,0.79,0.418,0.539915238,1871.0,0.01198,2340.984,0.0,5254.0,0.81,4.66
2915,Kepler-1567 b,2.73,7.9,153.979578,330.0,0.552,2.723,0.0,5655.0,0.93,2.13
2916,Kepler-1568 b,1.3,2.24,20.925392,729.0,0.15157,72.568,0.0,5956.0,1.19,5.6
2917,Kepler-1569 b,1.68,3.46,5.79180156,1222.0,0.06669,495.652,0.0,6319.0,1.4,4.01
2918,Kepler-157 b,1.32,2.3,1.732342,1546.0,0.028,1572.309,0.0,5774.0,1.044,5.5
2919,Kepler-157 c,2.24,5.65,13.5405,779.0,0.11,101.754,0.0,5774.0,1.044,2.76
2920,Kepler-157 d,1.46,2.73,7.02573474,969.0,0.0706,244.058,0.0,5866.0,1.03,4.82
2921,Kepler-1570 b,1.07,1.24,26.548955,836.0,0.16699,76.457,0.0,5550.0,0.89,5.56
2922,Kepler-1571 b,1.52,2.92,3.38555488,1476.0,0.04287,757.132,0.0,6297.0,1.39,4.57
2923,Kepler-1572 b,0.94,0.779,5.49548621,1293.0,0.05838,583.523,0.0,5618.0,0.95,5.15
2924,Kepler-1573 b,1.2,1.87,2.6157554,1379.0,0.0364,1343.114,0.0,5808.0,1.0,5.95
2925,Kepler-1574 b,1.29,2.21,6.9424334,1003.0,0.0743,289.778,0.0,5892.0,1.08,5.66
2926,Kepler-1575 b,1.31,2.27,2.55314213,1312.0,0.0366,803.679,0.0,5667.0,0.92,5.55
2927,Kepler-1576 b,1.04,1.12,6.98471973,1059.0,0.07211,156.608,0.0,5876.0,1.06,5.47
2928,Kepler-1577 b,1.13,1.51,6.30560247,1125.0,0.0657,57.751,0.0,4862.0,0.74,5.75
2929,Kepler-1578 b,1.04,1.12,1.450886907,1700.0,0.0252,1486.438,0.0,5545.0,0.86,5.47
2930,Kepler-1579 b,0.84,0.52,0.849907889,1139.0,0.014,396.64,0.0,4584.0,0.7,4.82
2931,Kepler-158 b,2.12,5.14,16.709184,500.0,0.111,13.634,0.0,4623.0,0.624,2.96
2932,Kepler-158 c,1.9,4.27,28.551383,418.0,0.158,6.677,0.0,4623.0,0.624,3.42
2933,Kepler-158 d,0.43,0.0472,0.645088,,,,,4895.97,0.668,3.26
2934,Kepler-1580 b,2.11,5.1,56.6449279,733.0,0.33571,83.088,0.0,6228.0,2.15,2.98
2935,Kepler-1581 b,0.8,0.437,6.28385491,1108.0,0.06865,470.862,0.0,6022.0,1.23,4.69
2936,Kepler-1582 b,1.49,2.83,4.83817712,354.0,0.0316,2.5,0.0,3208.0,0.3,4.7
2937,Kepler-1583 b,0.6,0.156,9.32807355,788.0,0.08307,124.307,0.0,5645.0,0.91,3.97
2938,Kepler-1584 b,1.61,3.22,13.3997099,886.0,0.1168,162.544,0.0,6069.0,1.13,4.24
2939,Kepler-1585 b,1.79,3.86,3.5827463,1064.0,0.0445,182.941,0.0,5538.0,0.91,3.7
2940,Kepler-1586 b,1.52,2.92,15.6049212,1013.0,0.12208,105.771,0.0,6681.0,1.75,4.57
2941,Kepler-1587 b,1.33,2.33,9.4060467,981.0,0.08747,254.701,0.0,5933.0,1.22,5.44
2942,Kepler-1588 b,0.76,0.363,7.84931739,925.0,0.07419,359.79,0.0,5817.0,0.99,4.54
2943,Kepler-1589 b,1.09,1.32,0.991665274,2102.0,0.0205,5228.785,0.0,6166.0,1.25,5.6
2944,Kepler-159 b,2.38,6.26,10.139623,447.0,0.082,33.463,0.0,4625.0,0.663,2.55
2945,Kepler-159 c,3.41,11.5,43.595792,275.0,0.218,4.791,0.0,4625.0,0.663,1.59
2946,Kepler-1590 b,1.14,1.55,7.61760804,1020.0,0.07116,171.478,0.0,6053.0,1.16,5.75
2947,Kepler-1591 b,1.27,2.15,8.18504949,892.0,0.0794,439.434,0.0,6082.0,1.16,5.77
2948,Kepler-1592 b,1.54,2.99,3.05710069,1202.0,0.04,1918.34,0.0,6213.0,1.28,4.5
2949,Kepler-1593 b,3.17,10.2,174.509835,260.0,0.55494,0.889,0.0,4995.0,0.77,1.76
2950,Kepler-1594 b,1.06,1.2,2.71603809,1360.0,0.0396,672.414,0.0,5946.0,1.08,5.54
2951,Kepler-1595 b,1.23,2.04,4.56380468,980.0,0.051,185.568,0.0,5203.0,0.8,6.02
2952,Kepler-1596 b,1.9,4.27,66.373379,471.0,0.3237,33.378,0.0,5706.0,0.92,3.42
2953,Kepler-1597 b,1.06,1.2,2.94654179,1497.0,0.04136,1431.311,0.0,6377.0,1.39,5.54
2954,Kepler-1598 b,0.95,0.809,4.34195123,1236.0,0.05207,308.46,0.0,5940.0,1.09,5.18
2955,Kepler-1599 b,1.62,3.26,122.363553,407.0,0.4823,8.196,0.0,5767.0,0.99,4.21
2956,Kepler-16 b,8.4493,105.833,228.776,,0.7048,,0.0069,4450.0,0.6489,0.964
2957,Kepler-160 b,1.715,3.59,4.309397,1134.0,0.05511,396.619,0.0,5471.0,1.118,3.91
2958,Kepler-160 c,3.76,13.6,13.699429,771.0,0.1192,84.848,0.0,5471.0,1.118,1.41
2959,Kepler-160 d,,100.0,30.0,,0.17,,,5471.0,1.118,
2960,Kepler-1600 b,3.13,9.96,386.370548,209.0,0.98141,0.4,0.0,5214.0,0.82,1.78
2961,Kepler-1600 c,1.94206512,4.43,7.298049927,786.0,0.06961,84.7,0.0,5119.0,0.834,3.32
2962,Kepler-1601 b,0.82,0.477,2.20921951,1507.0,0.03281,999.752,0.0,5869.0,1.07,4.75
2963,Kepler-1602 b,1.34,2.36,11.17931605,1159.0,0.09744,124.507,0.0,6296.0,1.36,5.39
2964,Kepler-1603 b,1.29,2.21,2.27163926,1522.0,0.0351,1269.46,0.0,6241.0,1.31,5.66
2965,Kepler-1604 b,1.41,2.57,0.683684256,2023.0,0.01406,1391.4,0.0,4976.0,0.76,5.04
2966,Kepler-1605 b,1.08,1.28,85.7565495,528.0,0.36567,16.734,0.0,5280.0,0.82,5.58
2967,Kepler-1606 b,2.07,4.94,196.435224,324.0,0.6421,1.29,0.0,5422.0,0.86,3.06
2968,Kepler-1607 b,0.92,0.721,13.6473676,913.0,0.11978,449.632,0.0,6116.0,1.21,5.09
2969,Kepler-1608 b,1.73,3.64,16.4735686,612.0,0.1126,33.22,0.0,4992.0,0.72,3.86
2970,Kepler-1609 b,2.22,5.56,114.34219,429.0,0.4679,12.975,0.0,6132.0,1.27,2.79
2971,Kepler-161 b,2.12,2.63,4.921355,868.0,0.054,123.4,0.0,5078.0,0.806,0.45
2972,Kepler-161 c,2.05,3.61,7.06424,769.0,0.068,76.201,0.0,5078.0,0.806,1.31
2973,Kepler-1610 b,1.61,3.22,8.70181574,750.0,0.0777,56.212,0.0,5383.0,0.87,4.24
2974,Kepler-1610 c,2.09,5.02,44.9851885,433.0,0.2323,8.34,0.0,5295.0,0.8,3.02
2975,Kepler-1611 b,0.81,0.457,5.1762429,1243.0,0.0586,146.22,0.0,5605.0,0.93,4.73
2976,Kepler-1612 b,1.03,1.08,3.91795101,1030.0,0.0482,269.248,0.0,5643.0,0.94,5.43
2977,Kepler-1613 b,2.08,4.98,1.5184299,1926.0,0.02755,6797.623,0.0,6005.0,1.12,3.04
2978,Kepler-1614 b,1.49,2.83,3.9466141,981.0,0.0471,276.373,0.0,5121.0,0.76,4.7
2979,Kepler-1615 b,2.06,4.9,47.3126192,658.0,0.2788,31.171,0.0,5865.0,1.05,3.08
2980,Kepler-1616 b,1.02,1.04,6.76284377,1337.0,0.07318,724.861,0.0,6266.0,1.34,5.39
2981,Kepler-1617 b,1.2,1.87,27.4785572,736.0,0.17707,64.689,0.0,6167.0,1.22,5.95
2982,Kepler-1618 b,1.26,2.13,6.10826019,1267.0,0.07109,903.908,0.0,6620.0,1.65,5.85
2983,Kepler-1619 b,0.76,0.363,23.6225913,797.0,0.15413,74.635,0.0,5852.0,1.0,4.54
2984,Kepler-162 b,1.26,2.13,6.919798,961.0,0.069,305.946,0.0,5816.0,0.958,5.85
2985,Kepler-162 c,3.03,9.43,19.446355,681.0,0.137,77.052,0.0,5816.0,0.958,1.86
2986,Kepler-1620 b,1.61,3.22,101.951829,428.0,0.4322,7.92,0.0,6157.0,1.23,4.24
2987,Kepler-1621 b,2.16,5.31,92.263714,469.0,0.4204,14.055,0.0,6158.0,1.24,2.9
2988,Kepler-1622 b,1.47,2.76,10.8118737,922.0,0.10136,236.005,0.0,6436.0,1.5,4.77
2989,Kepler-1623 b,1.31,2.27,4.36128348,1000.0,0.0518,243.08,0.0,5772.0,1.0,5.55
2990,Kepler-1624 b,6.59,35.3,3.290314,540.0,0.0327,6.01,0.0,3768.0,0.552,0.678
2991,Kepler-1625 b,6.06,30.6,287.378949,350.0,0.87762,3.3,0.0,5677.0,0.94,0.756
2992,Kepler-1626 b,2.02,4.74,4.13962966,1352.0,0.0537,1328.654,0.0,6826.0,1.85,3.16
2993,Kepler-1627 b,3.69,13.2,7.20283653,794.0,0.0643,143.12,0.0,5445.0,0.84,1.44
2994,Kepler-1628 b,6.43,33.8,76.378033,240.0,0.2952,0.79,0.0,3724.0,0.52,0.699
2995,Kepler-1629 b,0.77,0.381,3.87595807,1081.0,0.0485,315.457,0.0,5776.0,1.01,4.59
2996,Kepler-163 b,1.05,1.16,7.810937,906.0,0.078,115.612,0.0,5776.0,0.917,5.51
2997,Kepler-163 c,2.26,5.73,21.347262,648.0,0.152,30.238,0.0,5776.0,0.917,2.73
2998,Kepler-1630 b,2.19,5.43,509.997402,182.0,1.1218,0.26,0.0,4736.0,0.63,2.84
2999,Kepler-1631 b,1.35,2.39,4.09513932,1122.0,0.0511,446.918,0.0,5679.0,0.95,5.34
3000,Kepler-1632 b,2.47,6.66,448.303558,369.0,0.6762,6.062,0.0,6137.0,1.19,2.43
3001,Kepler-1633 b,1.58,3.12,186.404271,925.0,0.3875,26.258,0.0,6256.0,1.32,4.35
3002,Kepler-1634 b,3.19,10.3,374.876239,282.0,1.0525,0.544,0.0,5474.0,0.89,1.74
3003,Kepler-1635 b,3.64,12.9,469.63111,200.0,1.12664,0.4,0.0,5347.0,0.85,1.47
3004,Kepler-1636 b,3.23,10.5,425.47785,248.0,1.12191,1.217,0.0,5797.0,1.02,1.71
3005,Kepler-1637 b,0.89,0.64,6.10960324,1093.0,0.0596,337.78,0.0,5789.0,1.02,4.99
3006,Kepler-1638 b,1.87,4.16,259.33683,304.0,0.745,2.76,0.0,5710.0,0.95,3.5
3007,Kepler-1639 b,2.58,7.18,9.878482,1003.0,0.0932,187.848,0.0,6150.0,1.18,2.3
3008,Kepler-164 b,1.41,2.57,5.03503,1141.0,0.058,370.922,0.0,5888.0,1.148,5.04
3009,Kepler-164 c,2.73,7.9,10.945723,881.0,0.097,131.487,0.0,5888.0,1.148,2.13
3010,Kepler-164 d,2.45,6.57,28.986769,637.0,0.187,35.89,0.0,5888.0,1.148,2.45
3011,Kepler-164 e,4.24,16.7,94.886902,429.0,0.4025,7.99,0.0,5888.0,1.097,1.2
3012,Kepler-1640 b,4.82,20.7,7.5844126,1228.0,0.0836,537.4,0.0,6324.0,1.43,1.02
3013,Kepler-1641 b,3.11,9.85,19.672266,908.0,0.1473,82.828,0.0,6152.0,1.19,1.8
3014,Kepler-1641 c,2.95,9.01,32.657212,767.0,0.2065,42.145,0.0,6152.0,1.19,1.93
3015,Kepler-1642 b,3.2,10.3,12.2057513,895.0,0.1016,39.915,0.0,5355.0,0.84,1.73
3016,Kepler-1642 c,2.66,7.56,6.6513802,1095.0,0.0678,89.632,0.0,5355.0,0.84,2.21
3017,Kepler-1643 b,2.32,5.99,5.342657,799.0,0.0531,137.753,0.0,4916.0,0.855,2.64
3018,Kepler-1644 b,1.88,4.19,21.0907758,606.0,0.142,31.86,0.0,5499.0,0.86,3.47
3019,Kepler-1645 b,1.78,3.82,16.1779561,754.0,0.1285,138.538,0.0,5812.0,1.02,3.72
3020,Kepler-1646 b,1.23,2.04,4.48558383,365.0,0.0295,4.2,0.0,3299.0,0.26,6.02
3021,Kepler-1647 b,11.8739,483.0,1107.5923,,2.7205,,0.0581,6210.0,1.7903,1.59
3022,Kepler-1649 b,1.017,1.03,8.689099,307.0,0.0514,2.208,0.0,3240.0,0.2317,5.38
3023,Kepler-1649 c,1.06,1.2,19.53527,234.0,0.0649,0.75,0.0,3240.0,0.2317,5.54
3024,Kepler-165 b,2.32,5.99,8.180848,716.0,0.072,59.799,0.0,5211.0,0.77,2.64
3025,Kepler-165 c,2.23,5.6,15.31299,581.0,0.11,25.931,0.0,5211.0,0.77,2.77
3026,Kepler-1650 b,0.96,0.84,1.53818001,602.0,0.0167,54.562,0.01,3410.0,0.334,5.22
3027,Kepler-1651 b,1.84,4.04,9.87863917,393.0,0.0692,5.65,0.13,3713.0,0.503,3.56
3028,Kepler-1652 b,1.6,3.19,38.09722,268.0,0.1654,0.81,0.0,3638.0,0.382,4.28
3029,Kepler-1653 b,2.17,5.35,140.2524,284.0,0.4706,0.98,0.0,4807.0,0.693,2.88
3030,Kepler-1654 b,9.180171,158.915,1047.8356,206.0,2.026,0.3,0.26,5597.0,1.179,1.2
3031,Kepler-1655 b,2.213,5.4,11.8728787,938.0,0.1029,129.1,0.19,6148.0,1.03,2.72
3032,Kepler-1656 b,4.574,47.8,31.562,651.0,0.1974,24.6,0.838,5569.0,1.1,2.13
3033,Kepler-1656 c,14.0,126.4,1919.0,,3.053,,0.527,5569.0,1.1,0.253
3034,Kepler-166 b,2.27,5.77,7.650254,772.0,0.072,77.543,0.0,5413.0,0.742,2.71
3035,Kepler-166 c,2.38,6.26,34.260281,468.0,0.195,10.507,0.0,5413.0,0.742,2.55
3036,Kepler-166 d,1.73,3.64,1.554003928,1313.0,0.02449,651.409,0.0,5350.0,0.83,3.86
3037,Kepler-1660 AB b,12.9,1586.59940774,239.5044,,0.8,,0.05541,6305.24,1.491,4.06
3038,Kepler-1661 b,3.87,17.0,175.06,243.0,0.633,0.88,0.057,5100.0,0.762,1.6
3039,Kepler-1663 b,3.30395896,10.9,17.6046,362.0,0.1072,4.07,0.0,3844.0,0.62859,1.66
3040,Kepler-1664 b,3.03320653,9.45,14.3868,776.0,0.1137,85.46,0.0,5735.81,1.072,1.86
3041,Kepler-1665 b,2.83910787,8.44,11.9548,906.0,0.096,40.4,0.0,5049.84,0.777785,2.03
3042,Kepler-1666 b,2.88273782,8.66,25.8476,672.0,0.1761,48.23,0.0,6293.0,1.14586,1.99
3043,Kepler-1666 c,3.23564749,10.5,40.7157,578.0,0.2383,26.34,0.0,6293.0,1.14586,1.7
3044,Kepler-1667 b,2.98385261,9.19,83.5781,655.0,0.35905,9.3,0.0,5941.54,1.08751,1.9
3045,Kepler-1668 b,4.34764405,17.4,15.434,721.0,0.124,63.79,0.0,5542.0,1.01738,1.16
3046,Kepler-1669 b,2.78043818,8.15,9.51216,530.0,0.0745,18.66,0.0,4303.0,0.714145,2.08
3047,Kepler-1669 c,1.90120972,4.27,1.609320045,958.0,0.0228,199.28,0.0,4224.0,0.603,3.41
3048,Kepler-1669 d,1.22,1.98,4.72941177,669.0,0.0468,47.3,0.0,4224.0,0.603,5.99
3049,Kepler-167 b,1.718,3.6,4.3931539,918.0,0.04825,122.502,0.0,4884.0,0.749,3.9
3050,Kepler-167 c,1.674,3.44,7.406106,771.0,0.0684,61.175,0.0,4884.0,0.749,4.03
3051,Kepler-167 d,1.238,2.06,21.80379,538.0,0.1404,14.489,0.0,4884.0,0.749,5.97
3052,Kepler-167 e,10.16,321.00669107,1071.23205,134.4,1.883,0.1,0.29,4884.0,0.749,1.68
3053,Kepler-1670 b,3.3564801,11.2,20.4998,731.0,0.1528,67.67,0.0,5838.0,1.51889,1.63
3054,Kepler-1671 b,1.32557381,2.32,4.16787,962.0,0.04946,205.0,0.0,5135.55,0.929771,5.47
3055,Kepler-1672 b,2.97022762,9.11,150.878,423.0,0.55374,4.4,0.0,6131.95,1.08841,1.91
3056,Kepler-1673 b,2.9355194,8.93,33.7888,611.0,0.21363,30.5,0.0,6014.95,1.13166,1.94
3057,Kepler-1674 b,3.2057749,10.4,62.5611,417.0,0.3017,7.13,0.0,5473.91,0.877273,1.73
3058,Kepler-1675 b,3.12483349,9.93,63.0382,465.0,0.32185,11.8,0.0,5853.19,1.12865,1.79
3059,Kepler-1676 b,3.3769596,11.3,29.9221,782.0,0.1954,33.45,0.0,5878.3,1.06066,1.61
3060,Kepler-1677 b,2.70216183,7.76,22.064,712.0,0.1599,59.4,0.0,6013.72,1.24959,2.16
3061,Kepler-1678 b,3.30422249,10.9,147.974,329.0,0.5302,2.78,0.0,5754.0,0.834976,1.66
3062,Kepler-1679 b,2.0692036,4.93,9.75376,813.0,0.0892,103.3,0.0,5501.0,0.873196,3.06
3063,Kepler-168 b,1.46,2.73,4.425391,1240.0,0.056,725.064,0.0,6282.0,1.107,4.82
3064,Kepler-168 c,2.69,7.7,13.193242,862.0,0.116,169.002,0.0,6282.0,1.107,2.17
3065,Kepler-1680 b,1.35954736,2.42,8.77424,771.0,0.07642,49.0,0.0,5021.0,0.723259,5.29
3066,Kepler-1681 b,2.55321772,7.05,69.8956,442.0,0.32,5.33,0.0,5756.4,0.759,2.33
3067,Kepler-1682 b,2.88940836,8.7,14.8334,694.0,0.1134,54.74,0.0,5619.12,0.842301,1.98
3068,Kepler-1683 b,1.87477762,4.17,15.0337,669.0,0.1182,47.32,0.0,5429.0,0.900327,3.48
3069,Kepler-1684 b,2.87084792,8.6,47.7055,347.0,0.2253,3.42,0.0,4706.54,0.666755,2.0
3070,Kepler-1685 b,2.57673985,7.16,20.4905,625.0,0.1485,36.01,0.0,5484.0,0.835451,2.3
3071,Kepler-1686 b,1.42553017,2.62,9.30987,913.0,0.08827,167.2,0.0,5714.96,1.19951,4.97
3072,Kepler-1687 b,1.65623882,3.38,5.77954,598.0,0.0532,30.22,0.0,4132.0,0.726119,4.09
3073,Kepler-1688 b,1.26174569,2.13,5.62012,772.0,0.0577,84.01,0.0,4632.11,0.746,5.83
3074,Kepler-1689 b,0.94678642,0.799,8.483,879.0,0.0784,149.3,0.0,5731.43,0.996208,5.17
3075,Kepler-169 b,1.13,1.51,3.250619,962.0,0.04,195.221,0.0,4997.0,0.763,5.75
3076,Kepler-169 c,1.21,1.92,6.195469,776.0,0.062,82.853,0.0,4997.0,0.763,5.96
3077,Kepler-169 d,1.25,2.1,8.348125,702.0,0.075,55.53,0.0,4997.0,0.763,5.91
3078,Kepler-169 e,2.2,5.48,13.767102,595.0,0.105,28.548,0.0,4997.0,0.763,2.83
3079,Kepler-169 f,2.58,7.18,87.090195,321.0,0.359,2.439,0.0,4997.0,0.763,2.3
3080,Kepler-1690 b,2.81109223,8.3,234.636,267.0,0.7097,1.2,0.0,5404.0,0.862346,2.05
3081,Kepler-1691 b,1.83470985,4.02,3.8482,1283.0,0.0495,641.53,0.0,6000.0,1.13152,3.58
3082,Kepler-1692 b,1.11177184,1.42,5.95966,897.0,0.0646,153.48,0.0,5146.0,0.866139,5.68
3083,Kepler-1693 b,1.28938413,2.21,12.0999,807.0,0.1011,100.37,0.0,5432.34,0.878295,5.67
3084,Kepler-1693 c,0.97698289,0.894,5.363709927,1059.0,0.0588,296.73,0.0,5553.0,1.098,5.27
3085,Kepler-1694 b,1.17986031,1.76,3.89526,956.0,0.0449,197.66,0.0,4954.0,0.756284,5.89
3086,Kepler-1695 b,1.11948901,1.46,4.7329,957.0,0.0529,198.57,0.0,5473.19,0.987155,5.72
3087,Kepler-1696 b,2.80982017,8.29,65.9409,454.0,0.3244,10.04,0.0,5712.0,1.19811,2.05
3088,Kepler-1697 b,1.25954761,2.12,33.4969,630.0,0.2008,37.3,0.0,4681.53,0.772344,5.83
3089,Kepler-1698 b,1.07315686,1.25,1.2107,1351.0,0.02065,697.6,0.0,4975.03,0.741698,5.56
3090,Kepler-1699 b,1.56671124,3.08,3.49082,1010.0,0.0418,245.65,0.0,5575.53,0.725,4.4
3091,Kepler-17 b,14.68,778.65,1.4857108,1570.0,0.02591,1481.766,0.011,5781.0,1.01034,1.35
3092,Kepler-170 b,3.2,82.6,7.930592,899.0,0.08,136.522,0.0,5679.0,1.035,13.9
3093,Kepler-170 c,2.86,8.55,16.665863,702.0,0.131,50.682,0.0,5679.0,1.035,2.01
3094,Kepler-1700 b,2.90129941,8.76,234.239,329.0,0.76094,2.2,0.0,6031.0,1.0937,1.97
3095,Kepler-1701 b,2.22186207,5.57,169.134,273.0,0.5738,1.3,0.0,5146.0,0.840217,2.79
3096,Kepler-1702 b,1.60190793,3.2,18.5012,555.0,0.1275,22.4,0.0,5093.0,0.725742,4.28
3097,Kepler-1704 b,11.94877343,1322.16617312,988.88112,253.8,2.027,0.342,0.92,5746.0,1.697,4.07
3098,Kepler-1705 b,2.03,4.47,9.03502,789.0,0.08,91.74,0.033,6312.0,1.259,2.977353
3099,Kepler-1705 c,2.05,5.42,11.28,,,,0.028,6312.0,1.259,3.528714
3100,Kepler-1708 b,9.96,1462.0106722,737.1131,,1.64,0.561,0.4,6157.0,1.117,
3101,Kepler-1709 b,3.12424875,9.93,65.70459747,472.0,0.32704,11.7,0.0,5918.0,1.043,1.79
3102,Kepler-171 b,2.34,6.08,4.166972,1053.0,0.05,304.178,0.0,5642.0,0.839,2.61
3103,Kepler-171 c,2.56,7.08,11.463462,752.0,0.098,78.905,0.0,5642.0,0.839,2.32
3104,Kepler-171 d,1.89,4.23,39.595519,497.0,0.223,15.103,0.0,5642.0,0.839,3.44
3105,Kepler-1710 b,3.19744103,3.49494179,14.91110039,694.0,0.11583,48.9,0.0,5650.0,0.899,1.11225
3106,Kepler-1711 b,1.923,4.36,21.06080055,669.0,0.1463,47.39,0.0,5706.0,1.034,3.37
3107,Kepler-1712 b,2.28372556,5.83,13.81499958,391.0,0.0903,5.52,0.0,3732.0,0.509,2.69
3108,Kepler-1713 b,1.71673535,3.59,18.01160049,900.0,0.14185,144.3,0.0,6477.0,1.459,3.9
3109,Kepler-1714 b,3.26437302,10.7,10.27530003,1211.0,0.10549,504.3,0.0,6150.0,2.086,1.69
3110,Kepler-1715 b,4.14042267,16.0,35.59730148,646.0,0.22429,53.0,0.0,6212.0,1.209,1.24
3111,Kepler-1716 b,2.4247685,6.46,35.58100128,408.0,0.18836,6.3,0.0,4894.0,0.684,2.49
3112,Kepler-1717 b,2.98929758,9.21,30.65279961,780.0,0.2014,87.69,0.0,6200.0,1.64,1.89
3113,Kepler-1718 b,2.5685207,7.12,135.1880035,345.0,0.48418,3.7,0.0,5731.0,0.906,2.31
3114,Kepler-1719 b,3.95000623,14.8,6.149559975,1287.0,0.06868,686.9,0.0,5687.0,1.775,1.32
3115,Kepler-172 b,2.35,6.12,2.940309,1256.0,0.04,639.476,0.0,5526.0,1.085,2.59
3116,Kepler-172 c,2.86,8.55,6.388996,970.0,0.068,227.225,0.0,5526.0,1.085,2.01
3117,Kepler-172 d,2.25,5.69,14.627119,736.0,0.118,75.29,0.0,5526.0,1.085,2.74
3118,Kepler-172 e,2.76,8.05,35.118736,550.0,0.211,23.431,0.0,5526.0,1.085,2.1
3119,Kepler-1720 b,3.21585295,10.4,12.70639992,697.0,0.1043,55.86,0.0,5573.0,0.839,1.72
3120,Kepler-1721 b,3.11856756,9.9,4.592380047,924.0,0.0519,172.6,0.0,5351.0,0.796,1.79
3121,Kepler-1722 b,2.86719266,8.58,9.178569794,753.0,0.0819,76.14,0.0,5506.0,0.788,2.0
3122,Kepler-1723 b,2.88046569,8.65,39.75289917,568.0,0.2249,24.54,0.0,6072.0,1.01,1.99
3123,Kepler-1724 b,2.83677238,8.43,6.45442009,999.0,0.0683,234.98,0.0,6092.0,0.943,2.03
3124,Kepler-1725 b,2.8125177,8.31,16.71990013,767.0,0.13263,84.1,0.0,6020.0,1.085,2.05
3125,Kepler-1726 b,2.50861954,6.84,18.39629936,582.0,0.12794,24.0,0.0,5316.0,0.804,2.38
3126,Kepler-1727 b,3.17321625,10.2,9.029299736,757.0,0.0796,77.75,0.0,5349.0,0.82,1.75
3127,Kepler-1728 b,2.95501875,9.04,4.782999992,886.0,0.0535,145.48,0.0,5170.0,0.807,1.93
3128,Kepler-1729 b,3.89404186,14.4,4.220970154,595.0,0.0418,29.68,0.0,3837.0,0.517,1.34
3129,Kepler-173 b,1.29,2.21,4.263742,1179.0,0.048,599.495,0.0,6031.0,0.949,5.66
3130,Kepler-173 c,2.43,6.48,8.005777,956.0,0.074,258.418,0.0,6031.0,0.949,2.48
3131,Kepler-1730 b,4.48524519,18.4,13.81019974,833.0,0.1131,113.75,0.0,5942.0,1.142,1.12
3132,Kepler-1731 b,2.93295657,8.92,21.76129913,486.0,0.1399,13.3,0.0,4859.0,0.72,1.94
3133,Kepler-1732 b,4.09903273,15.7,32.31240082,699.0,0.2015,27.05,0.0,5821.0,1.494,1.25
3134,Kepler-1733 b,3.63582354,12.8,9.229579926,1021.0,0.0933,257.11,0.0,6320.0,1.252,1.46
3135,Kepler-1734 b,3.08851092,9.74,6.796850204,985.0,0.0714,222.91,0.0,6061.0,0.97,1.82
3136,Kepler-1735 b,1.19429134,1.84,7.71792984,502.0,0.0621,15.01,0.0,3975.0,0.509,5.94
3137,Kepler-1736 b,3.8765856,14.3,37.81029892,566.0,0.2188,24.27,0.0,6085.0,0.973,1.35
3138,Kepler-1737 b,5.395,25.1,64.61750031,383.0,0.297,5.09,0.0,5043.0,0.881,0.878
3139,Kepler-1738 b,2.82472883,8.37,7.674630165,957.0,0.0781,198.67,0.0,6063.0,1.001,2.04
3140,Kepler-1739 b,2.43056832,6.48,7.343709946,839.0,0.0697,117.5,0.0,5757.0,0.762,2.48
3141,Kepler-174 b,1.96,4.5,13.98179,553.0,0.1,24.418,0.0,4880.0,0.622,3.28
3142,Kepler-174 c,1.49,2.83,44.000529,377.0,0.214,5.296,0.0,4880.0,0.622,4.7
3143,Kepler-174 d,2.19,5.43,247.35373,212.0,0.677,0.53,0.0,4880.0,0.622,2.84
3144,Kepler-1740 b,3.32321414,11.0,8.172400475,858.0,0.0779,127.95,0.0,5705.0,0.905,1.65
3145,Kepler-1741 b,1.273,2.16,2.757590055,615.0,0.0296,33.79,0.0,3683.0,0.424,5.75
3146,Kepler-1742 b,2.1782413,5.38,49.47819901,462.0,0.2587,10.73,0.0,5776.0,0.849,2.86
3147,Kepler-1743 b,1.59887007,3.18,7.649710178,1144.0,0.084,515.0,0.0,5855.0,1.613,4.28
3148,Kepler-1744 b,3.76754004,13.6,37.10110092,532.0,0.20945,21.0,0.0,5986.0,0.85,1.4
3149,Kepler-1745 b,1.92872921,4.38,3.016190052,1449.0,0.0408,1044.49,0.0,5611.0,1.4,3.35
3150,Kepler-1746 b,8.93504475,59.1,321.2120056,310.0,0.94082,3.4,0.0,6018.0,1.286,0.455
3151,Kepler-1747 b,4.26508,16.8,6.230319977,875.0,0.066,138.33,0.0,5477.0,0.865,1.19
3152,Kepler-1748 b,2.71275017,7.81,5.823520184,955.0,0.0615,196.33,0.0,5774.0,0.864,2.15
3153,Kepler-1749 b,1.61301783,3.23,14.53409958,420.0,0.0956,7.34,0.0,3957.0,0.553,4.23
3154,Kepler-175 b,2.56,7.08,11.903515,827.0,0.105,129.639,0.0,6064.0,1.01,2.32
3155,Kepler-175 c,3.1,9.8,34.035257,583.0,0.213,31.95,0.0,6064.0,1.01,1.81
3156,Kepler-1750 b,6.00434637,30.1,205.9120026,298.0,0.6785,1.85,0.0,5644.0,0.969,0.764
3157,Kepler-1751 b,1.82417378,3.98,7.017310143,984.0,0.0712,221.46,0.0,6052.0,0.967,3.6
3158,Kepler-1752 b,4.54060463,18.7,56.35850143,419.0,0.2698,7.29,0.0,5446.0,0.821,1.1
3159,Kepler-1753 b,2.22678077,5.59,16.00460052,583.0,0.1179,27.41,0.0,5180.0,0.769,2.78
3160,Kepler-1754 b,2.43996509,6.53,8.195949554,672.0,0.0718,48.2,0.0,4723.0,0.747,2.47
3161,Kepler-1755 b,5.91688317,29.4,24.81209946,631.0,0.1668,37.43,0.0,6086.0,0.921,0.78
3162,Kepler-1756 b,1.47199944,2.77,2.355750084,1093.0,0.0319,338.4,0.0,4915.0,0.812,4.77
3163,Kepler-1757 b,2.94660251,8.99,19.65640068,549.0,0.1335,21.5,0.0,5288.0,0.74,1.93
3164,Kepler-1758 b,2.57059831,7.13,9.977210045,1028.0,0.0919,93.64,0.0,5557.0,1.616,2.31
3165,Kepler-1759 b,0.9037791,0.676,3.720230103,954.0,0.0429,195.7,0.0,5017.0,0.797,5.03
3166,Kepler-176 b,1.43,290.537,5.433074,841.0,0.058,123.802,0.0,5232.0,0.891,179.0
3167,Kepler-176 c,2.6,1.33,12.759712,633.0,0.102,39.631,0.0,5232.0,0.891,0.487
3168,Kepler-176 d,2.51,1.72,25.751974,501.0,0.163,15.536,0.0,5232.0,0.891,0.6
3169,Kepler-176 e,1.45,0.52075,51.16579,398.0,0.25654,6.22,0.0,5295.0,0.83,0.041
3170,Kepler-1760 b,2.28995546,5.86,38.3260994,480.0,0.2084,12.56,0.0,5229.0,0.903,2.68
3171,Kepler-1761 b,1.39109603,2.51,4.043540001,613.0,0.0413,33.34,0.0,3871.0,0.532,5.12
3172,Kepler-1762 b,2.76022913,8.05,29.53910065,714.0,0.204,61.49,0.0,6572.0,1.238,2.1
3173,Kepler-1763 b,1.14651332,1.59,1.480280042,1822.0,0.0257,2597.27,0.0,5897.0,1.259,5.8
3174,Kepler-1764 b,4.55527871,18.8,70.46829987,511.0,0.3512,16.17,0.0,6461.0,1.131,1.09
3175,Kepler-1765 b,2.49508857,6.78,10.41889954,855.0,0.0917,126.48,0.0,5692.0,1.064,2.4
3176,Kepler-1766 b,2.27904508,5.81,105.0149994,406.0,0.4161,7.8,0.0,5868.0,1.042,2.7
3177,Kepler-1767 b,3.01299077,9.34,59.65829849,393.0,0.2873,5.66,0.0,5243.0,0.831,1.88
3178,Kepler-1768 b,2.23346338,5.62,15.13589954,933.0,0.1286,179.16,0.0,6050.0,1.572,2.77
3179,Kepler-1769 b,4.465,18.2,89.1934967,483.0,0.40598,8.9,0.0,6071.0,1.295,1.12
3180,Kepler-177 b,3.5,5.84,36.8601,549.0,0.21101,30.4,0.0,5732.0,1.324,0.75
3181,Kepler-177 c,8.73,14.7,49.40926,497.0,0.25655,25.4,0.0,5732.0,1.324,0.121
3182,Kepler-1770 b,2.84141754,8.45,16.84189987,699.0,0.1261,56.43,0.0,5602.0,1.009,2.02
3183,Kepler-1771 b,4.05537256,15.5,88.64399719,391.0,0.3815,5.51,0.0,5661.0,0.934,1.28
3184,Kepler-1772 b,2.68609988,7.68,3.215090036,1155.0,0.04391,1485.0,0.0,5541.0,0.934,2.18
3185,Kepler-1773 b,3.50469499,12.1,40.80970001,623.0,0.24831,39.2,0.0,6183.0,1.3,1.54
3186,Kepler-1774 b,3.18179549,10.2,59.77080154,522.0,0.29496,16.4,0.0,6214.0,1.122,1.74
3187,Kepler-1775 b,3.64762153,12.9,85.65399933,522.0,0.39565,9.9,0.0,5818.0,1.647,1.46
3188,Kepler-1776 b,2.61157023,7.33,35.01190186,603.0,0.2093,29.9,0.0,5872.0,1.153,2.26
3189,Kepler-1777 b,2.13189678,5.19,12.18420029,819.0,0.10301,71.3,0.0,5771.0,1.068,2.94
3190,Kepler-1778 b,3.01665969,9.36,10.08740044,942.0,0.0956,186.14,0.0,6310.0,1.095,1.87
3191,Kepler-1779 b,3.03295685,9.44,16.34359932,730.0,0.1264,67.34,0.0,5730.0,1.056,1.86
3192,Kepler-178 b,2.9,8.75,9.576694,846.0,0.085,84.571,0.0,5676.0,1.066,1.97
3193,Kepler-178 c,2.88,8.65,20.552802,656.0,0.142,30.546,0.0,5676.0,1.066,1.99
3194,Kepler-178 d,3.95,14.8,96.678988,392.0,0.397,3.874,0.0,5676.0,1.066,1.32
3195,Kepler-1780 b,3.60600667,12.7,109.4449997,340.0,0.4276,3.14,0.0,5403.0,0.868,1.49
3196,Kepler-1781 b,2.38091029,6.26,4.88752985,1003.0,0.0574,239.11,0.0,5568.0,0.957,2.55
3197,Kepler-1782 b,2.22927435,5.6,5.756229877,773.0,0.05825,86.0,0.0,4931.0,0.734,2.78
3198,Kepler-1783 b,1.31946731,2.3,8.277440071,1088.0,0.07595,65.5,0.0,5129.0,1.781,5.5
3199,Kepler-1784 b,2.79936489,8.24,13.59049988,724.0,0.1072,64.8,0.0,5442.0,0.974,2.06
3200,Kepler-1785 b,2.70422447,7.77,19.58550072,666.0,0.13917,47.3,0.0,5618.0,0.996,2.16
3201,Kepler-1786 b,3.16305828,10.1,78.5460968,501.0,0.35722,10.7,0.0,5808.0,1.397,1.75
3202,Kepler-1787 b,2.31898181,5.99,39.31370163,540.0,0.227,20.04,0.0,6060.0,0.925,2.64
3203,Kepler-1788 b,2.37850461,6.25,2.800120115,956.0,0.0343,197.81,0.0,4786.0,0.704,2.55
3204,Kepler-1789 b,2.83137505,8.4,80.23190308,380.0,0.3543,4.91,0.0,5436.0,0.888,2.03
3205,Kepler-179 b,1.64,3.33,2.735926,1075.0,0.036,360.262,0.0,5302.0,0.759,4.15
3206,Kepler-179 c,2.0,4.66,6.40013,810.0,0.064,115.983,0.0,5302.0,0.759,3.2
3207,Kepler-1790 b,3.1446145,10.0,31.58889961,682.0,0.20989,49.2,0.0,5866.0,1.367,1.77
3208,Kepler-1791 b,3.12103321,9.91,7.720860004,1021.0,0.0761,257.14,0.0,5887.0,1.177,1.79
3209,Kepler-1792 b,2.51990972,6.89,4.1957798,1047.0,0.0488,283.78,0.0,5229.0,1.005,2.37
3210,Kepler-1793 b,3.79037518,13.8,8.779999733,713.0,0.0787,61.24,0.0,5191.0,0.764,1.39
3211,Kepler-1794 b,1.79426276,3.87,9.762980461,703.0,0.0821,57.59,0.0,5052.0,0.816,3.68
3212,Kepler-1795 b,1.66301611,3.4,13.36019993,520.0,0.1002,17.3,0.0,4500.0,0.688,4.06
3213,Kepler-1796 b,2.75047868,8.0,29.4557991,598.0,0.1879,30.3,0.0,6036.0,0.949,2.11
3214,Kepler-1797 b,3.05774442,9.58,23.3593998,684.0,0.1637,51.68,0.0,6244.0,1.009,1.84
3215,Kepler-1798 b,2.30911251,5.94,16.85589981,408.0,0.1082,6.52,0.0,3967.0,0.587,2.65
3216,Kepler-1799 b,4.12801189,15.9,11.9296999,770.0,0.1028,83.04,0.0,5831.0,0.921,1.24
3217,Kepler-18 b,2.0,6.9,3.504725,1165.0,0.0447,355.735,0.0,5345.0,1.108,4.9
3218,Kepler-18 c,5.49,17.3,7.64159,899.0,0.0752,126.081,0.0,5345.0,1.108,0.59
3219,Kepler-18 d,6.98,16.4,14.85888,720.0,0.1172,51.922,0.0,5345.0,1.108,0.27
3220,Kepler-180 b,1.5,2.86,13.817124,781.0,0.109,72.119,0.0,5731.0,1.063,4.66
3221,Kepler-180 c,3.01,9.32,41.885775,540.0,0.229,16.423,0.0,5731.0,1.063,1.88
3222,Kepler-1800 b,0.99679734,0.961,4.562029839,1533.0,0.05098,242.0,0.0,5343.0,2.506,5.33
3223,Kepler-1801 b,2.70926154,7.8,10.44089985,829.0,0.0915,111.52,0.0,5738.0,0.981,2.16
3224,Kepler-1801 c,2.91,8.8,116.583183,371.0,0.4572,4.47,0.0,5738.0,0.981,1.96
3225,Kepler-1802 b,1.671,3.43,15.45020008,581.0,0.0662,26.91,0.0,4245.0,0.637,4.04
3226,Kepler-1802 c,2.322,6.0,33.13610077,357.0,0.1748,3.86,0.0,4245.0,0.637,2.63
3227,Kepler-1804 b,1.59615726,3.18,12.28849983,913.0,0.1017,164.61,0.0,5109.0,1.671,4.3
3228,Kepler-1805 b,1.54502915,3.0,8.847940445,479.0,0.0699,12.48,0.0,3867.0,0.552,4.47
3229,Kepler-1806 b,2.35560189,6.15,9.033320427,729.0,0.0813,66.89,0.0,5311.0,0.788,2.59
3230,Kepler-1807 b,2.70393215,7.77,10.86060047,1108.0,0.0988,356.24,0.0,6455.0,1.496,2.16
3231,Kepler-1808 b,3.02511302,9.4,23.3404007,601.0,0.1467,30.94,0.0,5530.0,0.892,1.87
3232,Kepler-1809 b,1.513,2.9,3.7572999,877.0,0.04444,158.2,0.0,4901.0,0.716,4.6
3233,Kepler-181 b,1.27,2.15,3.137873,1041.0,0.04,255.584,0.0,5333.0,0.749,5.77
3234,Kepler-181 c,1.99,4.62,4.302149,937.0,0.049,168.188,0.0,5333.0,0.749,3.22
3235,Kepler-1810 b,3.91815325,14.6,101.1330032,380.0,0.4137,4.91,0.0,5492.0,1.016,1.33
3236,Kepler-1811 b,3.84829873,14.1,76.42230225,455.0,0.3462,10.11,0.0,5561.0,1.19,1.36
3237,Kepler-1812 b,2.3249424,6.01,7.165219784,1034.0,0.0765,270.34,0.0,6174.0,1.103,2.63
3238,Kepler-1813 b,1.413,2.58,2.818160057,1059.0,0.0364,298.2,0.0,5167.0,0.787,5.03
3239,Kepler-1814 b,2.36961357,6.21,2.935359955,1022.0,0.03765,216.9,0.0,4922.0,0.823,2.56
3240,Kepler-1814 c,1.76,3.75,0.626281766,1711.0,0.0133,2011.27,0.0,4922.0,0.823,3.78
3241,Kepler-1815 b,2.7489262,7.99,12.19139957,763.0,0.0984,80.01,0.0,5516.0,0.967,2.11
3242,Kepler-1816 b,1.9679397,4.53,91.50099945,310.0,0.35647,2.0,0.0,5051.0,0.706,3.27
3243,Kepler-1817 b,2.27349126,5.79,44.29919815,463.0,0.2348,10.85,0.0,5316.0,0.915,2.71
3244,Kepler-1818 b,1.71360684,3.58,4.644909859,1209.0,0.055,504.23,0.0,6047.0,1.129,3.91
3245,Kepler-1819 b,3.90351256,14.5,16.48690033,760.0,0.1337,78.99,0.0,6090.0,1.071,1.34
3246,Kepler-182 b,2.58,7.18,9.825792,935.0,0.096,239.787,0.0,6250.0,1.146,2.3
3247,Kepler-182 c,3.43,11.6,20.684342,729.0,0.157,88.852,0.0,6250.0,1.146,1.58
3248,Kepler-1820 b,3.11883067,9.9,31.03249931,561.0,0.1964,23.41,0.0,5841.0,0.931,1.79
3249,Kepler-1821 b,2.59248115,7.24,16.45809937,644.0,0.1244,40.61,0.0,5475.0,0.884,2.28
3250,Kepler-1822 b,2.64755943,7.5,22.13339996,507.0,0.1416,15.65,0.0,5165.0,0.702,2.22
3251,Kepler-1823 b,2.0861268,5.0,21.10339928,718.0,0.15332,78.0,0.0,6000.0,1.126,3.03
3252,Kepler-1824 b,2.38127597,6.26,95.61100006,421.0,0.4267,7.45,0.0,6002.0,1.081,2.55
3253,Kepler-1825 b,1.42200732,2.61,1.025869966,1520.0,0.0187,1264.7,0.0,5123.0,0.847,4.99
3254,Kepler-1826 b,1.47519116,2.78,1.615360022,806.0,0.0213,99.32,0.0,3821.0,0.486,4.76
3255,Kepler-1827 b,1.85644292,4.1,3.700619936,1329.0,0.04647,1113.4,0.0,5423.0,1.404,3.52
3256,Kepler-1828 b,2.11598626,5.13,10.2737999,799.0,0.0924,96.27,0.0,5806.0,0.899,2.98
3257,Kepler-1829 b,2.47887001,6.71,5.186719894,860.0,0.0559,129.37,0.0,5230.0,0.777,2.42
3258,Kepler-183 b,2.06,4.9,5.687945,1088.0,0.064,281.845,0.0,5888.0,0.958,3.08
3259,Kepler-183 c,2.27,35.7,11.637071,857.0,0.103,108.717,0.0,5888.0,0.958,16.8
3260,Kepler-1830 b,3.32992941,11.1,56.49330139,681.0,0.31769,35.8,0.0,6160.0,2.046,1.65
3261,Kepler-1831 b,1.97019818,4.54,5.78387022,1051.0,0.0655,288.69,0.0,6063.0,1.012,3.26
3262,Kepler-1832 b,1.22719556,2.02,3.138789892,1022.0,0.037,257.32,0.0,5242.0,0.722,6.01
3263,Kepler-1833 b,1.30027362,2.24,6.892129898,1177.0,0.07545,439.2,0.0,6164.0,1.446,5.6
3264,Kepler-1834 b,1.4593834,2.73,4.603010178,848.0,0.04911,105.2,0.0,4821.0,0.788,4.83
3265,Kepler-1834 c,1.22,1.98,0.766691517,1541.0,0.015,1334.22,0.0,4821.0,0.788,5.99
3266,Kepler-1835 b,3.53387773,12.2,11.96409988,808.0,0.0997,100.96,0.0,5903.0,0.961,1.52
3267,Kepler-1836 b,2.55303229,7.05,5.254169941,1093.0,0.0602,338.15,0.0,6123.0,0.987,2.33
3268,Kepler-1837 b,2.06673842,4.92,5.906089783,1012.0,0.065,247.83,0.0,5966.0,0.961,3.06
3269,Kepler-1838 b,1.66049425,3.4,12.14680004,1097.0,0.11082,271.6,0.0,5877.0,1.963,4.08
3270,Kepler-1839 b,1.9493759,4.46,5.056759834,1049.0,0.0583,286.32,0.0,5926.0,0.939,3.31
3271,Kepler-184 b,2.36,6.17,10.687576,780.0,0.092,70.361,0.0,5788.0,0.873,2.58
3272,Kepler-184 c,1.97,8.8,20.303005,630.0,0.141,29.875,0.0,5788.0,0.873,6.32
3273,Kepler-184 d,2.49,6.76,29.022358,559.0,0.179,18.557,0.0,5788.0,0.873,2.41
3274,Kepler-1840 b,2.77771129,8.13,131.1900024,284.0,0.46206,1.3,0.0,4898.0,0.803,2.08
3275,Kepler-1841 b,1.48912557,2.82,25.88599968,542.0,0.1606,20.35,0.0,5190.0,0.899,4.69
3276,Kepler-1842 b,2.35388681,6.14,14.02639961,822.0,0.116,108.07,0.0,5970.0,1.131,2.59
3277,Kepler-1843 b,2.70909809,7.8,25.54339981,772.0,0.17871,111.8,0.0,5422.0,1.782,2.16
3278,Kepler-1844 b,3.03648191,9.46,3.924510002,1074.0,0.0478,314.25,0.0,5776.0,0.849,1.86
3279,Kepler-1845 b,2.43836702,6.52,11.60649967,584.0,0.0885,27.47,0.0,4703.0,0.701,2.47
3280,Kepler-1846 b,1.76378826,3.76,14.82009983,552.0,0.11054,24.5,0.0,4825.0,0.732,3.77
3281,Kepler-1847 b,2.74516914,7.97,11.12969971,843.0,0.0989,119.44,0.0,6122.0,0.964,2.12
3282,Kepler-1848 b,1.4088539,2.57,5.604020119,774.0,0.05835,94.3,0.0,4847.0,0.737,5.05
3283,Kepler-1849 b,2.38685349,6.29,57.29290009,355.0,0.2597,3.76,0.0,4806.0,0.729,2.54
3284,Kepler-185 b,1.17,1.71,1.6329,1237.0,0.026,475.507,0.0,5208.0,0.806,5.87
3285,Kepler-185 c,2.02,4.74,20.729042,530.0,0.139,16.029,0.0,5208.0,0.806,3.16
3286,Kepler-1850 b,0.72909663,0.313,1.385800004,1008.0,0.0206,245.15,0.0,4239.0,0.6,4.44
3287,Kepler-1851 b,3.90012032,14.5,12.02289963,776.0,0.1016,85.78,0.0,5982.0,0.879,1.34
3288,Kepler-1852 b,1.88610592,4.22,7.970940113,760.0,0.0762,79.1,0.0,5237.0,0.826,3.46
3289,Kepler-1853 b,1.51862272,2.92,48.88819885,386.0,0.2395,5.23,0.0,4821.0,0.788,4.58
3290,Kepler-1854 b,2.58746104,7.21,39.83110046,420.0,0.20894,7.33,0.0,5026.0,0.759,2.29
3291,Kepler-1855 b,1.216205,1.96,0.727330983,849.0,0.0115,86.97,0.0,3460.0,0.356,5.99
3292,Kepler-1856 b,1.73447868,3.66,1.302000046,1344.0,0.0215,772.73,0.0,4948.0,0.816,3.85
3293,Kepler-1857 b,1.96065412,4.5,8.94340992,946.0,0.08308,217.4,0.0,6074.0,1.005,3.28
3294,Kepler-1858 b,2.42168247,6.44,88.07160187,330.0,0.3575,2.79,0.0,4939.0,0.819,2.49
3295,Kepler-1859 b,1.58313575,3.13,2.729599953,1455.0,0.0394,1056.15,0.0,5887.0,1.235,4.33
3296,Kepler-1859 c,1.66,3.39,3.59645081,1327.0,0.0473,732.82,0.0,5887.0,1.235,4.07
3297,Kepler-186 b,1.07,1.24,3.8867907,571.0,0.0343,37.372,0.0,3788.0,0.472,5.56
3298,Kepler-186 c,1.25,2.1,7.267302,464.0,0.0451,13.98,0.0,3788.0,0.472,5.91
3299,Kepler-186 d,1.4,2.54,13.342996,379.0,0.0781,7.204,0.0,3788.0,0.472,5.09
3300,Kepler-186 e,1.27,2.15,22.407704,319.0,0.11,3.608,0.0,3788.0,0.472,5.77
3301,Kepler-186 f,1.17,1.71,129.9441,177.0,0.432,0.3,0.04,3755.0,0.523,5.87
3302,Kepler-1860 b,1.13863767,1.55,12.73719978,697.0,0.10625,56.3,0.0,5420.0,0.868,5.77
3303,Kepler-1861 b,2.20677414,5.5,40.0306015,617.0,0.24082,31.5,0.0,5855.0,1.373,2.81
3304,Kepler-1862 b,2.203,5.49,16.05730057,645.0,0.1199,41.04,0.0,5644.0,0.806,2.82
3305,Kepler-1863 b,2.26309256,5.74,44.99760056,508.0,0.23678,41.5,0.0,5871.0,0.983,2.72
3306,Kepler-1864 b,0.75408365,0.353,3.881510019,1156.0,0.049,427.6,0.0,5854.0,0.979,4.52
3307,Kepler-1865 b,1.57686072,3.11,2.524009943,1203.0,0.0344,495.14,0.0,5420.0,0.871,4.36
3308,Kepler-1866 b,2.08215108,4.99,11.66009998,834.0,0.1016,114.36,0.0,5791.0,1.083,3.04
3309,Kepler-1867 b,1.15985997,1.65,9.887359619,768.0,0.0872,82.32,0.0,5693.0,0.816,5.81
3310,Kepler-1868 b,3.14950109,10.1,211.0339966,215.0,0.62348,0.5,0.0,4658.0,0.686,1.78
3311,Kepler-1869 b,1.11955354,1.46,8.167360306,865.0,0.07976,138.5,0.0,5808.0,0.902,5.72
3312,Kepler-1869 c,0.74,0.33,1.716828304,1455.0,0.028,1056.84,0.0,5808.0,0.902,4.47
3313,Kepler-187 b,1.41,2.57,4.938864,1244.0,0.059,902.239,0.0,6105.0,1.287,5.04
3314,Kepler-187 c,2.67,7.61,10.640263,963.0,0.099,324.134,0.0,6105.0,1.287,2.2
3315,Kepler-1870 b,2.10143764,5.07,3.606940031,1046.0,0.0452,287.6,0.0,5508.0,0.84,3.0
3316,Kepler-1871 b,2.42172881,6.44,1.952700019,1403.0,0.0308,917.15,0.0,5741.0,0.946,2.49
3317,Kepler-1872 b,2.38421141,6.28,3.825910091,1005.0,0.0465,241.25,0.0,5223.0,0.885,2.55
3318,Kepler-1873 b,1.62573811,3.28,0.558842003,1787.0,0.0128,2412.15,0.0,5151.0,0.792,4.19
3319,Kepler-1874 b,2.21110724,5.52,56.57320023,356.0,0.2633,3.79,0.0,4701.0,0.775,2.81
3320,Kepler-1875 b,3.22686692,10.5,34.45859909,559.0,0.2039,23.05,0.0,6161.0,0.862,1.72
3321,Kepler-1876 b,0.853,2.4,6.99205,1299.0,0.0758,475.0,0.098,6104.0,1.477,19.0
3322,Kepler-1877 b,0.624086,0.179,2.377569914,1278.0,0.03472,691.1,0.0,5615.0,0.936,4.05
3323,Kepler-1878 b,2.92019781,8.86,4.445879936,1063.0,0.0521,302.6,0.0,5918.0,0.865,1.96
3324,Kepler-1879 b,2.06512018,4.92,10.61340046,987.0,0.0957,242.6,0.0,5865.0,1.388,3.07
3325,Kepler-188 b,1.68,3.46,2.061897,1463.0,0.032,1069.235,0.0,6021.0,1.141,4.01
3326,Kepler-188 c,3.19,10.3,5.996553,1025.0,0.066,257.348,0.0,6021.0,1.141,1.74
3327,Kepler-1880 b,2.11686218,5.13,6.309219837,606.0,0.054,31.73,0.0,4380.0,0.53,2.97
3328,Kepler-1881 b,2.98104391,9.17,159.3939972,289.0,0.53325,1.5,0.0,5135.0,0.874,1.9
3329,Kepler-1882 b,1.48674404,2.81,13.78730011,894.0,0.11636,122.1,0.0,5691.0,1.458,4.7
3330,Kepler-1883 b,3.25107395,10.6,103.427002,416.0,0.4438,7.08,0.0,6208.0,1.024,1.7
3331,Kepler-1884 b,1.81406781,3.95,8.988320351,864.0,0.0845,131.92,0.0,5984.0,0.906,3.64
3332,Kepler-1885 b,1.51110555,2.89,2.522559881,1205.0,0.036,499.07,0.0,5591.0,0.86,4.6
3333,Kepler-1886 b,2.58158428,7.18,24.2758007,580.0,0.16,26.68,0.0,5745.0,0.837,2.29
3334,Kepler-1887 b,2.92454357,8.88,19.94750023,625.0,0.1421,36.14,0.0,5749.0,0.864,1.95
3335,Kepler-1888 b,1.32578716,2.32,11.39169979,886.0,0.0956,145.67,0.0,5557.0,1.249,5.47
3336,Kepler-1889 b,2.94360686,8.98,37.30369949,493.0,0.2082,14.0,0.0,5646.0,0.817,1.93
3337,Kepler-189 b,1.21,1.92,10.399931,678.0,0.088,45.389,0.0,5235.0,0.75,5.96
3338,Kepler-189 c,2.38,22.7,20.134866,544.0,0.137,18.811,0.0,5235.0,0.75,9.25
3339,Kepler-1890 b,0.86867375,0.587,4.820590019,1328.0,0.05712,493.0,0.0,6046.0,1.396,4.92
3340,Kepler-1891 b,1.52139156,2.93,4.02229023,1017.0,0.0473,253.28,0.0,5516.0,0.827,4.57
3341,Kepler-1892 b,1.83707938,4.03,6.331230164,822.0,0.0633,108.04,0.0,5383.0,0.759,3.57
3342,Kepler-1893 b,1.70557445,3.55,4.179369926,1194.0,0.0504,478.98,0.0,5633.0,1.162,3.93
3343,Kepler-1894 b,1.20117759,1.87,2.762660027,1231.0,0.0385,544.05,0.0,5772.0,0.901,5.93
3344,Kepler-1894 c,1.21,1.92,5.05368985,1007.0,0.0576,243.06,0.0,5772.0,0.901,5.96
3345,Kepler-1895 b,2.11934728,5.14,6.070290089,789.0,0.0615,91.45,0.0,5076.0,0.763,2.97
3346,Kepler-1896 b,3.09935997,9.8,44.87020111,536.0,0.2529,19.5,0.0,6122.0,0.996,1.81
3347,Kepler-1897 b,2.81407954,8.32,24.22030067,505.0,0.1546,15.43,0.0,5165.0,0.761,2.05
3348,Kepler-1898 b,0.93353523,0.76,4.765620232,1167.0,0.05063,204.6,0.0,5702.0,1.125,5.13
3349,Kepler-1899 b,1.55098292,3.02,4.095779896,851.0,0.0457,124.3,0.0,4791.0,0.742,4.45
3350,Kepler-19 b,2.209,6.1,9.28699,851.0,0.0846,87.6,0.41,5541.0,0.859,3.1
3351,Kepler-19 c,3.68,13.1,28.731,,0.1765736996,,0.21,5544.0,0.859,1.44
3352,Kepler-19 d,5.06,22.5,62.95,,,,0.05,5544.0,0.859,0.954
3353,Kepler-190 b,1.56,3.05,2.019999,1166.0,0.03,417.238,0.0,5106.0,0.795,4.41
3354,Kepler-190 c,1.46,2.73,3.763024,948.0,0.045,181.699,0.0,5106.0,0.795,4.82
3355,Kepler-1900 b,1.62314676,3.27,2.986229897,1356.0,0.042,798.35,0.0,6173.0,1.041,4.2
3356,Kepler-1901 b,1.47418907,2.77,3.484129906,1132.0,0.0453,389.41,0.0,5696.0,0.921,4.75
3357,Kepler-1902 b,1.17563613,1.74,3.822220087,601.0,0.0385,30.84,0.0,3729.0,0.514,5.88
3358,Kepler-1903 b,2.28642395,5.85,17.0678997,769.0,0.1321,82.56,0.0,6347.0,0.996,2.69
3359,Kepler-1904 b,1.3904994,2.51,4.577020168,567.0,0.0436,24.38,0.0,3805.0,0.497,5.13
3360,Kepler-1905 b,1.4460734,2.69,3.42392993,1212.0,0.0451,508.75,0.0,5788.0,1.015,4.89
3361,Kepler-1906 b,2.77615754,8.13,7.362689972,901.0,0.0738,155.72,0.0,5868.0,0.894,2.09
3362,Kepler-1907 b,0.86973029,0.589,5.652450085,856.0,0.05444,75.0,0.0,5159.0,0.8,4.92
3363,Kepler-1907 c,1.15547044,1.63,14.86390018,620.0,0.10371,20.6,0.0,5159.0,0.8,5.81
3364,Kepler-1909 b,1.09217411,1.33,2.391609907,1031.0,0.0306,266.01,0.0,4935.0,0.685,5.61
3365,Kepler-191 b,1.34,2.36,9.939632,722.0,0.087,50.2,0.0,5282.0,0.789,5.39
3366,Kepler-191 c,1.86,4.12,17.738506,596.0,0.128,23.2,0.0,5282.0,0.789,3.52
3367,Kepler-191 d,2.28,5.82,5.945041017,857.0,0.06104,99.6,0.0,5215.0,0.8,2.7
3368,Kepler-1910 b,1.184,1.78,5.688769817,645.0,0.0536,40.88,0.0,4234.0,0.639,5.89
3369,Kepler-1911 b,1.011,1.01,5.990799904,987.0,0.0636,223.93,0.0,5721.0,0.972,5.37
3370,Kepler-1912 b,1.35670508,2.41,6.059219837,976.0,0.06489,201.8,0.0,5734.0,0.962,5.3
3371,Kepler-1913 b,1.51852059,2.92,14.1960001,818.0,0.1209,105.7,0.0,6214.0,1.076,4.58
3372,Kepler-1914 b,2.9429803,8.97,30.82789993,585.0,0.1954,27.66,0.0,5982.0,0.96,1.93
3373,Kepler-1915 b,3.21798413,10.4,13.83539963,809.0,0.114,101.05,0.0,6020.0,1.057,1.71
3374,Kepler-1916 b,2.61757235,7.35,31.25429916,635.0,0.2053,38.54,0.0,6246.0,1.092,2.25
3375,Kepler-1917 b,1.88971288,4.23,12.90240002,675.0,0.103,48.99,0.0,5530.0,0.788,3.44
3376,Kepler-1918 b,2.29763023,5.89,47.0564003,497.0,0.2524,14.43,0.0,5889.0,0.924,2.67
3377,Kepler-1919 b,2.62390658,7.38,37.88660049,479.0,0.2107,12.46,0.0,5513.0,0.818,2.24
3378,Kepler-192 b,2.74,7.95,9.926746,803.0,0.09,105.297,0.0,5479.0,1.007,2.12
3379,Kepler-192 c,2.79,8.2,21.2234,623.0,0.15,38.216,0.0,5479.0,1.007,2.07
3380,Kepler-192 d,1.02,1.04,6.47027579,926.0,0.0686,186.076,0.0,5487.0,0.94,5.39
3381,Kepler-1920 b,2.95415848,9.03,30.2541008,660.0,0.2043,44.87,0.0,6277.0,1.161,1.92
3382,Kepler-1921 b,2.89459458,8.72,20.03479958,967.0,0.15865,216.2,0.0,6120.0,2.0,1.98
3383,Kepler-1921 c,1.41,2.57,3.15722086,1791.0,0.0454,2436.47,0.0,6120.0,2.0,5.04
3384,Kepler-1922 b,2.29064904,5.86,13.22259998,740.0,0.1077,71.11,0.0,5931.0,0.863,2.68
3385,Kepler-1923 b,1.95958179,4.5,52.60969925,553.0,0.2846,8.63,0.0,5881.0,1.294,3.29
3386,Kepler-1924 b,2.65446572,7.53,15.33170033,821.0,0.1216,107.44,0.0,5726.0,1.285,2.21
3387,Kepler-1925 b,3.00177922,9.28,46.71640015,531.0,0.2588,18.74,0.0,5856.0,1.092,1.89
3388,Kepler-1926 b,2.31495961,5.97,42.87770081,451.0,0.2197,9.8,0.0,5256.0,0.832,2.64
3389,Kepler-1927 b,3.40627075,11.5,73.75039673,677.0,0.38733,34.7,0.0,6056.0,2.481,1.6
3390,Kepler-1928 b,1.992,4.63,19.57783,621.0,0.194,37.8,0.43,5720.0,0.92,3.22
3391,Kepler-1929 b,3.07250761,9.65,59.36249924,566.0,0.30883,37.2,0.0,5786.0,1.471,1.83
3392,Kepler-193 b,2.39,6.3,11.38848,979.0,0.106,117.303,0.0,6335.0,1.147,2.54
3393,Kepler-193 c,2.75,8.0,50.697494,595.0,0.286,16.026,0.0,6335.0,1.147,2.11
3394,Kepler-1930 b,1.52955541,2.95,13.02680016,643.0,0.10233,31.6,0.0,5083.0,0.844,4.53
3395,Kepler-1931 b,2.65323514,7.53,38.5760994,619.0,0.23329,51.7,0.0,6167.0,1.221,2.22
3396,Kepler-1932 b,1.51482218,2.91,0.524177015,1891.0,0.0123,2799.9,0.0,5278.0,0.815,4.6
3397,Kepler-1933 b,1.17984089,1.76,4.943290234,1058.0,0.05605,250.5,0.0,5661.0,1.008,5.89
3398,Kepler-1934 b,0.91307734,0.702,1.419759989,1700.0,0.02466,1835.6,0.0,5925.0,1.035,5.07
3399,Kepler-1935 b,2.50271696,6.82,3.951400042,1083.0,0.0463,324.78,0.0,5570.0,0.899,2.39
3400,Kepler-1936 b,3.16615594,10.2,126.5569992,524.0,0.52662,9.4,0.0,6501.0,1.854,1.77
3401,Kepler-1937 b,3.0229133,9.39,9.688599586,1014.0,0.0915,163.1,0.0,6457.0,1.196,1.87
3402,Kepler-1938 b,1.82828927,4.0,13.06260014,527.0,0.0938,18.25,0.0,4522.0,0.655,3.6
3403,Kepler-1939 b,1.16480773,1.68,2.790659904,816.0,0.0334,104.74,0.0,4353.0,0.603,5.84
3404,Kepler-194 b,1.51,2.89,2.092281,1648.0,0.032,953.173,0.0,6089.0,1.025,4.61
3405,Kepler-194 c,2.59,7.22,17.308032,815.0,0.131,56.955,0.0,6089.0,1.025,2.28
3406,Kepler-194 d,2.4,6.35,52.814973,562.0,0.275,12.863,0.0,6089.0,1.025,2.52
3407,Kepler-1940 b,1.54732469,3.01,4.950610161,885.0,0.0525,145.23,0.0,5431.0,0.717,4.46
3408,Kepler-1941 b,2.64976949,7.51,31.33510017,666.0,0.2054,46.53,0.0,6404.0,1.142,2.22
3409,Kepler-1942 b,2.1170287,5.13,4.626049995,1012.0,0.0516,247.34,0.0,5834.0,0.797,2.97
3410,Kepler-1943 b,1.54869189,3.02,4.850180149,1098.0,0.05975,724.2,0.0,6032.0,0.973,4.47
3411,Kepler-1944 b,2.75971163,8.05,9.842579842,801.0,0.0918,97.62,0.0,5585.0,0.972,2.1
3412,Kepler-1945 b,1.289,2.21,6.080039978,808.0,0.0597,100.72,0.0,4991.0,0.804,5.67
3413,Kepler-1946 b,2.48812698,6.75,3.035190105,1143.0,0.0394,403.53,0.0,5505.0,0.873,2.41
3414,Kepler-1947 b,1.0101666,1.01,6.963630199,1298.0,0.07375,229.4,0.0,6040.0,1.686,5.38
3415,Kepler-1948 b,1.03283226,1.09,15.57129955,399.0,0.1022,5.98,0.0,3872.0,0.557,5.44
3416,Kepler-1949 b,2.21964541,5.56,2.208280087,1709.0,0.0352,2016.25,0.0,6028.0,1.454,2.79
3417,Kepler-195 b,2.03,4.78,8.307872,751.0,0.077,74.148,0.0,5329.0,0.775,3.14
3418,Kepler-195 c,1.55,3.02,34.096863,469.0,0.197,11.281,0.0,5329.0,0.775,4.46
3419,Kepler-1950 b,1.52696349,2.95,10.77690029,752.0,0.0871,75.83,0.0,5455.0,0.852,4.55
3420,Kepler-1951 b,2.32107188,6.0,20.65780067,728.0,0.1435,66.27,0.0,5468.0,1.306,2.64
3421,Kepler-1952 b,1.23923346,2.07,27.21080017,725.0,0.1724,65.27,0.0,5973.0,1.305,5.98
3422,Kepler-1953 b,1.28574667,2.2,6.245659828,731.0,0.0607,67.62,0.0,4858.0,0.707,5.69
3423,Kepler-1954 b,1.80235934,3.9,5.883430004,949.0,0.0625,192.09,0.0,5840.0,0.849,3.66
3424,Kepler-1955 b,1.16654878,1.69,14.26519966,853.0,0.11959,114.3,0.0,5825.0,1.291,5.85
3425,Kepler-1956 b,1.08940238,1.32,5.943719864,674.0,0.0563,48.82,0.0,4391.0,0.682,5.61
3426,Kepler-1957 b,0.94374867,0.79,2.186619997,1099.0,0.0299,345.07,0.0,4904.0,0.772,5.16
3427,Kepler-1958 b,2.05124311,4.86,9.328619957,806.0,0.0856,99.6,0.0,5749.0,0.864,3.09
3428,Kepler-1959 b,1.14315727,1.57,6.38669014,811.0,0.0617,102.25,0.0,5071.0,0.811,5.78
3429,Kepler-196 b,1.9,4.27,20.739886,536.0,0.138,20.735,0.0,5128.0,0.782,3.42
3430,Kepler-196 c,2.24,5.65,47.427737,407.0,0.24,6.88,0.0,5128.0,0.782,2.76
3431,Kepler-196 d,2.66065673,7.56,122.0800018,297.0,0.4545,1.8,0.0,5132.0,0.77,2.21
3432,Kepler-1960 b,1.30749704,2.26,2.297940016,1547.0,0.0354,1352.14,0.0,6371.0,1.072,5.56
3433,Kepler-1961 b,1.6187808,3.25,5.604710102,866.0,0.0588,132.98,0.0,5401.0,0.777,4.21
3434,Kepler-1962 b,1.21463929,1.95,7.991459846,901.0,0.0783,155.95,0.0,5700.0,1.006,5.98
3435,Kepler-1963 b,0.74437023,0.337,1.962260008,1448.0,0.02915,612.3,0.0,5726.0,0.979,4.49
3436,Kepler-1964 b,1.7810587,3.83,2.440829992,986.0,0.0322,223.8,0.0,4803.0,0.698,3.73
3437,Kepler-1965 b,1.35415138,2.4,41.86869812,492.0,0.22971,13.8,0.0,5852.0,0.837,5.31
3438,Kepler-1966 b,1.10479327,1.39,8.617429733,733.0,0.0763,68.28,0.0,5009.0,0.84,5.66
3439,Kepler-1967 b,0.73022577,0.315,7.281690121,1086.0,0.06686,57.1,0.0,4970.0,1.806,4.45
3440,Kepler-1968 b,1.50004034,2.86,7.281099796,744.0,0.0696,72.16,0.0,5008.0,0.788,4.66
3441,Kepler-1969 b,1.68161001,3.47,6.647520065,999.0,0.0717,235.89,0.0,6046.0,1.007,4.01
3442,Kepler-197 b,1.02,1.04,5.599308,1142.0,0.06,431.256,0.02,6004.0,1.12,5.39
3443,Kepler-197 c,1.23,5.3,10.349695,930.0,0.09,189.965,0.08,6004.0,1.12,15.7
3444,Kepler-197 d,1.22,1.98,15.677563,810.0,0.119,109.091,0.03,6004.0,1.12,5.99
3445,Kepler-197 e,0.91,0.693,25.209715,691.0,0.164,57.941,0.38,6004.0,1.12,5.05
3446,Kepler-1972 b,0.802,2.02,7.54425,1084.0,0.08006,341.3,0.067,5818.0,1.384,22.2
3447,Kepler-1972 c,0.868,2.11,11.3295,1215.0,0.10493,198.4,0.043,5818.0,1.384,18.4
3448,Kepler-1976 b,12.21,,4.959319244,1103.0,0.0565,349.4,0.0,5712.0,1.082,
3449,Kepler-1977 b,1.66,3.39,4.53702121,798.0,0.0486,95.61,0.0,4805.0,0.688,4.07
3450,Kepler-1978 b,2.67,7.61,10.84969477,676.0,0.0914,49.3,0.0,5251.0,0.778,2.2
3451,Kepler-1979 b,29.33,,18.5084526,683.0,0.1383,51.32,0.0,5942.0,0.938,
3452,Kepler-198 b,2.82,8.35,17.790037,655.0,0.131,44.549,0.0,5574.0,0.94,2.05
3453,Kepler-198 c,2.47,6.66,49.567416,465.0,0.259,11.354,0.0,5574.0,0.94,2.43
3454,Kepler-198 d,1.53,2.96,1.31184443,1562.0,0.02342,1444.516,0.0,5636.0,0.93,4.54
3455,Kepler-1980 b,2.21,5.52,33.0257179,564.0,0.2049,23.95,0.0,5819.0,0.99,2.81
3456,Kepler-1981 b,9.23,62.5,453.54212,390.0,1.3292,5.45,0.0,5874.0,3.006,0.437
3457,Kepler-1982 b,0.77,0.381,3.82315697,1282.0,0.0511,638.38,0.0,6202.0,1.122,4.59
3458,Kepler-1983 b,2.33,6.04,7.32851947,807.0,0.0689,100.13,0.0,5135.0,0.874,2.62
3459,Kepler-1984 b,6.81,37.3,1.992812339,675.0,0.0238,48.82,0.0,3638.0,0.42,0.649
3460,Kepler-1985 b,2.27,5.77,3.42064689,1129.0,0.0426,382.68,0.0,5370.0,0.966,2.71
3461,Kepler-1986 b,1.89,4.23,19.5489666,579.0,0.1307,26.62,0.0,5549.0,0.732,3.44
3462,Kepler-1987 b,1.23,2.04,2.345863002,997.0,0.0318,233.38,0.0,4769.0,0.714,6.02
3463,Kepler-1987 c,1.33,2.33,3.64830183,860.0,0.0427,129.44,0.0,4769.0,0.714,5.44
3464,Kepler-1987 d,2.66,7.56,5.644914154,744.0,0.0571,72.38,0.0,4769.0,0.714,2.21
3465,Kepler-1987 e,1.92,4.35,8.74292005,643.0,0.0765,40.33,0.0,4769.0,0.714,3.38
3466,Kepler-1988 b,1.53,2.96,11.49500229,1105.0,0.1038,351.79,0.0,6033.0,1.788,4.54
3467,Kepler-1989 b,4.62,19.3,10.161023528,904.0,0.0918,157.97,0.0,6032.0,1.06,1.08
3468,Kepler-199 b,3.11,9.85,23.637604,595.0,0.158,31.679,0.0,5644.0,0.967,1.8
3469,Kepler-199 c,3.25,10.6,67.093408,420.0,0.316,7.885,0.0,5644.0,0.967,1.7
3470,Kepler-1990 b,3.27,10.7,1.73513619,1554.0,0.0286,1372.87,0.0,5751.0,1.071,1.68
3471,Kepler-1990 c,0.98,0.904,4.06844957,1170.0,0.0504,442.08,0.0,5751.0,1.071,5.28
3472,Kepler-1991 b,1.47,2.76,13.26079792,760.0,0.1065,78.79,0.0,5478.0,1.053,4.77
3473,Kepler-1991 c,2.57,7.13,22.79020351,634.0,0.1528,38.27,0.0,5478.0,1.053,2.31
3474,Kepler-1992 b,0.91,0.693,15.6112238,637.0,0.1169,38.99,0.0,5383.0,0.842,5.05
3475,Kepler-1993 b,4.15,16.1,26.6565737,903.0,0.1943,157.45,0.0,5159.0,3.062,1.24
3476,Kepler-1994 b,0.51,0.087,4.61225043,1032.0,0.053,268.27,0.0,5495.0,0.961,3.6
3477,Kepler-1995 b,4.28,16.9,73.7578875,375.0,0.3259,4.66,0.0,5029.0,0.93,1.18
3478,Kepler-1996 b,2.26,5.73,32.376183,392.0,0.1789,5.61,0.0,4580.0,0.675,2.73
3479,Kepler-1996 c,2.81,8.3,92.7297248,276.0,0.3608,1.38,0.0,4580.0,0.675,2.06
3480,Kepler-1997 b,2.28,5.82,26.7575866,660.0,0.1815,44.86,0.0,6215.0,1.052,2.7
3481,Kepler-1998 b,0.6,0.156,3.03267135,1187.0,0.0405,468.31,0.0,5640.0,0.921,3.97
3482,Kepler-1999 b,3.29,10.8,8.7396758,577.0,0.0713,26.17,0.0,4406.0,0.628,1.67
3483,Kepler-20 b,1.773,9.7,3.6961049,1187.0,0.04565,331.0,0.083,5495.0,0.9164,9.4
3484,Kepler-20 c,2.894,11.1,10.8540774,828.0,0.0936,78.7,0.076,5495.0,0.9164,2.51
3485,Kepler-20 d,2.606,13.4,77.611455,430.0,0.3474,5.71,0.082,5495.0,0.9164,4.1
3486,Kepler-20 e,0.821,0.76,6.0984882,1004.0,0.0637,169.8,0.092,5495.0,0.9164,7.5
3487,Kepler-20 f,0.952,1.4,19.578328,681.0,0.1387,35.9,0.094,5495.0,0.9164,8.4
3488,Kepler-20 g,4.71,19.96,34.94,524.0,0.2055,,0.15,5495.0,0.9639,1.05
3489,Kepler-200 b,2.13,5.18,8.594805,854.0,0.08,159.069,0.0,5678.0,0.944,2.95
3490,Kepler-200 c,1.59,3.15,10.222157,806.0,0.09,126.361,0.0,5678.0,0.944,4.31
3491,Kepler-2000 b,2.73,7.9,6.383159135,530.0,0.0562,18.73,0.0,3757.0,0.576,2.13
3492,Kepler-2000 c,1.57,3.09,20.6180348,359.0,0.1228,3.92,0.0,3757.0,0.576,4.39
3493,Kepler-2001 b,1.04,1.12,1.090011003,1402.0,0.0197,911.28,0.0,5081.0,0.77,5.47
3494,Kepler-2001 c,1.82,3.97,14.092583189,597.0,0.1084,30.1,0.0,5081.0,0.77,3.62
3495,Kepler-201 b,2.46,6.62,25.672083,683.0,0.175,64.549,0.0,6065.0,1.229,2.44
3496,Kepler-201 c,2.85,8.5,151.884058,378.0,0.573,6.033,0.0,6065.0,1.229,2.02
3497,Kepler-202 b,1.63,3.29,4.069427,802.0,0.045,108.504,0.0,4668.0,0.667,4.17
3498,Kepler-202 c,1.85,4.08,16.282493,505.0,0.113,17.07,0.0,4668.0,0.667,3.54
3499,Kepler-203 b,2.57,7.13,3.162697,1308.0,0.043,668.215,0.0,5821.0,1.114,2.31
3500,Kepler-203 c,2.47,749.9,5.370647,1096.0,0.061,329.788,0.0,5821.0,1.114,273.0
3501,Kepler-203 d,1.44,33.9,11.32972,855.0,0.1,121.816,0.0,5821.0,1.114,62.4
3502,Kepler-204 b,2.53,6.94,14.400974,828.0,0.117,79.703,0.0,5812.0,1.238,2.35
3503,Kepler-204 c,1.79,3.86,25.660593,683.0,0.173,36.886,0.0,5812.0,1.238,3.7
3504,Kepler-205 b,1.51,2.89,2.75564,757.0,0.032,102.562,0.0,4321.0,0.546,4.61
3505,Kepler-205 c,1.64,3.33,20.306546,389.0,0.122,7.14,0.0,4321.0,0.546,4.15
3506,Kepler-206 b,1.2,1.87,7.781987,983.0,0.078,192.273,0.0,5764.0,1.185,5.95
3507,Kepler-206 c,1.77,3.78,13.137471,825.0,0.111,95.51,0.0,5764.0,1.185,3.75
3508,Kepler-206 d,1.19,1.81,23.44281,681.0,0.163,44.17,0.0,5764.0,1.185,5.9
3509,Kepler-207 b,1.57,3.09,1.611865,1930.0,0.029,4097.318,0.0,5920.0,1.588,4.39
3510,Kepler-207 c,1.5,2.86,3.071571,1556.0,0.044,1742.715,0.0,5920.0,1.588,4.66
3511,Kepler-207 d,3.31,11.0,5.868075,1254.0,0.068,732.604,0.0,5920.0,1.588,1.67
3512,Kepler-208 b,1.63,3.29,4.22864,1379.0,0.054,639.576,0.0,6092.0,1.314,4.17
3513,Kepler-208 c,1.39,2.51,7.466623,1141.0,0.079,300.165,0.0,6092.0,1.314,5.14
3514,Kepler-208 d,1.2,1.87,11.131786,999.0,0.103,176.283,0.0,6092.0,1.314,5.95
3515,Kepler-208 e,1.48,2.79,16.259458,880.0,0.132,106.345,0.0,6092.0,1.314,4.73
3516,Kepler-209 b,2.26,5.73,16.087845,668.0,0.122,48.662,0.0,5513.0,0.935,2.73
3517,Kepler-209 c,3.1,9.8,41.749882,486.0,0.231,13.637,0.0,5513.0,0.935,1.81
3518,Kepler-21 b,1.639,7.5,2.7858212,2015.0,0.0434,2749.0,0.0,6305.0,1.902,9.3
3519,Kepler-210 b,2.94,8.96,2.453234,737.0,0.032,122.139,0.0,4559.0,0.65,1.94
3520,Kepler-210 c,3.62,12.8,7.972513,497.0,0.07,25.44,0.0,4559.0,0.65,1.48
3521,Kepler-211 b,1.26,2.13,4.138575,954.0,0.048,158.188,0.0,5123.0,0.816,5.85
3522,Kepler-211 c,1.29,18.3,6.04045,841.0,0.062,95.436,0.0,5123.0,0.816,46.8
3523,Kepler-212 b,1.09,1.32,16.257582,830.0,0.133,133.866,0.0,5852.0,1.455,5.6
3524,Kepler-212 c,2.74,7.95,31.805174,664.0,0.207,54.662,0.0,5852.0,1.455,2.12
3525,Kepler-213 b,1.62,3.26,2.46236,1326.0,0.036,833.469,0.0,5696.0,1.195,4.21
3526,Kepler-213 c,2.34,6.08,4.822962,1060.0,0.057,339.536,0.0,5696.0,1.195,2.61
3527,Kepler-214 b,2.61,7.32,15.660544,758.0,0.13,196.402,0.0,6169.0,1.352,2.26
3528,Kepler-214 c,2.13,5.18,28.7798,619.0,0.194,87.244,0.0,6169.0,1.352,2.95
3529,Kepler-215 b,1.62,3.26,9.360672,784.0,0.084,105.073,0.0,5739.0,1.027,4.21
3530,Kepler-215 c,1.77,3.78,14.667108,675.0,0.113,57.694,0.0,5739.0,1.027,3.75
3531,Kepler-215 d,2.39,23.6,30.864423,527.0,0.185,21.404,0.0,5739.0,1.027,9.5
3532,Kepler-215 e,1.75,3.71,68.16101,405.0,0.314,7.444,0.0,5739.0,1.027,3.8
3533,Kepler-216 b,2.35,6.12,7.693641,1069.0,0.079,540.034,0.0,6091.0,1.26,2.59
3534,Kepler-216 c,3.04,9.48,17.406669,814.0,0.136,182.057,0.0,6091.0,1.26,1.85
3535,Kepler-217 b,2.23,5.6,5.374943,1413.0,0.065,1366.477,0.0,6171.0,1.799,2.77
3536,Kepler-217 c,1.85,4.08,8.586004,1208.0,0.089,730.808,0.0,6171.0,1.799,3.54
3537,Kepler-217 d,1.32,2.3,3.88689525,1574.0,0.0534,2099.752,0.0,6341.0,1.76,5.5
3538,Kepler-218 b,1.48,2.79,3.619337,1156.0,0.046,460.656,0.0,5502.0,1.063,4.73
3539,Kepler-218 c,3.14,10.0,44.699576,500.0,0.248,16.147,0.0,5502.0,1.063,1.77
3540,Kepler-218 d,2.66,7.56,124.5244647,356.0,0.49884,4.118,0.0,5542.0,1.02,2.21
3541,Kepler-219 b,2.95,9.01,4.585512,1307.0,0.057,456.732,0.0,5786.0,1.491,1.93
3542,Kepler-219 c,3.58,12.5,22.714613,766.0,0.165,54.105,0.0,5786.0,1.491,1.5
3543,Kepler-219 d,2.81,19.1,47.903645,598.0,0.272,20.01,0.0,5786.0,1.491,4.73
3544,Kepler-22 b,2.1,9.1,289.863876,279.0,0.812,1.013,0.72,5596.0,0.869,5.2
3545,Kepler-220 b,0.81,0.457,4.159807,759.0,0.046,105.001,0.0,4632.0,0.666,4.73
3546,Kepler-220 c,1.57,3.09,9.034199,586.0,0.076,37.321,0.0,4632.0,0.666,4.39
3547,Kepler-220 d,0.98,0.904,28.122397,401.0,0.163,8.208,0.0,4632.0,0.666,5.28
3548,Kepler-220 e,1.33,2.33,45.902733,341.0,0.226,4.274,0.0,4632.0,0.666,5.44
3549,Kepler-221 b,1.71,5.95575,2.795906,1090.0,0.037,308.885,0.0,5243.0,0.821,0.19
3550,Kepler-221 c,2.93,9.3,5.690586,860.0,0.059,119.836,0.0,5243.0,0.821,1.94
3551,Kepler-221 d,2.73,3.61,10.04156,712.0,0.087,56.293,0.0,5243.0,0.821,0.9
3552,Kepler-221 e,2.63,7.86706,18.369917,582.0,0.13,25.156,0.0,5243.0,0.821,0.57
3553,Kepler-222 b,3.16,10.1,3.936981,1004.0,0.048,206.769,0.0,5433.0,0.869,1.76
3554,Kepler-222 c,4.64,19.4,10.08881,734.0,0.091,59.076,0.0,5433.0,0.869,1.07
3555,Kepler-222 d,3.69,13.2,28.081912,522.0,0.18,15.087,0.0,5433.0,0.869,1.44
3556,Kepler-223 b,2.99,7.4,7.38449,1042.0,0.07525,444.053,0.078,5803.0,1.72,1.54
3557,Kepler-223 c,3.44,5.1,9.84564,947.0,0.09117,302.474,0.15,5803.0,1.72,0.71
3558,Kepler-223 d,5.24,8.0,14.78869,827.0,0.11956,175.951,0.037,5803.0,1.72,0.31
3559,Kepler-223 e,4.6,4.8,19.72567,751.0,0.14481,119.882,0.051,5803.0,1.72,0.28
3560,Kepler-224 b,1.39,2.51,3.132924,937.0,0.038,201.489,0.0,5018.0,0.676,5.14
3561,Kepler-224 c,3.12,9.91,5.925003,758.0,0.058,86.332,0.0,5018.0,0.676,1.79
3562,Kepler-224 d,2.3,5.9,11.349393,610.0,0.089,36.293,0.0,5018.0,0.676,2.66
3563,Kepler-224 e,1.97,4.54,18.643577,517.0,0.124,18.732,0.0,5018.0,0.676,3.26
3564,Kepler-225 b,1.2,1.87,6.738975,579.0,0.056,38.883,0.0,3682.0,0.48,5.95
3565,Kepler-225 c,1.84,4.04,18.794234,412.0,0.111,9.903,0.0,3682.0,0.48,3.56
3566,Kepler-226 b,1.55,24.0,3.940997,1018.0,0.047,270.402,0.0,5571.0,0.802,35.4
3567,Kepler-226 c,2.27,45.2,5.349555,919.0,0.058,180.513,0.0,5571.0,0.802,21.2
3568,Kepler-226 d,1.22,1.98,8.109044,800.0,0.076,103.645,0.0,5571.0,0.802,5.99
3569,Kepler-227 b,3.11,9.85,9.488015,793.0,0.09,104.641,0.0,5854.0,1.091,1.8
3570,Kepler-227 c,3.04,9.48,54.418694,443.0,0.29,10.186,0.0,5854.0,1.091,1.85
3571,Kepler-228 b,1.53,2.96,2.566546,1360.0,0.038,863.776,0.0,6043.0,1.014,4.54
3572,Kepler-228 c,2.7,7.75,4.134444,1160.0,0.052,457.318,0.0,6043.0,1.014,2.16
3573,Kepler-228 d,4.04,15.4,11.094286,835.0,0.101,122.778,0.0,6043.0,1.014,1.28
3574,Kepler-229 b,2.2,5.48,6.252972,823.0,0.062,76.217,0.0,5120.0,0.728,2.83
3575,Kepler-229 c,4.92,21.5,16.068638,600.0,0.117,21.637,0.0,5120.0,0.728,0.992
3576,Kepler-229 d,3.85,14.2,41.194912,439.0,0.22,6.162,0.0,5120.0,0.728,1.37
3577,Kepler-23 b,1.638,2.56,7.1,1157.0,0.07212,446.107,0.017,5828.0,1.548,3.18687
3578,Kepler-23 c,3.005,7.81,10.74,1008.0,0.09501,257.39,0.021,5828.0,1.548,1.576894
3579,Kepler-23 d,2.206,4.44,15.27,896.0,0.12012,161.038,0.01,5828.0,1.548,2.260583
3580,Kepler-230 b,4.26,16.8,32.625555,506.0,0.191,11.816,0.0,5588.0,0.817,1.19
3581,Kepler-230 c,2.04,4.82,91.773242,359.0,0.38,2.976,0.0,5588.0,0.817,3.12
3582,Kepler-231 b,1.73,35.4,10.065275,488.0,0.074,14.879,0.0,3767.0,0.49,13.8
3583,Kepler-231 c,1.93,24.1,19.271566,393.0,0.114,6.267,0.0,3767.0,0.49,0.97
3584,Kepler-232 b,3.08,9.69,4.431222,1104.0,0.054,410.583,0.0,5847.0,0.968,1.82
3585,Kepler-232 c,3.83,14.0,11.379349,806.0,0.101,116.524,0.0,5847.0,0.968,1.37
3586,Kepler-233 b,2.43,6.48,8.472382,751.0,0.077,85.131,0.0,5360.0,0.758,2.48
3587,Kepler-233 c,2.71,7.8,60.418955,390.0,0.287,6.195,0.0,5360.0,0.758,2.15
3588,Kepler-234 b,3.7,13.2,2.711506,1420.0,0.04,1007.716,0.0,6224.0,1.113,1.43
3589,Kepler-234 c,3.51,12.1,7.21205,1025.0,0.077,273.304,0.0,6224.0,1.113,1.54
3590,Kepler-235 b,2.23,5.6,3.340222,731.0,0.037,44.0,0.0,4255.0,0.554,2.77
3591,Kepler-235 c,1.28,2.18,7.824904,555.0,0.065,14.2,0.0,4255.0,0.554,5.71
3592,Kepler-235 d,2.05,4.86,20.060548,401.0,0.122,4.03,0.0,4255.0,0.554,3.1
3593,Kepler-235 e,2.22,5.56,46.183669,306.0,0.213,1.33,0.0,4255.0,0.554,2.79
3594,Kepler-236 b,1.57,3.09,8.295611,469.0,0.065,15.632,0.0,3750.0,0.51,4.39
3595,Kepler-236 c,2.0,4.66,23.968127,329.0,0.132,3.802,0.0,3750.0,0.51,3.2
3596,Kepler-237 b,1.41,2.57,4.715106,823.0,0.05,124.961,0.0,4861.0,0.725,5.04
3597,Kepler-237 c,2.08,4.98,8.103636,687.0,0.071,60.642,0.0,4861.0,0.725,3.04
3598,Kepler-238 b,1.73,3305.02,2.090876,1642.0,0.034,2500.588,0.0,5751.0,1.43,526.0
3599,Kepler-238 c,2.39,152.522,6.155557,1146.0,0.069,592.298,0.0,5751.0,1.43,3.2
3600,Kepler-238 d,3.07,23.1,13.233549,888.0,0.115,213.48,0.0,5751.0,1.43,2.95
3601,Kepler-238 e,5.6,169.7,23.654,731.0,0.17286,98.461,0.0,5800.0,0.96,0.54
3602,Kepler-238 f,2.0,13.5,50.447,568.0,0.28635,35.869,0.0,5800.0,0.96,1.7
3603,Kepler-239 b,2.33,6.04,11.763051,616.0,0.095,34.746,0.0,4914.0,0.763,2.62
3604,Kepler-239 c,2.51,6.85,56.228098,366.0,0.268,4.315,0.0,4914.0,0.763,2.38
3605,Kepler-24 b,2.348,11.14,8.14,1050.0,0.08045,252.246,0.023,6028.0,1.099,4.686574
3606,Kepler-24 c,2.514,9.99,12.33,915.0,0.10612,144.827,0.014,6028.0,1.099,3.418442
3607,Kepler-24 d,1.67,293.959,4.244384,1305.0,0.051,601.895,0.0,5897.0,1.289,152.0
3608,Kepler-24 e,2.78,26.2118,18.998355,792.0,0.138,81.506,0.0,5897.0,1.289,0.31
3609,Kepler-240 b,1.37,2.45,4.144495,864.0,0.048,142.736,0.0,4985.0,0.739,5.24
3610,Kepler-240 c,2.2,102.3,7.953528,696.0,0.074,59.838,0.0,4985.0,0.739,52.8
3611,Kepler-241 b,2.33,6.04,12.718092,562.0,0.094,23.6,0.0,4699.0,0.668,2.62
3612,Kepler-241 c,2.57,7.13,36.065978,397.0,0.189,5.88,0.0,4699.0,0.668,2.31
3613,Kepler-242 b,2.61,7.32,8.20395,742.0,0.075,43.768,0.0,5020.0,0.85,2.26
3614,Kepler-242 c,2.0,4.66,14.496481,613.0,0.109,20.498,0.0,5020.0,0.85,3.2
3615,Kepler-243 b,2.45,6.57,5.715442,850.0,0.062,115.505,0.0,5228.0,0.842,2.45
3616,Kepler-243 c,1.99,4.62,20.026218,559.0,0.142,21.72,0.0,5228.0,0.842,3.22
3617,Kepler-244 b,2.76,8.05,4.311792,1038.0,0.05,242.471,0.0,5554.0,0.803,2.1
3618,Kepler-244 c,2.05,4.86,9.767292,791.0,0.087,81.574,0.0,5554.0,0.803,3.1
3619,Kepler-244 d,2.31,15.2,20.050401,622.0,0.14,31.267,0.0,5554.0,0.803,6.78
3620,Kepler-245 b,2.57,146.78,7.49019,753.0,0.071,77.749,0.0,5100.0,0.795,0.12
3621,Kepler-245 c,2.18,26.7,17.460812,568.0,0.124,25.152,0.0,5100.0,0.795,9.4
3622,Kepler-245 d,3.03,21.6,36.277108,445.0,0.202,9.492,0.0,5100.0,0.795,0.0111
3623,Kepler-245 e,1.75,1806.36,3.219821056,998.0,0.04053,240.151,0.0,5174.0,0.8,902.0
3624,Kepler-246 b,2.34,6.08,4.60182,896.0,0.052,141.613,0.0,5206.0,0.831,2.61
3625,Kepler-246 c,1.5,2.86,11.187161,667.0,0.095,43.208,0.0,5206.0,0.831,4.66
3626,Kepler-247 b,1.64,3.33,3.33616,970.0,0.042,216.111,0.0,5100.0,0.768,4.15
3627,Kepler-247 c,4.09,15.7,9.439452,686.0,0.084,53.899,0.0,5100.0,0.768,1.26
3628,Kepler-247 d,3.94,14.7,20.477912,530.0,0.14,19.21,0.0,5100.0,0.768,1.32
3629,Kepler-248 b,3.02,9.38,6.308205,819.0,0.066,79.311,0.0,5190.0,0.831,1.87
3630,Kepler-248 c,4.07,15.6,16.239494,598.0,0.123,22.459,0.0,5190.0,0.831,1.27
3631,Kepler-249 b,1.09,1.32,3.306539,554.0,0.035,24.26,0.0,3568.0,0.482,5.6
3632,Kepler-249 c,1.51,2.89,7.113702,429.0,0.058,12.529,0.0,3568.0,0.482,4.61
3633,Kepler-249 d,1.57,3.09,15.368459,332.0,0.097,4.474,0.0,3568.0,0.482,4.39
3634,Kepler-25 b,2.748,8.7,6.238297,1185.0,0.0695,542.96,0.0029,6354.0,1.316,2.32
3635,Kepler-25 c,5.217,15.2,12.7207,934.0,0.1117,210.172,0.0061,6354.0,1.316,0.588
3636,Kepler-25 d,10.0,71.9,122.4,,0.4164221832,,0.13,6354.0,1.316,0.395
3637,Kepler-250 b,1.13,1.51,4.148141,938.0,0.048,148.103,0.0,5160.0,0.805,5.75
3638,Kepler-250 c,2.28,5.82,7.156804,782.0,0.069,71.499,0.0,5160.0,0.805,2.7
3639,Kepler-250 d,2.18,5.39,17.648312,579.0,0.127,21.463,0.0,5160.0,0.805,2.86
3640,Kepler-251 b,1.33,2.33,4.790936,990.0,0.053,203.169,0.0,5526.0,0.89,5.44
3641,Kepler-251 c,2.77,8.1,16.514043,655.0,0.122,38.953,0.0,5526.0,0.89,2.09
3642,Kepler-251 d,2.77,8.1,30.133001,536.0,0.182,17.477,0.0,5526.0,0.89,2.09
3643,Kepler-251 e,2.77,8.1,99.640161,360.0,0.404,3.548,0.0,5526.0,0.89,2.09
3644,Kepler-252 b,1.23,2.04,6.668391,587.0,0.058,39.264,0.0,4208.0,0.549,6.02
3645,Kepler-252 c,2.15,5.27,10.848463,499.0,0.08,20.507,0.0,4208.0,0.549,2.91
3646,Kepler-253 b,1.63,3.29,3.783986,949.0,0.046,194.346,0.0,5208.0,0.786,4.17
3647,Kepler-253 c,2.65,7.51,10.281951,680.0,0.089,51.273,0.0,5208.0,0.786,2.22
3648,Kepler-253 d,3.17,10.2,18.119869,563.0,0.13,24.084,0.0,5208.0,0.786,1.76
3649,Kepler-254 b,3.87,14.3,5.826662,1013.0,0.064,184.341,0.0,5957.0,0.91,1.36
3650,Kepler-254 c,2.15,3.2,12.412183,787.0,0.105,67.225,0.0,5957.0,0.91,1.77
3651,Kepler-254 d,2.5,6.8,18.746477,686.0,0.139,38.844,0.0,5957.0,0.91,2.39
3652,Kepler-255 b,1.55,3.02,5.714606,971.0,0.063,174.395,0.0,5573.0,0.933,4.46
3653,Kepler-255 c,2.99,9.22,9.946047,807.0,0.092,83.264,0.0,5573.0,0.933,1.9
3654,Kepler-255 d,1.32,2.3,1.045622658,1710.0,0.0192,1686.09,0.0,5431.0,0.86,5.5
3655,Kepler-256 b,1.59,3.15,1.620493,1681.0,0.027,1225.934,0.0,5551.0,1.301,4.31
3656,Kepler-256 c,2.15,5.27,3.38802,1315.0,0.045,457.066,0.0,5551.0,1.301,2.91
3657,Kepler-256 d,2.48,6.71,5.839172,1097.0,0.064,221.1,0.0,5551.0,1.301,2.42
3658,Kepler-256 e,2.35,6.12,10.681572,897.0,0.096,98.9,0.0,5551.0,1.301,2.59
3659,Kepler-257 b,2.61,7.32,2.382667,1237.0,0.034,343.6,0.0,5180.0,1.037,2.26
3660,Kepler-257 c,5.41,25.2,6.581484,881.0,0.066,88.6,0.0,5180.0,1.037,0.875
3661,Kepler-257 d,4.95,21.7,24.664551,567.0,0.16,15.2,0.0,5180.0,1.037,0.983
3662,Kepler-258 b,4.06,15.5,13.19722,642.0,0.103,27.791,0.0,4942.0,0.915,1.27
3663,Kepler-258 c,3.61,12.7,33.653079,470.0,0.193,7.985,0.0,4942.0,0.915,1.48
3664,Kepler-259 b,2.8,8.25,8.115317,879.0,0.079,113.451,0.0,5938.0,0.898,2.07
3665,Kepler-259 c,2.7,7.75,36.924931,530.0,0.217,15.054,0.0,5938.0,0.898,2.16
3666,Kepler-26 b,2.78,5.12,12.28,431.0,0.08551,7.6,0.021,3914.0,0.512,1.26
3667,Kepler-26 c,2.72,6.2,17.2559,385.0,0.10725,4.82,0.013,3914.0,0.512,1.61
3668,Kepler-26 d,1.07,1.24,3.543919,652.0,0.039,31.79,0.0,4486.0,0.571,5.56
3669,Kepler-26 e,2.41,6.39,46.827915,276.0,0.22,1.753,0.0,4486.0,0.571,2.51
3670,Kepler-260 b,2.01,4.7,8.187399,782.0,0.075,132.134,0.0,5250.0,0.862,3.18
3671,Kepler-260 c,1.74,3.68,76.050178,372.0,0.332,6.775,0.0,5250.0,0.862,3.84
3672,Kepler-261 b,2.18,5.39,10.381227,672.0,0.088,45.779,0.0,5098.0,0.794,2.86
3673,Kepler-261 c,2.0,4.66,24.570858,505.0,0.156,14.512,0.0,5098.0,0.794,3.2
3674,Kepler-262 b,1.36,2.42,13.060855,734.0,0.108,50.169,0.0,5841.0,0.881,5.29
3675,Kepler-262 c,1.64,3.33,21.853722,618.0,0.152,25.26,0.0,5841.0,0.881,4.15
3676,Kepler-263 b,2.67,7.61,16.568087,548.0,0.12,24.308,0.0,5265.0,0.785,2.2
3677,Kepler-263 c,2.47,6.66,47.332773,386.0,0.242,5.994,0.0,5265.0,0.785,2.43
3678,Kepler-264 b,3.33,11.1,40.806231,772.0,0.249,79.478,0.0,6158.0,1.55,1.65
3679,Kepler-264 c,2.83,8.4,140.101261,511.0,0.566,15.347,0.0,6158.0,1.55,2.04
3680,Kepler-265 b,1.86,4.12,6.846262,1022.0,0.069,220.328,0.0,5835.0,1.103,3.52
3681,Kepler-265 c,2.63,7.41,17.028937,755.0,0.127,65.359,0.0,5835.0,1.103,2.24
3682,Kepler-265 d,2.49,6.76,43.130617,554.0,0.236,18.941,0.0,5835.0,1.103,2.41
3683,Kepler-265 e,2.59,7.22,67.831024,476.0,0.319,10.354,0.0,5835.0,1.103,2.28
3684,Kepler-266 b,2.48,6.71,6.61833,1066.0,0.071,230.403,0.0,5885.0,1.028,2.42
3685,Kepler-266 c,3.89,14.4,107.723601,421.0,0.457,5.592,0.0,5885.0,1.028,1.34
3686,Kepler-267 b,1.98,37.9,3.353728,615.0,0.037,45.843,0.0,4258.0,0.555,26.8
3687,Kepler-267 c,2.13,5.18,6.87745,484.0,0.06,17.583,0.0,4258.0,0.555,2.95
3688,Kepler-267 d,2.27,5.77,28.464515,301.0,0.154,2.647,0.0,4258.0,0.555,2.71
3689,Kepler-268 b,2.55,7.04,25.934138,695.0,0.18,64.933,0.0,6081.0,1.274,2.33
3690,Kepler-268 c,3.38,11.4,83.446393,471.0,0.391,13.662,0.0,6081.0,1.274,1.62
3691,Kepler-269 b,2.47,6.66,5.326718,1007.0,0.061,604.9,0.0,5847.0,0.959,2.43
3692,Kepler-269 c,1.69,3.5,8.127899,875.0,0.081,342.6,0.0,5847.0,0.959,3.98
3693,Kepler-27 b,4.0,2895.31,15.3348,610.0,0.118,28.681,0.0,5400.0,0.59,
3694,Kepler-27 c,4.9,4385.87,31.3309,481.0,0.191,11.067,0.0,5400.0,0.59,
3695,Kepler-27 d,2.7061946,7.78,6.546289921,810.0,0.06578,88.2,0.0,5251.0,0.817,2.16
3696,Kepler-270 b,2.01,4.7,11.476094,984.0,0.107,178.362,0.0,6067.0,1.461,3.18
3697,Kepler-270 c,1.77,3.78,25.262887,756.0,0.18,62.241,0.0,6067.0,1.461,3.75
3698,Kepler-271 b,1.23,2.04,10.43547805,759.0,0.08784,75.957,0.0,5555.0,0.87,6.02
3699,Kepler-271 c,0.95,0.809,7.41086267,850.0,0.06993,119.631,0.0,5555.0,0.87,5.18
3700,Kepler-271 d,0.66,0.219,5.24972541,954.0,0.05554,189.343,0.0,5555.0,0.87,4.19
3701,Kepler-272 b,1.43,78.0,2.971353,1200.0,0.038,801.741,0.0,5297.0,0.929,147.0
3702,Kepler-272 c,1.79,97.8,6.057342,947.0,0.061,310.76,0.0,5297.0,0.929,93.7
3703,Kepler-272 d,2.25,5.69,10.937304,777.0,0.091,141.135,0.0,5297.0,0.929,2.74
3704,Kepler-273 b,1.5,2.86,2.936532,1209.0,0.037,285.636,0.0,5626.0,0.815,4.66
3705,Kepler-273 c,1.98,4.58,8.014927,865.0,0.073,74.887,0.0,5626.0,0.815,3.24
3706,Kepler-274 b,1.54,2.99,11.634788,961.0,0.101,147.812,0.0,6023.0,1.007,4.5
3707,Kepler-274 c,1.84,4.04,33.197861,678.0,0.204,36.518,0.0,6023.0,1.007,3.56
3708,Kepler-275 b,2.34,6.08,10.300682,1015.0,0.098,266.3,0.0,6165.0,1.383,2.61
3709,Kepler-275 c,3.38,11.4,16.088134,875.0,0.132,146.5,0.0,6165.0,1.383,1.62
3710,Kepler-275 d,3.33,11.1,35.676062,671.0,0.224,50.7,0.0,6165.0,1.383,1.65
3711,Kepler-276 b,2.87,731.209,14.12841,739.0,0.119,58.586,0.0,6105.0,1.046,73.0
3712,Kepler-276 c,2.9,16.6,31.884,563.0,0.18619,19.793,0.0,5693.0,1.03,0.89
3713,Kepler-276 d,2.8,16.3,48.648,489.0,0.24666,11.274,0.0,5693.0,1.03,0.76
3714,Kepler-277 b,2.92,87.3,17.324,964.0,0.14168,198.245,0.0,5946.0,1.69,9.2
3715,Kepler-277 c,3.36,64.2,33.006,778.0,0.21781,83.898,0.0,5946.0,1.69,7.8
3716,Kepler-278 b,3.955,56.0,30.1556,586.0,0.202,110.0,0.696,4965.0,2.861,5.0
3717,Kepler-278 c,3.268,34.9,51.111,492.0,0.287,54.3,0.616,4965.0,2.861,5.5
3718,Kepler-279 b,3.62,4180.93,12.309681,1104.0,0.112,249.021,0.0,6363.0,1.746,165.0
3719,Kepler-279 c,4.3,49.4,35.736,774.0,0.2236,60.157,0.0,6689.45,1.07,0.3
3720,Kepler-279 d,3.1,37.5,54.414,574.0,0.2901,35.739,0.0,6689.45,1.07,0.3
3721,Kepler-279 e,4.13,56.0,98.3531,552.0,0.439,21.96,0.0,6689.45,1.43,7.3
3722,Kepler-28 b,1.959,1.63,5.91,585.0,0.05687,62.577,0.0,4499.3,0.664,1.185427
3723,Kepler-28 c,1.857,2.06,8.99,509.0,0.07519,35.898,0.017,4499.3,0.664,1.764357
3724,Kepler-280 b,1.45,2.7,2.139542,1425.0,0.032,821.894,0.0,5744.0,0.886,4.87
3725,Kepler-280 c,2.01,4.7,4.807091,1088.0,0.056,279.085,0.0,5744.0,0.886,3.18
3726,Kepler-281 b,2.82,324.0,14.646008,694.0,0.117,118.246,0.0,5723.0,0.899,52.0
3727,Kepler-281 c,5.31,161.124,36.337373,513.0,0.215,35.203,0.0,5723.0,0.899,0.0051
3728,Kepler-281 d,5.93747806,654.0,148.2720032,321.0,0.5456,2.51,0.0,5717.0,0.884,12.3
3729,Kepler-282 b,1.01,1.01,9.220524,817.0,0.082,195.935,0.0,5602.0,0.904,5.39
3730,Kepler-282 c,1.2,1.87,13.638723,717.0,0.106,116.117,0.0,5602.0,0.904,5.95
3731,Kepler-282 d,2.46,61.0,24.806,588.0,0.15837,52.348,0.0,5656.0,0.89,22.5
3732,Kepler-282 e,3.1,56.2,44.347,484.0,0.23332,24.114,0.0,5656.0,0.89,10.4
3733,Kepler-283 b,2.13,5.18,11.008151,488.0,0.082,16.26,0.0,4351.0,0.566,2.95
3734,Kepler-283 c,1.82,3.97,92.743711,240.0,0.341,0.949,0.0,4351.0,0.566,3.62
3735,Kepler-284 b,2.24,5.65,12.699149,686.0,0.104,38.366,0.0,5615.0,0.814,2.76
3736,Kepler-284 c,2.61,7.32,37.514456,478.0,0.213,9.042,0.0,5615.0,0.814,2.26
3737,Kepler-285 b,1.34,2.36,2.633867,1131.0,0.036,428.407,0.0,5411.0,0.808,5.39
3738,Kepler-285 c,1.12,1.46,6.186676,851.0,0.064,137.068,0.0,5411.0,0.808,5.71
3739,Kepler-286 b,1.24,2.07,1.796302,1367.0,0.027,850.1,0.0,5580.0,0.863,5.97
3740,Kepler-286 c,1.37,2.45,3.468095,1098.0,0.042,353.0,0.0,5580.0,0.863,5.24
3741,Kepler-286 d,1.33,2.33,5.914323,919.0,0.061,173.9,0.0,5580.0,0.863,5.44
3742,Kepler-286 e,1.77,3.78,29.221289,539.0,0.176,20.6,0.0,5580.0,0.863,3.75
3743,Kepler-287 b,2.33,83.0,20.342199,667.0,0.145,35.75,0.0,5806.0,1.032,27.3
3744,Kepler-287 c,3.26,66.0,44.851896,513.0,0.246,12.457,0.0,5806.0,1.032,15.4
3745,Kepler-288 b,1.67,3.43,6.097326,1197.0,0.065,247.301,0.0,5918.0,1.091,4.05
3746,Kepler-288 c,2.85,8.5,19.305772,815.0,0.14,53.148,0.0,5918.0,1.091,2.02
3747,Kepler-288 d,2.67,7.61,56.633742,570.0,0.287,12.659,0.0,5918.0,1.091,2.2
3748,Kepler-289 b,2.49,3.7,34.5383,607.0,0.21183,27.371,0.0,5990.0,1.0,1.45
3749,Kepler-289 c,11.23,157.18,125.8723,394.0,0.50155,4.882,0.0,5990.0,1.0,0.66
3750,Kepler-289 d,3.03,5.33,66.0282,,0.33,,,5990.0,1.0,1.14
3751,Kepler-289 e,2.94,17.4,330.0716,286.0,0.9342,1.58,0.0,5990.0,0.985,2.92
3752,Kepler-29 b,2.55,5.0,10.33974,777.0,0.08482,55.9,0.0,5378.0,0.732,1.65
3753,Kepler-29 c,2.34,4.5,13.28613,715.0,0.10027,34.4,0.0,5378.0,0.732,1.91
3754,Kepler-290 b,2.25,5.69,14.589347,594.0,0.11,22.637,0.0,5147.0,0.743,2.74
3755,Kepler-290 c,2.7,7.75,36.77031,437.0,0.205,6.596,0.0,5147.0,0.743,2.16
3756,Kepler-290 d,0.86,0.566,0.764017553,1589.0,0.0154,1503.79,0.0,5142.0,0.755,4.89
3757,Kepler-291 b,2.16,5.31,3.546511,1212.0,0.047,627.374,0.0,6002.0,1.016,2.9
3758,Kepler-291 c,1.88,4.19,5.700786,1035.0,0.065,332.737,0.0,6002.0,1.016,3.47
3759,Kepler-292 b,1.32,2.3,2.580827,1130.0,0.035,394.301,0.0,5299.0,0.826,5.5
3760,Kepler-292 c,1.47,2.76,3.715335,1001.0,0.045,242.416,0.0,5299.0,0.826,4.77
3761,Kepler-292 d,2.23,5.6,7.055679,808.0,0.068,103.005,0.0,5299.0,0.826,2.77
3762,Kepler-292 e,2.67,7.61,11.97901,678.0,0.097,50.924,0.0,5299.0,0.826,2.2
3763,Kepler-292 f,2.35,6.12,20.834237,563.0,0.141,24.325,0.0,5299.0,0.826,2.59
3764,Kepler-293 b,3.07,9.64,19.254196,657.0,0.144,28.944,0.0,5804.0,0.957,1.83
3765,Kepler-293 c,3.83,14.0,54.155743,466.0,0.286,7.287,0.0,5804.0,0.957,1.37
3766,Kepler-294 b,1.77,3.78,3.701212,1087.0,0.048,329.801,0.0,5913.0,0.976,3.75
3767,Kepler-294 c,2.71,7.8,6.6264,895.0,0.071,151.491,0.0,5913.0,0.976,2.15
3768,Kepler-295 b,1.22,1.98,12.645164,741.0,0.099,287.5,0.0,5603.0,0.898,5.99
3769,Kepler-295 c,1.17,1.71,21.526258,621.0,0.142,141.4,0.0,5603.0,0.898,5.87
3770,Kepler-295 d,1.36,2.42,33.884054,533.0,0.192,104.962,0.0,5603.0,0.898,5.29
3771,Kepler-296 b,1.61,3.22,10.864384,495.0,0.079,6.5,0.33,3740.0,0.48,3.0
3772,Kepler-296 c,2.0,4.66,5.8416366,606.0,0.0521,14.8,0.33,3740.0,0.48,1.2
3773,Kepler-296 d,2.09,5.02,19.850291,403.0,0.118,2.9,0.33,3740.0,0.48,1.9
3774,Kepler-296 e,1.53,2.96,34.14211,337.0,0.169,1.41,0.33,3740.0,0.48,4.1
3775,Kepler-296 f,1.8,3.89,63.33627,274.0,0.255,0.62,0.33,3740.0,0.48,3.2
3776,Kepler-297 b,2.87,48.5,38.871826,509.0,0.217,16.464,0.0,5619.0,0.915,11.3
3777,Kepler-297 c,6.54,42.1,74.920137,409.0,0.336,6.86,0.0,5619.0,0.915,0.827
3778,Kepler-297 d,32.6,,150.0189511,325.0,0.523,2.62,0.0,5618.0,0.897,
3779,Kepler-298 b,1.96,4.5,10.475464,540.0,0.08,24.707,0.0,4465.0,0.582,3.28
3780,Kepler-298 c,1.93,4.38,22.92881,416.0,0.136,8.696,0.0,4465.0,0.582,3.35
3781,Kepler-298 d,2.5,6.8,77.473633,277.0,0.305,1.715,0.0,4465.0,0.582,2.39
3782,Kepler-299 b,1.32,2.3,2.927128,1258.0,0.04,622.067,0.0,5617.0,1.032,5.5
3783,Kepler-299 c,2.65,7.51,6.885875,946.0,0.07,198.554,0.0,5617.0,1.032,2.22
3784,Kepler-299 d,1.86,4.12,15.054786,729.0,0.118,69.96,0.0,5617.0,1.032,3.52
3785,Kepler-299 e,1.87,4.16,38.285489,534.0,0.22,20.174,0.0,5617.0,1.032,3.5
3786,Kepler-30 b,3.9,11.3,29.33434,524.0,0.18,16.379,0.042,5498.0,0.95,1.02
3787,Kepler-30 c,12.3,640.0,60.323105,411.0,0.3,6.217,0.0111,5498.0,0.95,1.88
3788,Kepler-30 d,8.8,23.1,143.34394,308.0,0.5,1.962,0.022,5498.0,0.95,0.19
3789,Kepler-300 b,1.67,3.43,10.446347,812.0,0.094,265.186,0.0,5986.0,0.9,4.05
3790,Kepler-300 c,2.25,5.69,40.714955,516.0,0.232,43.248,0.0,5986.0,0.9,2.74
3791,Kepler-301 b,1.35,2.39,2.508553,1278.0,0.036,665.437,0.0,5815.0,0.9,5.34
3792,Kepler-301 c,1.35,2.39,5.419026,989.0,0.06,238.481,0.0,5815.0,0.9,5.34
3793,Kepler-301 d,1.75,3.71,13.751243,725.0,0.112,68.931,0.0,5815.0,0.9,3.8
3794,Kepler-302 b,4.06,15.5,30.184104,634.0,0.193,31.247,0.0,5740.0,1.22,1.27
3795,Kepler-302 c,12.45,,127.282184,392.0,0.503,4.585,0.0,5740.0,1.22,
3796,Kepler-303 b,0.89,0.64,1.937055,802.0,0.024,145.436,0.0,3944.0,0.485,4.99
3797,Kepler-303 c,1.14,1.55,7.061149,521.0,0.057,25.851,0.0,3944.0,0.485,5.75
3798,Kepler-304 b,2.86,8.55,3.295709,875.0,0.039,139.146,0.0,4731.0,0.687,2.01
3799,Kepler-304 c,2.17,5.35,5.315946,746.0,0.054,73.598,0.0,4731.0,0.687,2.88
3800,Kepler-304 d,2.75,8.0,9.653471,611.0,0.08,33.16,0.0,4731.0,0.687,2.11
3801,Kepler-304 e,1.2,1.87,1.499146953,1137.0,0.02317,397.254,0.0,4817.0,0.73,5.95
3802,Kepler-305 b,3.6,10.5,5.487,836.0,0.05746,112.914,0.005,5080.0,0.8,1.24
3803,Kepler-305 c,3.3,6.0,8.291,728.0,0.07568,65.1,0.0,5080.0,0.8,0.917
3804,Kepler-305 d,2.76,6.2,16.74,576.0,0.12091,25.523,0.0,5090.0,0.792,1.63203
3805,Kepler-305 e,1.7938153,3.87,3.20538,1000.0,0.04017,220.4,0.0,4974.0,0.827279,3.68
3806,Kepler-306 b,1.52,2.92,4.646186,830.0,0.05,127.255,0.0,4954.0,0.719,4.57
3807,Kepler-306 c,2.35,6.12,7.240193,716.0,0.067,70.449,0.0,4954.0,0.719,2.59
3808,Kepler-306 d,2.47,6.66,17.326644,535.0,0.12,21.983,0.0,4954.0,0.719,2.43
3809,Kepler-306 e,2.27,5.77,44.840975,390.0,0.227,6.185,0.0,4954.0,0.719,2.71
3810,Kepler-307 b,2.43,7.44,10.4208,797.0,0.09359,59.7,0.0,5367.0,0.814,2.62
3811,Kepler-307 c,2.2,3.64,13.0729,739.0,0.10896,44.0,0.0,5367.0,0.814,1.74
3812,Kepler-308 b,2.12,5.14,9.694928,833.0,0.09,108.64,0.0,5895.0,0.941,2.96
3813,Kepler-308 c,2.16,5.31,15.38231,714.0,0.123,58.679,0.0,5895.0,0.941,2.9
3814,Kepler-309 b,1.56,3.05,5.923653,531.0,0.059,99.493,0.0,4713.0,0.721,4.41
3815,Kepler-309 c,2.51,6.85,105.356383,204.0,0.401,2.142,0.0,4713.0,0.721,2.38
3816,Kepler-31 b,5.5,36.7418,20.8613,781.0,0.16,91.474,0.0,6340.0,1.22,0.78
3817,Kepler-31 c,5.3,1493.7,42.6318,615.0,0.26,35.254,0.0,6340.0,1.22,0.73
3818,Kepler-31 d,3.9,2161.244,87.6451,484.0,0.4,11.8,0.0,6340.0,1.22,0.077
3819,Kepler-310 b,1.19,1.81,13.930698,665.0,0.111,45.97,0.0,5797.0,0.876,5.9
3820,Kepler-310 c,3.38,11.4,56.47542,417.0,0.281,7.109,0.0,5797.0,0.876,1.62
3821,Kepler-310 d,2.47,7.0,92.876125,353.0,0.392,3.664,0.0,5797.0,0.876,3.3
3822,Kepler-311 b,1.7,3.53,9.176092,960.0,0.087,201.362,0.0,5905.0,1.188,3.95
3823,Kepler-311 c,1.43,2.63,19.738286,744.0,0.145,72.456,0.0,5905.0,1.188,4.94
3824,Kepler-311 d,2.05,4.86,232.040326,327.0,0.7326,2.71,0.0,5903.0,1.156,3.1
3825,Kepler-312 b,1.29,2.21,1.772419,1685.0,0.031,4124.022,0.0,6115.0,1.467,5.66
3826,Kepler-312 c,3.15,10.1,19.747412,754.0,0.153,165.824,0.0,6115.0,1.467,1.78
3827,Kepler-313 b,2.53,6.94,14.970418,883.0,0.125,142.4,0.0,5727.0,1.536,2.35
3828,Kepler-313 c,2.57,7.13,32.273273,683.0,0.208,51.1,0.0,5727.0,1.536,2.31
3829,Kepler-314 b,0.83,0.498,2.461069,1195.0,0.035,488.674,0.0,5378.0,0.95,4.79
3830,Kepler-314 c,2.9,8.75,5.960392,890.0,0.064,149.977,0.0,5378.0,0.95,1.97
3831,Kepler-315 b,3.77,13.7,96.101141,409.0,0.402,6.674,0.0,5796.0,1.037,1.4
3832,Kepler-315 c,4.15,16.1,265.469335,291.0,0.791,1.722,0.0,5796.0,1.037,1.24
3833,Kepler-316 b,1.06,1.2,2.240508,837.0,0.027,164.776,0.0,4204.0,0.52,5.54
3834,Kepler-316 c,1.16,1.65,6.827766,577.0,0.058,37.377,0.0,4204.0,0.52,5.81
3835,Kepler-317 b,2.09,109.8,5.524242,976.0,0.061,151.652,0.0,5497.0,0.941,66.1
3836,Kepler-317 c,1.72,3.61,8.77501,837.0,0.083,81.761,0.0,5497.0,0.941,3.9
3837,Kepler-318 b,4.71,19.9,4.662715,1039.0,0.056,333.149,0.0,5746.0,1.189,1.05
3838,Kepler-318 c,3.68,13.1,11.815007,762.0,0.105,96.513,0.0,5746.0,1.189,1.44
3839,Kepler-319 b,1.63,3.29,4.362705,1023.0,0.051,253.665,0.0,5526.0,0.903,4.17
3840,Kepler-319 c,2.63,7.41,6.941357,876.0,0.069,136.343,0.0,5526.0,0.903,2.24
3841,Kepler-319 d,2.29,5.86,31.781925,528.0,0.191,17.962,0.0,5526.0,0.903,2.68
3842,Kepler-32 b,2.2,1303.0,5.90124,514.0,0.05,22.025,0.0,3900.0,0.53,0.46
3843,Kepler-32 c,2.0,158.9,8.7522,451.0,0.09,10.68,0.0,3900.0,0.53,0.33
3844,Kepler-32 d,2.7,39.9089,22.7802,328.0,0.13,3.631,0.0,3900.0,0.53,0.52
3845,Kepler-32 e,1.5,4.08181,2.896,652.0,0.033,56.649,0.0,3900.0,0.53,0.091
3846,Kepler-32 f,0.82,969.228,0.74296,1026.0,0.013,349.645,0.0,3900.0,0.53,1.5
3847,Kepler-320 b,1.14,1.55,8.371554,1292.0,0.085,280.559,0.0,6435.0,1.108,5.75
3848,Kepler-320 c,1.37,2.45,17.934937,1002.0,0.142,101.619,0.0,6435.0,1.108,5.24
3849,Kepler-321 b,1.77,3.78,4.915379,1042.0,0.057,296.155,0.0,5740.0,1.194,3.75
3850,Kepler-321 c,2.32,5.99,13.093921,752.0,0.11,80.103,0.0,5740.0,1.194,2.64
3851,Kepler-322 b,1.01,1.01,1.653888,1373.0,0.027,735.179,0.0,5388.0,0.89,5.39
3852,Kepler-322 c,1.67,3.43,4.337234,996.0,0.051,203.406,0.0,5388.0,0.89,4.05
3853,Kepler-323 b,1.381,3.9,1.678328,1838.0,0.02778,1900.0,0.095,6004.0,1.12,8.2
3854,Kepler-323 c,1.57,6.8,3.5538229,1431.0,0.0458,700.0,0.095,6004.0,1.12,9.6
3855,Kepler-324 b,1.14,2414.4,4.385315,935.0,0.05,194.34,0.0,5194.0,0.84,3.0
3856,Kepler-324 c,3.15,6.2,51.805612,410.0,0.26,7.233,0.0,5194.0,0.84,1.73
3857,Kepler-324 e,2.03862444,235.014,13.97939968,635.0,0.10972,38.9,0.0,5191.0,0.826,0.16
3858,Kepler-325 b,2.91,8.8,4.544439,1017.0,0.053,210.554,0.0,5752.0,1.003,1.96
3859,Kepler-325 c,2.54,6.99,12.762172,721.0,0.105,53.044,0.0,5752.0,1.003,2.34
3860,Kepler-325 d,2.79,8.2,38.715185,498.0,0.22,12.083,0.0,5752.0,1.003,2.07
3861,Kepler-326 b,1.52,44.6,2.248329,1127.0,0.032,783.449,0.0,5105.0,0.801,69.8
3862,Kepler-326 c,1.4,17.4,4.580358,889.0,0.051,303.62,0.0,5105.0,0.801,34.8
3863,Kepler-326 d,1.21,6.9,6.766888,781.0,0.066,180.644,0.0,5105.0,0.801,21.4
3864,Kepler-327 b,1.11,1.41,2.549575,682.0,0.029,73.056,0.0,3799.0,0.492,5.67
3865,Kepler-327 c,1.03,20.3,5.212333,537.0,0.047,28.272,0.0,3799.0,0.492,102.0
3866,Kepler-327 d,1.73,3.64,13.969457,387.0,0.09,7.59,0.0,3799.0,0.492,3.86
3867,Kepler-328 b,2.3,28.5,34.921,602.0,0.2199,57.079,0.0,6064.0,1.06,7.8
3868,Kepler-328 c,5.4,39.4,71.312,475.0,0.354,22.025,0.0,6064.0,1.06,0.6
3869,Kepler-329 b,1.4,2.54,7.416397,547.0,0.061,40.689,0.0,4257.0,0.523,5.09
3870,Kepler-329 c,1.93,4.38,18.684737,402.0,0.113,11.869,0.0,4257.0,0.523,3.35
3871,Kepler-33 b,1.74,3.68,5.66793,1336.0,0.0677,744.011,0.0,5904.0,1.82,3.84
3872,Kepler-33 c,3.2,0.39,13.17562,1009.0,0.1189,241.759,0.0,5904.0,1.82,0.13
3873,Kepler-33 d,5.35,3.91,21.77596,853.0,0.1662,123.691,0.0,5904.0,1.82,0.25
3874,Kepler-33 e,4.02,5.57,31.7844,752.0,0.2138,74.72,0.0,5904.0,1.82,0.8
3875,Kepler-33 f,4.46,9.6,41.02902,691.0,0.2535,53.183,0.0,5904.0,1.82,0.9
3876,Kepler-330 b,1.35,2.39,8.25978,714.0,0.075,66.578,0.0,5117.0,0.722,5.34
3877,Kepler-330 c,1.95,4.46,15.955387,573.0,0.116,27.676,0.0,5117.0,0.722,3.31
3878,Kepler-331 b,1.82,3.97,8.457496,540.0,0.065,35.984,0.0,4347.0,0.492,3.62
3879,Kepler-331 c,1.84,4.04,17.28111,425.0,0.105,13.888,0.0,4347.0,0.492,3.56
3880,Kepler-331 d,1.64,3.33,32.134328,346.0,0.159,6.065,0.0,4347.0,0.492,4.15
3881,Kepler-332 b,1.17,1.71,7.626324,703.0,0.07,53.712,0.0,4955.0,0.72,5.87
3882,Kepler-332 c,1.09,1.32,15.995622,550.0,0.114,19.986,0.0,4955.0,0.72,5.6
3883,Kepler-332 d,1.18,1.76,34.21154,427.0,0.189,7.253,0.0,4955.0,0.72,5.89
3884,Kepler-333 b,1.32,28.2,12.551158,480.0,0.087,16.819,0.0,4259.0,0.534,67.4
3885,Kepler-333 c,1.11,1.41,24.08821,386.0,0.135,7.049,0.0,4259.0,0.534,5.67
3886,Kepler-334 b,1.12,1.46,5.470319,1090.0,0.061,300.982,0.0,5828.0,1.068,5.71
3887,Kepler-334 c,1.43,2.63,12.758005,822.0,0.107,97.21,0.0,5828.0,1.068,4.94
3888,Kepler-334 d,1.41,2.57,25.09849,656.0,0.168,39.475,0.0,5828.0,1.068,5.04
3889,Kepler-335 b,3.39,11.4,6.562331,1290.0,0.075,721.124,0.0,5877.0,1.854,1.61
3890,Kepler-335 c,3.07,9.64,67.844469,592.0,0.356,32.035,0.0,5877.0,1.854,1.83
3891,Kepler-336 b,1.02,1.04,2.024823,1625.0,0.033,1652.5,0.0,5867.0,1.304,5.39
3892,Kepler-336 c,2.1,5.06,9.600001,967.0,0.092,206.91,0.0,5867.0,1.304,3.0
3893,Kepler-336 d,2.37,6.21,20.678772,749.0,0.154,74.36,0.0,5867.0,1.304,2.56
3894,Kepler-337 b,1.54,2.99,3.292781,1458.0,0.045,1589.012,0.0,5684.0,1.761,4.5
3895,Kepler-337 c,2.05,4.86,9.693201,1017.0,0.093,376.21,0.0,5684.0,1.761,3.1
3896,Kepler-338 b,2.44,30.6,13.726976,1005.0,0.117,256.606,0.04,5923.0,1.735,11.6
3897,Kepler-338 c,2.34,6.08,24.310856,831.0,0.172,119.648,0.03,5923.0,1.735,2.61
3898,Kepler-338 d,3.0,9.27,44.431014,680.0,0.257,53.556,0.03,5923.0,1.735,1.89
3899,Kepler-338 e,1.56,8.5,9.341,1143.0,0.08979,428.524,0.05,5999.0,1.735,12.3
3900,Kepler-339 b,1.42,2.6,4.977656,1023.0,0.055,159.945,0.0,5631.0,0.802,4.99
3901,Kepler-339 c,1.15,7.3,6.988055,914.0,0.069,101.841,0.0,5631.0,0.802,26.4
3902,Kepler-339 d,1.17,14.7,10.558345,796.0,0.091,58.651,0.0,5631.0,0.802,50.4
3903,Kepler-34 b,8.564,69.92,288.822,,1.0896,,0.182,5913.0,1.1618,0.613
3904,Kepler-340 b,2.53,6.94,14.844387,1092.0,0.134,274.318,0.0,6620.0,1.85,2.35
3905,Kepler-340 c,3.37,11.3,22.824669,946.0,0.178,154.653,0.0,6620.0,1.85,1.62
3906,Kepler-341 b,1.18,1.76,5.195528,1085.0,0.06,422.097,0.0,6012.0,1.024,5.89
3907,Kepler-341 c,1.7,3.53,8.01041,940.0,0.08,237.43,0.0,6012.0,1.024,3.95
3908,Kepler-341 d,1.85,4.08,27.666313,622.0,0.182,45.423,0.0,6012.0,1.024,3.54
3909,Kepler-341 e,1.99,4.62,42.473269,539.0,0.242,25.667,0.0,6012.0,1.024,3.22
3910,Kepler-342 b,2.25,5.69,15.170318,905.0,0.128,160.261,0.0,6175.0,1.472,2.74
3911,Kepler-342 c,1.96,4.5,26.234138,754.0,0.185,77.29,0.0,6175.0,1.472,3.28
3912,Kepler-342 d,2.49,6.76,39.459357,658.0,0.242,44.828,0.0,6175.0,1.472,2.41
3913,Kepler-342 e,0.88,0.615,1.644224613,1897.0,0.02909,3111.322,0.0,6366.0,1.34,4.96
3914,Kepler-343 b,2.41,6.39,8.96855,1024.0,0.088,206.072,0.0,5807.0,1.433,2.51
3915,Kepler-343 c,2.02,4.74,23.22182,746.0,0.167,57.932,0.0,5807.0,1.433,3.16
3916,Kepler-344 b,2.61,7.32,21.963945,643.0,0.153,27.327,0.0,5774.0,0.976,2.26
3917,Kepler-344 c,2.95,9.01,125.596809,360.0,0.488,2.673,0.0,5774.0,0.976,1.93
3918,Kepler-345 b,0.74,0.48,7.415563,622.0,0.066,35.37,0.0,4504.0,0.623,4.8
3919,Kepler-345 c,1.2,2.2,9.387427,575.0,0.077,25.83,0.0,4504.0,0.623,1.22
3920,Kepler-346 b,2.66,7.56,6.511127,1008.0,0.071,134.357,0.0,6033.0,1.021,2.21
3921,Kepler-346 c,3.07,9.64,23.851549,654.0,0.168,23.812,0.0,6033.0,1.021,1.83
3922,Kepler-347 b,1.97,4.54,12.79836,908.0,0.11,180.549,0.0,6088.0,1.005,3.26
3923,Kepler-347 c,1.75,3.71,27.320871,705.0,0.183,65.707,0.0,6088.0,1.005,3.8
3924,Kepler-347 d,3.04,9.48,85.517344,482.0,0.3802,12.75,0.0,5592.0,1.451,1.85
3925,Kepler-348 b,1.52,2.92,7.05677,1196.0,0.076,438.942,0.0,6177.0,1.359,4.57
3926,Kepler-348 c,1.33,2.33,17.265427,888.0,0.138,133.259,0.0,6177.0,1.359,5.44
3927,Kepler-349 b,1.9,94.5,5.929778,972.0,0.065,248.274,0.0,5956.0,0.927,75.7
3928,Kepler-349 c,1.96,4.5,12.247629,763.0,0.105,94.491,0.0,5956.0,0.927,3.28
3929,Kepler-35 b,8.16,40.363,131.458,,0.60347,,0.042,5606.0,1.0284,0.41
3930,Kepler-350 b,1.85,16.9,11.189562,1037.0,0.104,257.721,0.0,6186.0,1.534,4.9
3931,Kepler-350 c,3.1,6.1,17.849,888.0,0.1385,138.415,0.0,6492.3,1.25,0.35
3932,Kepler-350 d,2.8,14.9,26.136,782.0,0.1786,83.237,0.0,6492.3,1.25,2.69
3933,Kepler-351 b,3.06,4.8,37.054919,498.0,0.214,11.983,0.0,5643.0,0.854,0.921
3934,Kepler-351 c,3.19,11.1,57.24809,431.0,0.287,6.712,0.0,5643.0,0.854,1.88
3935,Kepler-351 d,2.72,7.85,142.544247,318.0,0.5177,1.989,0.0,5225.0,0.78,2.14
3936,Kepler-352 b,0.86,0.566,10.05537,694.0,0.085,50.389,0.0,5212.0,0.781,4.89
3937,Kepler-352 c,1.24,2.07,16.332995,591.0,0.118,26.373,0.0,5212.0,0.781,5.97
3938,Kepler-352 d,0.80628032,0.449,6.887279987,788.0,0.06574,81.3,0.0,5208.0,0.772,4.71
3939,Kepler-353 b,0.89,0.64,5.795278,534.0,0.051,27.189,0.0,3903.0,0.504,4.99
3940,Kepler-353 c,1.38,2.48,8.410894,472.0,0.065,16.561,0.0,3903.0,0.504,5.19
3941,Kepler-354 b,1.84,4.04,5.47666,741.0,0.054,64.845,0.0,4648.0,0.674,3.56
3942,Kepler-354 c,1.31,2.27,16.934402,508.0,0.115,14.404,0.0,4648.0,0.674,5.55
3943,Kepler-354 d,1.24,2.07,24.209842,451.0,0.146,8.949,0.0,4648.0,0.674,5.97
3944,Kepler-355 b,1.46,2.73,11.03189,840.0,0.102,154.803,0.0,6184.0,1.066,4.82
3945,Kepler-355 c,2.71,7.8,25.762294,633.0,0.179,49.973,0.0,6184.0,1.066,2.15
3946,Kepler-356 b,1.57,3.09,4.612696,1294.0,0.057,844.979,0.0,6133.0,1.335,4.39
3947,Kepler-356 c,1.81,3.93,13.121632,913.0,0.115,209.368,0.0,6133.0,1.335,3.64
3948,Kepler-357 b,1.84,4.04,6.475434,793.0,0.063,69.57,0.0,5036.0,0.834,3.56
3949,Kepler-357 c,2.67,7.61,16.85837,576.0,0.12,19.404,0.0,5036.0,0.834,2.2
3950,Kepler-357 d,3.43,11.6,49.499875,402.0,0.246,4.619,0.0,5036.0,0.834,1.58
3951,Kepler-358 b,2.72,7.85,34.060467,554.0,0.21,21.805,0.0,5908.0,0.954,2.14
3952,Kepler-358 c,2.85,8.5,83.488369,411.0,0.381,6.599,0.0,5908.0,0.954,2.02
3953,Kepler-359 b,3.53,12.2,25.563222,671.0,0.178,23.9,0.0,6248.0,1.086,1.52
3954,Kepler-359 c,4.3,2.9,57.68802,512.0,0.307,8.1,0.0,6248.0,1.086,0.1
3955,Kepler-359 d,4.01,2.7,77.095691,464.0,0.372,5.5,0.0,6248.0,1.086,0.1
3956,Kepler-36 b,1.498,3.83,13.86825,978.0,0.11419,247.0,0.0,5979.0,1.634,6.26
3957,Kepler-36 c,3.679,7.13,16.21865,928.0,0.12692,191.0,0.0,5979.0,1.634,0.787
3958,Kepler-360 b,1.65,3.36,3.289672,1116.0,0.044,415.434,0.0,6053.0,1.058,4.11
3959,Kepler-360 c,2.1,5.06,7.186434,860.0,0.075,146.5,0.0,6053.0,1.058,3.0
3960,Kepler-361 b,1.45,2.7,8.486616,1060.0,0.086,411.905,0.0,6169.0,1.343,4.87
3961,Kepler-361 c,2.52,6.9,55.188023,568.0,0.3,33.948,0.0,6169.0,1.343,2.37
3962,Kepler-362 b,0.88,0.615,10.327186,838.0,0.087,207.336,0.0,5788.0,0.722,4.96
3963,Kepler-362 c,1.45,2.7,37.866281,543.0,0.207,36.667,0.0,5788.0,0.722,4.87
3964,Kepler-363 b,1.16,1.65,3.614568,1347.0,0.048,1000.243,0.0,5593.0,1.485,5.81
3965,Kepler-363 c,1.69,66.4,7.542427,1054.0,0.079,376.29,0.0,5593.0,1.485,75.6
3966,Kepler-363 d,2.05,4.86,11.932125,905.0,0.107,203.761,0.0,5593.0,1.485,3.1
3967,Kepler-364 b,1.55,3.02,25.745718,753.0,0.178,68.71,0.0,6108.0,1.284,4.46
3968,Kepler-364 c,2.15,5.27,59.980627,568.0,0.312,22.234,0.0,6108.0,1.284,2.91
3969,Kepler-365 b,2.04,4.82,10.664903,865.0,0.098,132.15,0.0,6012.0,1.048,3.12
3970,Kepler-365 c,1.64,3.33,17.784129,729.0,0.137,66.87,0.0,6012.0,1.048,4.15
3971,Kepler-366 b,1.46,2.73,3.281959,1326.0,0.045,1873.311,0.0,6209.0,1.048,4.82
3972,Kepler-366 c,1.79,3.86,12.51616,848.0,0.11,286.6,0.0,6209.0,1.048,3.7
3973,Kepler-367 b,1.3,2.24,37.815724,401.0,0.201,5.985,0.0,4710.0,0.695,5.6
3974,Kepler-367 c,1.2,1.87,53.578637,357.0,0.253,3.761,0.0,4710.0,0.695,5.95
3975,Kepler-368 b,3.26,10.7,26.84768,800.0,0.186,107.58,0.0,5502.0,2.019,1.7
3976,Kepler-368 c,3.88,14.3,72.379334,575.0,0.36,28.681,0.0,5502.0,2.019,1.35
3977,Kepler-369 b,1.13,1.51,2.732756,687.0,0.03,40.295,0.0,3591.0,0.471,5.75
3978,Kepler-369 c,1.41,2.57,14.871572,391.0,0.094,4.21,0.0,3591.0,0.471,5.04
3979,Kepler-37 b,0.3098,0.79,13.36702,718.0,0.1019,44.5,0.098,5357.0,0.789,140.0
3980,Kepler-37 c,0.755,1.3,21.301848,615.0,0.139,23.9,0.099,5357.0,0.789,15.0
3981,Kepler-37 d,2.03,2.0,39.7922622,499.0,0.2109,10.39,0.1,5357.0,0.789,1.3
3982,Kepler-37 e,0.37,8.1,51.196,401.0,0.25,,0.0,5288.0,0.772,879.0
3983,Kepler-370 b,1.59,3.15,4.57953,1040.0,0.054,361.514,0.0,5852.0,0.9,4.31
3984,Kepler-370 c,1.91,4.31,19.02293,647.0,0.14,54.197,0.0,5852.0,0.9,3.4
3985,Kepler-371 b,1.89,4.23,34.763278,554.0,0.2,41.737,0.0,5666.0,0.992,3.44
3986,Kepler-371 c,1.78,3.82,67.968015,443.0,0.313,17.063,0.0,5666.0,0.992,3.72
3987,Kepler-372 b,1.36,2.42,6.849692,1081.0,0.075,384.627,0.0,6509.0,1.137,5.29
3988,Kepler-372 c,2.09,5.02,20.053763,755.0,0.154,91.881,0.0,6509.0,1.137,3.02
3989,Kepler-372 d,1.69,3.5,30.092568,660.0,0.201,53.471,0.0,6509.0,1.137,3.98
3990,Kepler-373 b,1.36,2.42,5.535309,1054.0,0.06,453.872,0.0,5787.0,0.845,5.29
3991,Kepler-373 c,1.24,2.07,16.725948,729.0,0.126,103.756,0.0,5787.0,0.845,5.97
3992,Kepler-374 b,1.03,1.08,1.897806,1761.0,0.029,2014.661,0.0,5977.0,0.911,5.43
3993,Kepler-374 c,1.1,1.37,3.282807,1467.0,0.042,966.591,0.0,5977.0,0.911,5.66
3994,Kepler-374 d,1.31,2.27,5.028219,1272.0,0.056,548.099,0.0,5977.0,0.911,5.55
3995,Kepler-375 b,1.45,2.7,12.125934,851.0,0.101,64.444,0.0,5826.0,0.837,4.87
3996,Kepler-375 c,2.65,7.51,19.986326,720.0,0.141,33.152,0.0,5826.0,0.837,2.22
3997,Kepler-376 b,1.07,1.24,4.920199,1242.0,0.057,689.912,0.0,5900.0,1.175,5.56
3998,Kepler-376 c,1.79,3.86,14.172327,873.0,0.115,168.29,0.0,5900.0,1.175,3.7
3999,Kepler-377 b,1.39,2.51,12.509529,875.0,0.109,139.112,0.0,5949.0,1.224,5.14
4000,Kepler-377 c,2.06,4.9,27.014976,677.0,0.182,49.855,0.0,5949.0,1.224,3.08
4001,Kepler-378 b,0.75,0.347,16.092361,503.0,0.112,17.819,0.0,4661.0,0.671,4.52
4002,Kepler-378 c,0.7,0.271,28.906009,414.0,0.166,8.166,0.0,4661.0,0.671,4.34
4003,Kepler-379 b,1.66,3.39,20.09838,775.0,0.152,90.346,0.0,6054.0,1.306,4.07
4004,Kepler-379 c,2.29,5.86,62.784697,530.0,0.326,19.793,0.0,6054.0,1.306,2.68
4005,Kepler-38 b,4.3,122.0,105.599,475.0,0.4632,,0.032,5623.0,1.752,
4006,Kepler-380 b,1.19,1.81,3.930821,1317.0,0.05,808.093,0.0,6045.0,1.224,5.9
4007,Kepler-380 c,1.27,2.15,7.630004,1056.0,0.078,333.565,0.0,6045.0,1.224,5.77
4008,Kepler-381 b,0.99,0.937,5.629021,1576.0,0.066,716.085,0.0,6152.0,1.568,5.31
4009,Kepler-381 c,1.12,1.46,13.391635,1180.0,0.117,225.331,0.0,6152.0,1.568,5.71
4010,Kepler-381 d,1.0667865,1.23,8.256299973,1387.0,0.08364,436.7,0.0,6197.0,2.188,5.57
4011,Kepler-382 b,1.32,2.3,5.262155,1166.0,0.055,381.465,0.0,5600.0,0.945,5.5
4012,Kepler-382 c,1.59,3.15,12.162701,882.0,0.097,124.743,0.0,5600.0,0.945,4.31
4013,Kepler-383 b,1.32,2.3,12.904532,545.0,0.095,20.91,0.0,4710.0,0.672,5.5
4014,Kepler-383 c,1.24,2.07,31.200751,406.0,0.172,6.44,0.0,4710.0,0.672,5.97
4015,Kepler-384 b,1.12,1.46,22.597053,670.0,0.148,101.549,0.0,5577.0,0.882,5.71
4016,Kepler-384 c,1.13,1.51,45.348269,531.0,0.236,40.099,0.0,5577.0,0.882,5.75
4017,Kepler-385 b,2.73,12.8,10.043686,951.0,0.097,143.919,0.0,6326.0,1.126,3.46
4018,Kepler-385 c,3.04,13.2,15.163161,829.0,0.127,83.155,0.0,6326.0,1.126,2.58
4019,Kepler-385 d,2.6186448,7.36,56.4159,535.0,0.2872,15.0,0.0,5829.0,1.157,2.25
4020,Kepler-386 b,1.39,2.51,12.31043,651.0,0.096,43.262,0.0,5178.0,0.767,5.14
4021,Kepler-386 c,1.58,3.12,25.193458,513.0,0.155,16.657,0.0,5178.0,0.767,4.35
4022,Kepler-387 b,1.03,1.08,6.791636,994.0,0.068,304.081,0.0,5774.0,1.046,5.43
4023,Kepler-387 c,0.89,0.64,11.837549,826.0,0.098,144.963,0.0,5774.0,1.046,4.99
4024,Kepler-388 b,0.81,0.457,3.173315,830.0,0.036,112.21,0.0,4498.0,0.586,4.73
4025,Kepler-388 c,0.86,0.566,13.297004,515.0,0.093,16.64,0.0,4498.0,0.586,4.89
4026,Kepler-389 b,1.51,2.89,3.244107,1047.0,0.041,167.058,0.0,5376.0,0.792,4.61
4027,Kepler-389 c,1.46,2.73,14.51143,636.0,0.11,22.735,0.0,5376.0,0.792,4.82
4028,Kepler-39 b,13.9,6388.1,21.08721,897.0,0.164,90.22,0.112,6350.0,1.4,13.0
4029,Kepler-390 b,0.82,0.477,6.738088,786.0,0.065,99.972,0.0,5166.0,0.776,4.75
4030,Kepler-390 c,0.79,0.418,13.060022,630.0,0.101,41.351,0.0,5166.0,0.776,4.66
4031,Kepler-391 b,2.5,1100.0,7.4175,930.0,0.083,690.0,0.46,5038.0,2.879,380.0
4032,Kepler-391 c,2.88,450.0,20.501,662.0,0.164,179.0,0.27,5038.0,2.879,400.0
4033,Kepler-392 b,1.0,0.972,5.341853,1125.0,0.059,450.654,0.0,5938.0,1.129,5.34
4034,Kepler-392 c,1.1,1.37,10.423118,901.0,0.093,185.098,0.0,5938.0,1.129,5.66
4035,Kepler-393 b,1.29,2.21,9.182417,1052.0,0.091,429.813,0.0,6189.0,1.382,5.66
4036,Kepler-393 c,1.33,2.33,14.613612,901.0,0.124,231.213,0.0,6189.0,1.382,5.44
4037,Kepler-394 b,1.6,3.19,8.005013,1035.0,0.083,164.78,0.0,6402.0,1.132,4.28
4038,Kepler-394 c,1.66,3.39,12.130686,901.0,0.11,94.528,0.0,6402.0,1.132,4.07
4039,Kepler-394 d,1.50066814,2.86,5.613580227,1165.0,0.05904,302.0,0.0,6398.0,1.101,4.65
4040,Kepler-395 b,1.03,1.08,7.054346,576.0,0.061,17.8,0.0,4262.0,0.556,5.43
4041,Kepler-395 c,1.32,2.3,34.989262,341.0,0.177,2.11,0.0,4262.0,0.556,5.5
4042,Kepler-396 b,3.5,75.5,42.994,496.0,0.24067,13.731,0.0,5656.0,1.06,9.68
4043,Kepler-396 c,5.3,17.9,88.505,390.0,0.38946,5.244,0.0,5656.0,1.06,0.661
4044,Kepler-397 b,2.46,6.62,22.250949,539.0,0.144,20.01,0.0,5307.0,0.767,2.44
4045,Kepler-397 c,6.18,31.6,135.498527,295.0,0.48,1.8,0.0,5307.0,0.767,0.736
4046,Kepler-398 b,0.93,0.749,4.081423,755.0,0.044,81.287,0.0,4493.0,0.613,5.12
4047,Kepler-398 c,1.01,1.01,11.419412,536.0,0.087,20.556,0.0,4493.0,0.613,5.39
4048,Kepler-398 d,0.88,0.615,6.83437001,636.0,0.0618,40.831,0.0,4557.0,0.67,4.96
4049,Kepler-399 b,0.96,0.84,14.425281,773.0,0.103,35.63,0.0,5502.0,0.68,5.22
4050,Kepler-399 c,1.43,2.63,26.67569,630.0,0.155,15.69,0.0,5502.0,0.68,4.94
4051,Kepler-399 d,1.89,4.23,58.034616,486.0,0.261,5.57,0.0,5502.0,0.68,3.44
4052,Kepler-4 b,4.002,24.472,3.21346,1650.0,0.0456,1245.431,0.0,5857.0,1.487,1.91
4053,Kepler-40 b,13.11,699.2,6.87349,1620.0,0.08,1187.965,0.0,6510.0,2.13,1.68
4054,Kepler-400 b,1.65,3.36,9.024389,939.0,0.087,183.39,0.0,5886.0,1.145,4.11
4055,Kepler-400 c,1.49,2.83,17.340824,755.0,0.134,76.86,0.0,5886.0,1.145,4.7
4056,Kepler-401 b,1.71,3.57,14.383035,889.0,0.122,254.25,0.0,6117.0,1.333,3.92
4057,Kepler-401 c,2.15,5.27,47.318218,598.0,0.269,51.996,0.0,6117.0,1.333,2.91
4058,Kepler-401 d,2.27,5.77,184.256405,380.0,0.66886,8.485,0.0,6184.0,1.29,2.71
4059,Kepler-402 b,1.22,1.98,4.028751,1311.0,0.051,619.844,0.0,6090.0,1.264,5.99
4060,Kepler-402 c,1.56,3.05,6.124821,1140.0,0.068,353.973,0.0,6090.0,1.264,4.41
4061,Kepler-402 d,1.38,2.48,8.921099,1006.0,0.087,214.277,0.0,6090.0,1.264,5.19
4062,Kepler-402 e,1.46,2.73,11.242861,931.0,0.102,157.481,0.0,6090.0,1.264,4.82
4063,Kepler-403 b,1.25,2.1,7.031462,1194.0,0.076,689.457,0.0,6090.0,1.329,5.91
4064,Kepler-403 c,1.75,3.71,54.280749,604.0,0.297,45.154,0.0,6090.0,1.329,3.8
4065,Kepler-403 d,1.42,2.6,13.61159129,958.0,0.12178,285.295,0.0,6209.0,1.45,4.99
4066,Kepler-404 b,1.27,2.15,11.829851,730.0,0.102,44.534,0.0,5654.0,0.884,5.77
4067,Kepler-404 c,1.72,3.61,14.751166,678.0,0.118,33.153,0.0,5654.0,0.884,3.9
4068,Kepler-405 b,2.08,4.98,10.613839,785.0,0.095,55.623,0.0,5818.0,0.893,3.04
4069,Kepler-405 c,4.66,19.6,29.726682,557.0,0.188,14.086,0.0,5818.0,0.893,1.06
4070,Kepler-406 b,1.43,6.35,2.42629,1302.0,0.03599,826.933,0.0,5538.0,1.07,11.82
4071,Kepler-406 c,0.85,2.71,4.62332,1050.0,0.05531,349.769,0.0,5538.0,1.07,24.39
4072,Kepler-407 b,1.19,1.93,0.6693124,1983.0,0.01531,4102.008,0.0,5487.0,1.04,5.876579
4073,Kepler-407 c,12.3,4000.0,3000.0,,3.27090369,,0.221479,5476.0,1.01,11.8
4074,Kepler-408 b,0.82,5.0,2.46502,1561.0,0.03592,1503.581,0.0,6104.0,1.23,
4075,Kepler-409 b,1.199,6.0,68.9583216,438.0,0.3192,6.15,0.69,5421.0,0.897,19.0
4076,Kepler-41 b,14.46,177.98,1.8555582,1790.0,0.03101,2036.749,0.0,5750.0,1.29,0.33
4077,Kepler-410 A b,2.838,8.44,17.833648,866.0,0.1226,159.5,0.17,6273.0,1.352,2.03
4078,Kepler-411 b,2.401,25.6,3.005156,1138.0,0.0375,201.3,0.146,4974.0,0.82,10.3
4079,Kepler-411 c,4.421,26.4,7.834435,838.0,0.0739,56.0,0.108,4974.0,0.82,1.7
4080,Kepler-411 d,3.319,15.2,58.02035,410.0,0.279,3.9,0.128,4974.0,0.82,2.3
4081,Kepler-411 e,3.28,10.8,31.509728,503.0,0.186,,0.016,4974.0,0.82,1.68
4082,Kepler-412 b,15.031269,299.07803,1.7208604,1850.0,0.02897,2144.307,0.0038,5750.0,1.287,0.52
4083,Kepler-413 b,4.347,67.0,66.262,,0.3553,,0.1181,4700.0,0.7761,3.2
4084,Kepler-414 b,1.71,3.5,4.7,1024.0,0.0543,241.171,0.0,5536.0,0.946,3.85
4085,Kepler-414 c,3.01,29.9,7.171,890.0,0.07195,137.086,0.0,5536.0,0.946,6.02
4086,Kepler-415 b,1.21,119.9,4.176,694.0,0.0426,69.834,0.0,4362.0,0.643,372.0
4087,Kepler-415 c,2.01,4.7,8.708,543.0,0.0695,26.237,0.0,4362.0,0.643,3.18
4088,Kepler-416 b,2.48,58.2,6.319,986.0,0.0674,224.089,0.0,5718.0,1.075,21.0
4089,Kepler-416 c,2.352,6.13,12.209,791.0,0.10454,93.072,0.0,5718.0,1.075,2.59
4090,Kepler-416 d,1.61,3.22,3.07644709,1253.0,0.0407,583.25,0.0,5670.0,1.022,4.24
4091,Kepler-417 b,2.31,11.0,12.331,671.0,0.1006,43.624,0.0,5177.0,0.806,4.9
4092,Kepler-417 c,2.69,7.7,15.943,616.0,0.1194,30.968,0.0,5177.0,0.806,2.17
4093,Kepler-418 b,13.45,349.6112477,86.67856,434.0,0.39249,8.877,0.2,5820.0,1.09,
4094,Kepler-418 c,5.22108654,23.7,12.21829987,835.0,0.10632,107.6,0.0,5822.0,1.081,0.915
4095,Kepler-419 b,10.8,794.5,69.7546,613.0,0.37,37.416,0.833,6430.0,1.74,3.5
4096,Kepler-419 c,12.6,2320.1,675.47,,1.68,,0.184,6430.0,1.74,6.37
4097,Kepler-42 b,0.78,0.705944,1.2137672,519.0,0.0116,22.388,0.04,3068.0,0.17,0.15
4098,Kepler-42 c,0.73,60.337,0.45328509,720.0,0.006,82.125,0.0,3068.0,0.17,98.0
4099,Kepler-42 d,0.57,0.357785,1.865169,450.0,0.0154,12.538,0.02,3068.0,0.17,0.55
4100,Kepler-421 b,4.16,16.1,704.1984,185.0,1.219,0.2,0.041,5308.0,0.757,1.23
4101,Kepler-422 b,12.89,136.66,7.8914483,1028.0,0.082,264.983,0.0,5972.0,1.24,0.38
4102,Kepler-423 b,13.361,189.101,2.6843285,1605.0,0.03585,649.148,0.019,5560.0,0.95,0.459
4103,Kepler-424 b,9.98,327.35,3.3118644,1116.0,0.044,470.754,0.0,5460.0,0.94,1.94
4104,Kepler-424 c,12.7,2215.18,223.3,,0.73,,,5460.0,0.94,5.94
4105,Kepler-425 b,10.962,79.45,3.79701816,1070.0,0.0464,229.036,0.33,5170.0,0.86,0.27
4106,Kepler-426 b,12.22,108.06,3.21751883,1300.0,0.0414,410.723,0.18,5725.0,0.92,0.26
4107,Kepler-427 b,13.79,92.17,10.290994,1100.0,0.091,208.721,0.57,5800.0,1.35,0.16
4108,Kepler-428 b,12.11,403.63,3.52563254,1070.0,0.0433,195.088,0.22,5150.0,0.8,1.02
4109,Kepler-43 b,13.663771,1026.5909,3.0240949,1620.0,0.046,1138.115,0.017,6041.0,1.42,5.0
4110,Kepler-430 b,3.25,10.6,35.968,667.0,0.2244,40.844,0.0,5884.0,1.485,1.7
4111,Kepler-430 c,1.75,3.71,110.979,458.0,0.4757,9.096,0.0,5884.0,1.485,3.8
4112,Kepler-431 b,0.764,0.37,6.803,1032.0,0.0719,577.545,0.0,6004.0,1.092,4.56
4113,Kepler-431 c,0.668,0.229,8.703,951.0,0.0847,415.545,0.0,6004.0,1.092,4.22
4114,Kepler-431 d,1.11,1.41,11.922,856.0,0.1045,272.838,0.0,6004.0,1.092,5.67
4115,Kepler-432 b,12.834305,1719.4603,52.501129,812.0,0.301,97.846,0.5134,4995.0,4.06,4.46
4116,Kepler-432 c,13.3,772.3269,406.2,,,,0.498,4995.0,4.06,1.8
4117,Kepler-433 b,16.25,896.24,5.33408384,1776.0,0.0679,1682.66,0.119,6360.0,2.26,1.13
4118,Kepler-434 b,12.67,908.96,12.8747099,1000.0,0.1143,158.285,0.131,5977.0,1.38,2.4
4119,Kepler-435 b,22.31,266.97,8.6001536,1729.0,0.0948,677.917,0.114,6161.0,3.21,0.131
4120,Kepler-436 b,2.73,7.9,64.00205,322.0,0.339,1.69,0.19,4651.0,0.697,2.13
4121,Kepler-436 c,2.33,6.04,16.79713874,503.0,0.11452,14.52,0.0,4685.0,0.71,2.62
4122,Kepler-437 b,2.14,5.22,66.65062,308.0,0.288,2.15,0.02,4551.0,0.68,2.93
4123,Kepler-438 b,1.12,1.46,35.23319,288.0,0.166,1.4,0.03,3748.0,0.52,5.71
4124,Kepler-439 b,2.24,5.65,178.1396,291.0,0.563,1.83,0.03,5431.0,0.866,2.76
4125,Kepler-44 b,12.22,317.82,3.2467293,1544.0,0.0446,1109.223,0.066,5800.0,1.35,0.93
4126,Kepler-440 b,1.86,4.12,101.11141,229.0,0.242,1.2,0.34,4134.0,0.559,3.52
4127,Kepler-441 b,1.64,3.33,207.2482,189.0,0.64,0.21,0.1,4340.0,0.55,4.15
4128,Kepler-442 b,1.34,2.36,112.3053,241.0,0.409,0.66,0.04,4402.0,0.598,5.39
4129,Kepler-443 b,2.33,6.04,177.6693,233.0,0.495,0.86,0.11,4723.0,0.706,2.62
4130,Kepler-444 b,0.403,0.0374,3.6001053,938.0,0.04178,225.735,0.16,5046.0,0.752,3.14
4131,Kepler-444 c,0.497,0.0793,4.5458841,868.0,0.04881,165.73,0.31,5046.0,0.752,3.55
4132,Kepler-444 d,0.53,0.2,6.189392,783.0,0.06,109.638,0.18,5046.0,0.752,7.9
4133,Kepler-444 e,0.546,0.1,7.743493,727.0,0.0696,81.344,0.1,5046.0,0.752,4.8
4134,Kepler-444 f,0.741,0.332,9.740486,673.0,0.0811,59.915,0.29,5046.0,0.752,4.48
4135,Kepler-445 b,1.58,3.12,2.984151,401.0,0.0217,17.657,0.0,3157.0,0.21,4.35
4136,Kepler-445 c,2.51,6.85,4.871229,341.0,0.0301,9.177,0.0,3157.0,0.21,2.38
4137,Kepler-445 d,1.25,2.1,8.15275,305.0,0.0439,4.314,0.0,3157.0,0.21,5.91
4138,Kepler-446 b,1.5,2.86,1.565409,648.0,0.0182,16.213,0.0,3359.0,0.24,4.66
4139,Kepler-446 c,1.11,1.41,3.036179,520.0,0.0283,6.705,0.0,3359.0,0.24,5.67
4140,Kepler-446 d,1.35,2.39,5.148921,436.0,0.0403,3.307,0.0,3359.0,0.24,5.34
4141,Kepler-447 b,18.49,435.41,7.79430132,882.0,0.0769,119.039,0.123,5493.0,1.05,0.4
4142,Kepler-448 c,12.0,6992.26,2500.0,,4.2,,0.65,6635.0,1.4,22.2
4143,Kepler-449 b,2.056,4.88,12.58242,917.0,0.1027,167.41,0.03,5649.18,1.467,3.09
4144,Kepler-449 c,2.764,8.07,33.6727,661.0,0.1979,45.09,0.05,5649.18,1.467,2.1
4145,Kepler-45 b,10.76,160.497,2.455239,1000.0,0.03,68.37,0.11,3820.0,0.55,0.8
4146,Kepler-450 b,6.14,19.4,28.454851,769.0,0.20092,94.325,0.02,6197.21,1.64162,0.75
4147,Kepler-450 c,2.62,12.5,15.413135,944.0,0.13351,213.731,0.02,6197.21,1.64162,8.8
4148,Kepler-450 d,0.837,17.6,7.51464,1199.0,0.0827,557.205,0.14,6197.21,1.64162,77.0
4149,Kepler-451 c,13.5,511.70373527,1460.0,,,,0.29,29564.0,0.203,1.14
4150,Kepler-451 d,13.5,559.37799632,43.0,,,,0.0,29564.0,0.203,1.25
4151,Kepler-452 b,1.63,3.29,384.843,265.0,1.046,1.1,0.0,5757.0,1.11,4.17
4152,Kepler-453 b,6.204,16.0,240.503,,0.7903,,0.0359,5527.0,0.833,
4153,Kepler-454 b,2.37,5.4,10.5737534,916.0,0.09528,117.7,0.32,5687.0,1.066,2.23
4154,Kepler-454 c,12.9,1433.40611557,524.19,,1.287,,0.0053,5687.0,1.066,3.67
4155,Kepler-454 d,13.3,734.18362017,4073.0,,5.1,,0.089,5687.0,1.066,1.71
4156,Kepler-457 d,2.98467257,9.19,10.6906004,1008.0,0.0996,244.47,0.0,6474.0,1.242,1.9
4157,Kepler-458 c,4.2,16.4,20.74028413,798.0,0.17012,279.787,0.0,6117.21,2.21562,1.22
4158,Kepler-46 b,9.057,1907.0,33.60134,543.0,0.1968,10.9,0.01,5155.0,0.938,14.0
4159,Kepler-46 c,13.5,119.499,57.011,455.0,0.2799,,0.0146,5155.0,0.938,0.267
4160,Kepler-46 d,1.64,3.33,6.766589,845.0,0.067,92.346,0.0,5309.0,0.79,4.15
4161,Kepler-460 c,5.52,26.1,220.1303357,389.0,0.75318,7.4,0.0,6146.0,1.26,0.853
4162,Kepler-461 b,2.58,7.18,8.313783059,886.0,0.07895,254.906,0.0,5634.0,0.91,2.3
4163,Kepler-462 b,3.0,53.9,84.6866,611.0,0.4172,31.269,0.042,7500.0,1.57,9.3
4164,Kepler-462 c,4.0,6.0,207.62,453.0,0.7584,9.97,0.11,7500.0,1.57,0.4
4165,Kepler-463 b,3.05,9.53,8.981016833,880.0,0.07925,166.039,0.0,5661.0,0.9,1.85
4166,Kepler-464 b,3.3,10.9,7.256965224,1163.0,0.07931,495.005,0.0,5933.0,1.59,1.67
4167,Kepler-465 b,2.95,9.01,9.940672466,996.0,0.09195,227.82,0.0,6310.0,1.29,1.93
4168,Kepler-466 b,2.85,8.5,51.07926307,503.0,0.26769,12.5,0.0,5927.0,1.05,2.02
4169,Kepler-466 c,1.25,2.1,3.709213846,1206.0,0.04658,410.4,0.0,5927.0,1.05,5.91
4170,Kepler-467 b,2.25,5.69,24.99324193,712.0,0.16848,72.749,0.0,5809.0,1.37,2.74
4171,Kepler-468 b,13.34,,38.478757067,484.0,0.2213,11.241,0.0,5498.0,0.87,
4172,Kepler-47 b,3.05,2.07,49.4643,,0.2877,,0.021,5636.0,0.936,0.4
4173,Kepler-47 c,4.65,3.17,303.227,,0.9638,,0.044,5636.0,0.936,0.17
4174,Kepler-47 d,7.04,19.02,187.366,,0.6992,,0.024,5636.0,0.936,0.3
4175,Kepler-471 b,14.96,,5.014234575,1308.0,0.0626,1146.878,0.0,6733.0,1.8,
4176,Kepler-472 b,3.22,10.5,4.176255514,876.0,0.04823,139.236,0.0,4996.0,0.78,1.73
4177,Kepler-473 b,4.08,15.6,14.55731705,879.0,0.12048,243.376,0.0,5816.0,1.34,1.26
4178,Kepler-474 b,3.06,9.59,5.660672935,1115.0,0.06092,671.064,0.0,5785.0,1.08,1.84
4179,Kepler-475 b,2.49,6.76,3.105508189,980.0,0.03989,215.462,0.0,5009.0,0.79,2.41
4180,Kepler-476 b,3.08,9.69,14.00640607,807.0,0.1126,100.09,0.0,5837.0,1.09,1.82
4181,Kepler-477 b,2.07,4.94,11.11990653,649.0,0.0911,38.71,0.0,5240.0,0.79,3.06
4182,Kepler-478 b,2.71,7.8,13.2217576,640.0,0.1032,39.56,0.0,5210.0,0.8,2.15
4183,Kepler-479 b,2.12,5.14,12.49341307,649.0,0.09636,37.753,0.0,5247.0,0.81,2.96
4184,Kepler-48 b,1.88,3.94,4.778,932.0,0.05394,173.12,0.0,5194.0,0.89,3.23
4185,Kepler-48 c,2.71,14.61,9.67395,736.0,0.08633,67.593,0.0,5194.0,0.89,4.01
4186,Kepler-48 d,2.04,7.93,42.8961,448.0,0.23302,9.292,0.0,5194.0,0.89,5.08
4187,Kepler-48 e,13.4,657.0,982.0,,1.898274748,,0.003142,5194.0,0.89,1.5
4188,Kepler-48 f,13.8,298.5809968,5219.681854,,5.719187877,,0.015283,5190.0,0.836,0.624
4189,Kepler-480 b,2.78,8.15,4.919583795,1312.0,0.06024,764.078,0.0,6322.0,1.34,2.08
4190,Kepler-481 b,2.5,6.8,10.06082567,899.0,0.08926,183.842,0.0,5802.0,1.09,2.39
4191,Kepler-482 b,2.36,6.17,56.35418576,352.0,0.25787,4.436,0.0,4871.0,0.72,2.58
4192,Kepler-483 b,3.21,10.4,30.229104,755.0,0.19471,61.495,0.0,6346.0,1.47,1.73
4193,Kepler-484 b,2.28,5.82,10.045569313,766.0,0.09036,90.629,0.0,5668.0,0.87,2.7
4194,Kepler-485 b,14.41,,3.243259796,1243.0,0.04401,622.014,0.0,5958.0,1.09,
4195,Kepler-487 b,11.42,,15.358768403,662.0,0.11819,51.492,0.0,5444.0,0.88,
4196,Kepler-487 c,2.68,7.65,38.6519976,487.0,0.21864,15.038,0.0,5444.0,0.88,2.18
4197,Kepler-487 d,2.77513568,8.12,2.418390036,1226.0,0.03445,550.8,0.0,5422.0,0.887,2.09
4198,Kepler-489 b,7.72,46.1,17.276296119,538.0,0.12109,20.618,0.0,5014.0,0.76,0.551
4199,Kepler-49 b,2.579,9.77,7.2,509.0,0.05929,21.481,0.0,4095.6,0.618,3.082111
4200,Kepler-49 c,2.444,8.38,10.91,443.0,0.07821,12.341,0.008,4095.6,0.618,3.109679
4201,Kepler-49 d,1.6,235.982,2.576549,717.0,0.031,64.39,0.0,4252.0,0.559,20.0
4202,Kepler-49 e,1.56,1.03815,18.596108,371.0,0.116,6.063,0.0,4252.0,0.559,0.046
4203,Kepler-490 b,11.65,,3.268695154,1597.0,0.0453,1059.522,0.0,6045.0,1.12,
4204,Kepler-491 b,8.92,59.0,4.225384512,1111.0,0.05191,312.514,0.0,5582.0,1.03,0.457
4205,Kepler-493 b,15.13,,3.003876581,1438.0,0.0439,1414.329,0.0,6457.0,1.54,
4206,Kepler-495 b,5.23,23.8,3.413036221,1200.0,0.0427,310.021,0.0,5346.0,0.83,0.914
4207,Kepler-495 c,1.21936414,1.98,5.896609783,1000.0,0.0614,108.13,0.0,5392.0,1.087,6.0
4208,Kepler-496 b,2.32,5.99,8.30864937,747.0,0.0747,62.926,0.0,5293.0,0.82,2.64
4209,Kepler-497 b,6.04,30.4,3.573203671,1210.0,0.0457,1129.272,0.0,5834.0,1.11,0.758
4210,Kepler-498 b,3.03,9.43,9.61375356,931.0,0.0897,202.775,0.0,5744.0,0.96,1.86
4211,Kepler-499 b,2.17,5.35,5.632528453,844.0,0.0598,148.456,0.0,5312.0,0.83,2.88
4212,Kepler-5 b,15.984034,670.93913,3.5484657,1750.0,0.0538,1822.758,0.0,6297.0,1.793,0.4
4213,Kepler-50 b,1.71,8.9,7.81254,1196.0,0.077,494.705,0.0,6225.0,1.58,6.04982
4214,Kepler-50 c,2.17,8.2,9.37647,1125.0,0.087,388.444,0.0,6225.0,1.58,9.249213
4215,Kepler-500 b,2.58,7.18,8.508324398,909.0,0.08361,193.68,0.0,5813.0,1.03,2.3
4216,Kepler-501 b,4.3,17.1,5.640677572,1125.0,0.0627,324.856,0.0,5904.0,1.04,1.18
4217,Kepler-501 c,1.68119739,3.47,3.622760057,1304.0,0.0467,683.84,0.0,5794.0,1.216,4.01
4218,Kepler-502 b,4.77,20.4,4.28686431,1217.0,0.0535,859.509,0.0,6125.0,1.22,1.03
4219,Kepler-504 b,1.59,3.15,9.549275422,374.0,0.0646,5.991,0.0,3519.0,0.33,4.31
4220,Kepler-505 b,2.6,7.27,27.52197994,314.0,0.1445,3.641,0.0,3931.0,0.53,2.27
4221,Kepler-506 b,2.73,7.9,6.8834055,1080.0,0.07437,330.547,0.0,6236.0,1.19,2.13
4222,Kepler-507 b,1.3,5.69692195,3.568096926,1407.0,0.04781,877.327,0.0,6113.0,1.32,14.828486
4223,Kepler-508 b,1.64,3.33,25.30889748,710.0,0.17274,60.372,0.0,6025.0,1.25,4.15
4224,Kepler-509 b,2.49,6.76,41.74600392,584.0,0.23702,28.481,0.0,6060.0,1.2,2.41
4225,Kepler-51 b,7.1,2.1,45.154,543.0,0.2514,10.119,0.04,6018.0,0.94,0.03
4226,Kepler-51 c,9.0,4.0,85.312,439.0,0.384,4.331,0.014,6018.0,0.94,0.03
4227,Kepler-51 d,9.7,7.6,130.194,381.0,0.509,2.466,0.008,6018.0,0.94,0.046
4228,Kepler-51 e,2.18,5.4,264.284,,,,0.02,5674.0,0.87,2.86
4229,Kepler-510 b,2.47,6.66,19.55659418,797.0,0.1352,114.389,0.0,5746.0,1.41,2.43
4230,Kepler-511 b,6.35,33.1,296.637865,332.0,0.85672,4.208,0.0,5770.0,1.2,0.71
4231,Kepler-511 c,4.20964327,16.5,26.62949944,742.0,0.17177,101.6,0.0,5866.0,1.417,1.22
4232,Kepler-512 b,2.69,7.7,34.43587975,652.0,0.21395,32.329,0.0,5997.0,1.3,2.17
4233,Kepler-513 b,2.2,5.48,28.86235584,623.0,0.1779,36.527,0.0,5849.0,1.06,2.83
4234,Kepler-514 b,1.72,3.61,5.65179605,1248.0,0.06559,506.412,0.0,6106.0,1.44,3.9
4235,Kepler-515 b,1.46,2.73,19.96371318,564.0,0.1333,47.97,0.0,5293.0,0.83,4.82
4236,Kepler-516 b,5.74,27.9,24.85462415,1095.0,0.1992,174.58,0.0,7099.0,2.02,0.811
4237,Kepler-517 b,2.67,7.61,60.92832271,467.0,0.28682,10.555,0.0,5690.0,0.98,2.2
4238,Kepler-518 b,2.11,5.1,8.512035877,839.0,0.07996,133.317,0.0,5842.0,0.88,2.98
4239,Kepler-519 b,2.1,5.06,24.3078946,532.0,0.15932,19.87,0.0,5260.0,0.8,3.0
4240,Kepler-52 b,2.1,135.0,7.8773565,553.0,0.0637,22.72,0.0,4075.0,0.52,3.35
4241,Kepler-52 c,1.84,45.4,16.3850021,433.0,0.10379,8.55,0.012,4075.0,0.52,20.0
4242,Kepler-52 d,1.95,88.8775,36.445171,332.0,0.182,2.945,0.0,4263.0,0.556,18.0
4243,Kepler-520 b,1.66,3.39,19.67416124,711.0,0.14628,59.77,0.0,6112.0,1.09,4.07
4244,Kepler-520 c,1.07,1.24,5.21104261,1107.0,0.06035,351.69,0.0,6112.0,1.09,5.56
4245,Kepler-521 b,3.18,10.2,22.20813214,803.0,0.17116,160.612,0.0,6406.0,1.46,1.74
4246,Kepler-522 b,6.91,38.2,38.58422849,761.0,0.25029,63.855,0.0,6392.0,1.98,0.636
4247,Kepler-523 b,1.96,4.5,5.835983111,884.0,0.06159,149.135,0.0,5515.0,0.86,3.28
4248,Kepler-524 b,1.91,4.31,7.97419807,974.0,0.07955,434.237,0.0,6014.0,1.1,3.4
4249,Kepler-524 c,0.96,0.84,1.88897906,1574.0,0.03046,2959.338,0.0,6014.0,1.1,5.22
4250,Kepler-525 b,2.63,7.41,18.68404933,832.0,0.14386,176.232,0.0,5573.0,1.15,2.24
4251,Kepler-526 b,1.99,4.62,5.458498316,1099.0,0.06518,584.354,0.0,5894.0,1.14,3.22
4252,Kepler-527 b,2.84,8.45,13.28535633,1157.0,0.11646,147.046,0.0,6388.0,1.45,2.03
4253,Kepler-528 b,2.08,4.98,19.78297415,708.0,0.14219,68.971,0.0,5807.0,1.06,3.04
4254,Kepler-529 b,1.86,4.12,1.980357663,1662.0,0.0309,1808.41,0.0,6087.0,1.14,3.52
4255,Kepler-529 c,2.0,4.66,12.8345022,891.0,0.1075,149.42,0.0,6087.0,1.14,3.2
4256,Kepler-529 d,2.79502603,8.22,35.86619949,633.0,0.2134,37.92,0.0,6078.0,1.189,2.07
4257,Kepler-53 b,2.89,111.0,18.6489525,701.0,0.1361,60.997,0.0,5858.0,0.89,1.18
4258,Kepler-53 c,3.17,36.0,38.5583038,550.0,0.22091,23.176,0.0,5858.0,0.89,0.92
4259,Kepler-53 d,2.12,37.1907,9.751962,870.0,0.091,144.852,0.0,6085.0,0.958,1.4
4260,Kepler-530 b,3.01,9.32,39.30941904,488.0,0.21491,14.238,0.0,5697.0,0.89,1.88
4261,Kepler-531 b,2.78,8.15,29.88485741,453.0,0.17446,10.007,0.0,4893.0,0.75,2.08
4262,Kepler-532 b,2.57,7.13,12.92491623,620.0,0.10151,34.089,0.0,5192.0,0.79,2.31
4263,Kepler-533 b,3.38,11.4,28.51120525,423.0,0.16704,8.769,0.0,4758.0,0.72,1.62
4264,Kepler-534 b,2.24,5.65,15.95994513,721.0,0.1272,63.95,0.0,5884.0,0.98,2.76
4265,Kepler-534 c,1.227,2.02,7.378689766,933.0,0.0761,178.68,0.0,5936.0,0.965,6.01
4266,Kepler-535 b,2.36,6.17,4.903321551,1247.0,0.06011,601.891,0.0,6123.0,1.27,2.58
4267,Kepler-536 b,3.1,9.8,1.827082299,1877.0,0.02835,892.812,0.0,5524.0,0.89,1.81
4268,Kepler-537 b,1.41,2.57,3.247555219,1181.0,0.04317,442.522,0.0,5763.0,0.99,5.04
4269,Kepler-538 b,2.215,12.9,81.73778,417.0,0.3554,5.07,0.21,5534.0,0.8717,6.5
4270,Kepler-539 b,8.373123,308.2951,125.63243,387.6,0.4988,3.681,0.39,5820.0,0.952,2.9
4271,Kepler-539 c,13.3,762.792,1000.0,253.0,2.42,,0.5,5820.0,0.952,1.78
4272,Kepler-54 b,2.1,0.98,8.0109434,453.0,0.0619,12.357,0.022,3705.0,0.5,0.76
4273,Kepler-54 c,1.23,0.7,12.0717249,395.0,0.0809,3.07,0.0,3705.0,0.5,2.376368
4274,Kepler-54 d,1.53,12.0946,20.995694,328.0,0.126,3.425,0.0,4252.0,0.554,9.2
4275,Kepler-540 b,2.71,7.8,172.7049784,355.0,0.58822,4.525,0.0,5946.0,1.08,2.15
4276,Kepler-541 b,3.36,11.2,5.08005848,1673.0,0.06447,1452.904,0.0,6166.0,2.06,1.62
4277,Kepler-542 b,1.57,3.09,13.14497566,698.0,0.10703,61.573,0.0,5526.0,0.9,4.39
4278,Kepler-543 b,2.5,6.8,13.89961966,521.0,0.1023,23.081,0.0,4671.0,0.67,2.39
4279,Kepler-544 b,2.12,5.14,21.41616926,748.0,0.15482,126.031,0.0,6206.0,1.22,2.96
4280,Kepler-545 b,2.69,7.7,13.24934059,806.0,0.11248,101.143,0.0,5882.0,1.07,2.17
4281,Kepler-546 b,7.0,39.1,4.147020258,1258.0,0.0502,690.13,0.0,5967.0,1.15,0.626
4282,Kepler-547 b,4.0,15.1,6.010384289,768.0,0.058,87.713,0.0,4828.0,0.73,1.3
4283,Kepler-548 b,11.99,,4.454194338,1017.0,0.0495,237.035,0.0,5535.0,0.9,
4284,Kepler-549 b,2.57,11.0,42.9495649,487.0,0.23236,9.549,0.0,5360.0,0.84,1.9
4285,Kepler-549 c,2.93,8.91,117.040498,349.0,0.45332,2.51,0.0,5360.0,0.84,1.95
4286,Kepler-549 d,4.2,16.4,24.61480613,586.0,0.1575,27.93,0.0,5312.0,0.986,1.22
4287,Kepler-55 b,2.43,43.0,27.9481449,400.0,0.1593,6.642,0.0,4362.0,0.58,16.5
4288,Kepler-55 c,2.21,69.8,42.1516418,349.0,0.2095,3.84,0.0,4362.0,0.58,35.5
4289,Kepler-55 d,1.59,3.15,2.211099,931.0,0.029,195.005,0.0,4503.0,0.619,4.31
4290,Kepler-55 e,1.55,3.02,4.617534,728.0,0.048,73.157,0.0,4503.0,0.619,4.46
4291,Kepler-55 f,1.59,3.15,10.198545,559.0,0.081,25.438,0.0,4503.0,0.619,4.31
4292,Kepler-550 b,4.42,17.9,8.600104109,760.0,0.0747,77.258,0.0,5322.0,0.83,1.14
4293,Kepler-551 b,2.73,7.9,12.3764661,483.0,0.0893,14.386,0.0,4286.0,0.63,2.13
4294,Kepler-552 b,3.95,14.8,5.263415765,1103.0,0.0612,358.994,0.0,5863.0,1.04,1.32
4295,Kepler-553 b,4.74139884,116.00736855,4.030467,1089.0,0.04766,235.0,0.0,5191.0,0.902,
4296,Kepler-553 c,11.57887706,2129.4503269,328.24017,251.0,0.898,0.589,0.346,5191.0,0.902,7.53
4297,Kepler-554 b,4.29,17.0,1.902208556,1346.0,0.03022,877.945,0.0,5447.0,0.92,1.18
4298,Kepler-555 b,2.83,8.4,16.21775407,664.0,0.1201,129.374,0.0,5894.0,1.04,2.04
4299,Kepler-556 b,2.24,5.65,11.72292176,766.0,0.09833,81.641,0.0,5740.0,0.98,2.76
4300,Kepler-557 b,2.67,7.61,3.705989551,1281.0,0.0469,2885.663,0.0,6068.0,1.16,2.2
4301,Kepler-558 b,2.37,6.21,29.00790538,498.0,0.1759,15.227,0.0,5242.0,0.81,2.56
4302,Kepler-559 b,3.61,12.7,17.58752333,706.0,0.1277,42.543,0.0,5630.0,0.95,1.48
4303,Kepler-56 b,6.51,22.1,10.5016,1378.0,0.1028,819.245,0.04,4840.0,4.23,0.442
4304,Kepler-56 c,9.8,181.0,21.40239,1087.0,0.1652,317.206,0.0,4840.0,4.23,1.06
4305,Kepler-56 d,12.8,1784.0,1002.0,,2.16,,0.2,4819.44,4.21799,4.67
4306,Kepler-560 b,1.72,3.61,18.47764449,298.0,0.0899,2.46,0.17,3556.0,0.33,3.9
4307,Kepler-561 b,6.96,38.7,58.3620495,446.0,0.29256,7.565,0.0,5646.0,0.94,0.631
4308,Kepler-561 c,2.68,7.65,5.350161983,989.0,0.05947,183.166,0.0,5646.0,0.94,2.18
4309,Kepler-562 b,5.21,23.7,18.009314436,658.0,0.1333,67.435,0.0,5575.0,0.9,0.921
4310,Kepler-563 b,3.09,9.75,22.18432708,546.0,0.1418,18.738,0.0,5066.0,0.77,1.82
4311,Kepler-564 b,4.63,19.4,3.750832285,1129.0,0.0484,389.404,0.0,5626.0,0.92,1.07
4312,Kepler-565 b,3.64,12.9,4.243747226,1063.0,0.0501,301.46,0.0,5735.0,0.95,1.47
4313,Kepler-566 b,2.15,5.27,18.42794624,526.0,0.1247,16.879,0.0,5132.0,0.79,2.91
4314,Kepler-567 b,2.25,5.69,16.54297375,611.0,0.1229,26.137,0.0,5148.0,0.79,2.74
4315,Kepler-568 b,2.26,5.73,11.02347475,429.0,0.0794,8.37,0.0,3768.0,0.53,2.73
4316,Kepler-569 b,3.16,10.1,34.18890521,526.0,0.19784,19.314,0.0,5616.0,0.93,1.76
4317,Kepler-57 b,3.135,25.06,5.72,850.0,0.05988,124.349,0.0162,5187.9,0.826,4.466029
4318,Kepler-57 c,2.196,6.86,11.6,671.0,0.09588,48.574,0.0725,5187.9,0.826,3.528714
4319,Kepler-570 b,2.45,6.57,4.301662003,1009.0,0.0497,214.04,0.0,5496.0,0.9,2.45
4320,Kepler-571 b,2.64,7.46,4.798599388,978.0,0.0546,219.036,0.0,5527.0,0.9,2.23
4321,Kepler-572 b,2.58,7.18,17.20523483,553.0,0.1192,26.889,0.0,5212.0,0.79,2.3
4322,Kepler-573 b,2.79,8.2,22.18329658,646.0,0.14527,46.44,0.0,5746.0,1.02,2.07
4323,Kepler-574 b,2.39,6.3,7.65880414,858.0,0.0723,120.47,0.0,5612.0,0.91,2.54
4324,Kepler-575 b,2.39,6.3,9.37891944,803.0,0.0788,141.987,0.0,5710.0,0.95,2.54
4325,Kepler-576 b,3.27,10.7,29.91136794,541.0,0.179,16.817,0.0,5672.0,0.97,1.68
4326,Kepler-577 b,2.55,7.04,25.69578251,314.0,0.1348,5.688,0.0,4984.0,0.73,2.33
4327,Kepler-578 b,2.0,4.66,1.616883696,1774.0,0.0266,496.898,0.0,5334.0,0.83,3.2
4328,Kepler-579 b,2.0,4.66,9.66857723,730.0,0.0854,60.609,0.0,5636.0,0.96,3.2
4329,Kepler-58 b,2.78,35.5,10.2184954,920.0,0.09291,112.992,0.04,5843.0,1.03,10.1
4330,Kepler-58 c,2.86,53.0,15.5741568,799.0,0.12307,64.389,0.0,5843.0,1.03,10.0
4331,Kepler-58 d,2.94,245.343,40.101371,583.0,0.236,18.244,0.0,6099.0,1.127,0.53
4332,Kepler-58 e,1.61,597.796,4.45814897,1212.0,0.0533,511.6,0.0,6100.0,1.083,131.0
4333,Kepler-580 b,2.57,7.13,8.222419656,558.0,0.0683,24.063,0.0,4298.0,0.64,2.31
4334,Kepler-581 b,2.63,7.41,40.6069821,521.0,0.2259,12.39,0.0,5772.0,1.0,2.24
4335,Kepler-582 b,3.68,13.1,18.49235668,603.0,0.1254,25.056,0.0,5564.0,0.91,1.44
4336,Kepler-583 b,2.28,5.82,6.5100253,1017.0,0.0689,178.699,0.0,5523.0,0.91,2.7
4337,Kepler-584 b,4.21,16.5,35.1810304,664.0,0.2281,76.339,0.0,6195.0,1.24,1.22
4338,Kepler-585 b,2.83,8.4,2.752359753,1178.0,0.03841,489.149,0.0,5593.0,0.93,2.04
4339,Kepler-586 b,2.79,8.2,2.104722184,1365.0,0.0331,705.051,0.0,5575.0,0.92,2.07
4340,Kepler-587 b,2.23,5.6,10.94027841,764.0,0.0952,70.965,0.0,5549.0,0.89,2.77
4341,Kepler-588 b,2.63,7.41,4.221625357,1176.0,0.052,718.075,0.0,5835.0,1.0,2.24
4342,Kepler-589 b,2.27,5.77,16.54964934,656.0,0.1196,32.142,0.0,5296.0,0.83,2.71
4343,Kepler-589 c,1.11727238,1.45,3.52466011,1098.0,0.0426,344.61,0.0,5372.0,0.916,5.71
4344,Kepler-59 b,1.1,4.1,11.8681707,864.0,0.09943,187.51,0.0,6074.0,0.94,8.7
4345,Kepler-59 c,1.98,3.81,17.9801235,752.0,0.13114,107.741,0.0,6074.0,0.94,1.62
4346,Kepler-590 b,4.02,15.2,5.85296257,1056.0,0.0647,782.415,0.0,6000.0,1.15,1.29
4347,Kepler-591 b,3.39,11.4,81.1694299,436.0,0.3554,5.615,0.0,5677.0,0.94,1.61
4348,Kepler-592 b,2.39,6.3,2.820192408,1367.0,0.0397,935.827,0.0,5913.0,1.04,2.54
4349,Kepler-593 b,2.87,8.6,21.21708973,706.0,0.1508,61.02,0.0,5967.0,1.1,2.0
4350,Kepler-594 b,2.18,5.39,13.64618192,678.0,0.1089,59.396,0.0,5485.0,0.87,2.86
4351,Kepler-595 b,3.708,17.4,25.3029092,535.0,0.1582,17.382,0.0,5138.5,0.821,1.23
4352,Kepler-595 c,1.009,3.3,12.38602,679.0,0.0983,50.23,0.0,5138.5,0.821,6.9
4353,Kepler-596 b,3.46,11.8,21.30022655,725.0,0.15161,82.302,0.0,6267.0,1.32,1.57
4354,Kepler-597 b,2.37,6.21,13.02365861,743.0,0.10916,76.375,0.0,5683.0,0.95,2.56
4355,Kepler-598 b,1.5,2.86,3.70175428,1050.0,0.04487,265.407,0.0,5307.0,0.86,4.66
4356,Kepler-598 c,3.02420941,9.4,86.4945,367.0,0.36672,3.7,0.0,5245.0,0.900316,1.87
4357,Kepler-599 b,2.84,8.45,15.65562652,623.0,0.1128,24.467,0.0,5127.0,0.79,2.03
4358,Kepler-6 b,14.616536,212.31044,3.2346996,1460.0,0.04852,792.218,0.0,5647.0,1.391,0.4
4359,Kepler-60 b,1.71,4.19,7.1334,1102.0,0.07255,318.0,0.0,,,4.62
4360,Kepler-60 c,1.9,3.85,8.9187,1023.0,0.08422,236.0,0.039,,,3.06
4361,Kepler-60 d,1.99,4.16,11.8981,929.0,0.10203,161.0,0.002,,,2.91
4362,Kepler-600 b,2.9,8.75,23.67517607,528.0,0.1536,20.182,0.0,5279.0,0.81,1.97
4363,Kepler-601 b,1.9,4.27,5.378868441,833.0,0.05494,110.619,0.0,5160.0,0.79,3.42
4364,Kepler-602 b,2.09,5.02,15.28469497,852.0,0.1224,128.783,0.0,6062.0,1.13,3.02
4365,Kepler-603 b,2.65,7.51,21.05358596,731.0,0.16052,97.8,0.0,5808.0,1.01,2.22
4366,Kepler-603 c,6.5,34.5,127.9075774,401.0,0.53439,8.8,0.0,5808.0,1.01,0.69
4367,Kepler-603 d,1.32,2.3,6.2171292,1098.0,0.07117,497.4,0.0,5808.0,1.01,5.5
4368,Kepler-604 b,2.59,7.22,25.85501786,637.0,0.1735,46.982,0.0,5890.0,1.03,2.28
4369,Kepler-605 b,1.44,2.67,3.383538066,1133.0,0.04244,316.718,0.0,5462.0,0.88,4.91
4370,Kepler-605 c,0.86,0.566,2.358951515,1278.0,0.03336,513.03,0.0,5462.0,0.88,4.89
4371,Kepler-606 b,3.31,11.0,24.31575992,683.0,0.17,71.843,0.0,6161.0,1.22,1.67
4372,Kepler-607 b,0.87,0.59,0.638163204,1874.0,0.0137,2302.613,0.0,5196.0,0.8,4.92
4373,Kepler-607 c,2.76001201,8.05,39.67679977,473.0,0.21507,8.8,0.0,5244.0,0.888,2.1
4374,Kepler-608 b,3.64,12.9,6.412515037,1069.0,0.0685,270.162,0.0,5820.0,1.01,1.47
4375,Kepler-609 b,3.35,11.2,6.521210666,932.0,0.0682,258.059,0.0,5971.0,1.14,1.64
4376,Kepler-61 b,2.15,5.27,59.87756,273.0,0.24861,1.69,0.25,4017.0,0.62,2.91
4377,Kepler-610 b,4.19,16.3,6.996926554,888.0,0.0719,139.072,0.0,5943.0,1.13,1.22
4378,Kepler-610 c,3.3,10.9,151.86392,318.0,0.5594,2.297,0.0,5943.0,1.13,1.67
4379,Kepler-611 b,1.65,3.36,2.437033302,1513.0,0.0351,1825.301,0.0,5761.0,1.01,4.11
4380,Kepler-612 b,2.84,8.45,3.722156413,1046.0,0.0452,997.089,0.0,5693.0,0.96,2.03
4381,Kepler-613 b,2.29,5.86,15.77979614,713.0,0.1232,66.269,0.0,5723.0,0.96,2.68
4382,Kepler-614 b,2.39,6.3,14.03491514,641.0,0.1027,37.2,0.0,5268.0,0.81,2.54
4383,Kepler-615 b,1.74,3.68,10.35584657,620.0,0.085,19.18,0.0,4655.0,0.69,3.84
4384,Kepler-616 b,2.43,6.48,9.99761851,860.0,0.0927,129.18,0.0,5753.0,0.97,2.48
4385,Kepler-616 c,3.41,11.5,90.4113556,413.0,0.4024,6.86,0.0,5753.0,0.97,1.59
4386,Kepler-616 d,2.653,7.52,51.06740189,499.0,0.2749,14.69,0.0,6004.0,0.977,2.21
4387,Kepler-617 b,1.32,2.3,1.682696148,750.0,0.0219,100.295,0.0,3712.0,0.48,5.5
4388,Kepler-618 b,2.6,7.27,3.595769645,1296.0,0.0449,677.569,0.0,5860.0,1.08,2.27
4389,Kepler-619 b,3.16,10.1,5.404272197,1073.0,0.06014,224.146,0.0,5980.0,1.11,1.76
4390,Kepler-619 c,1.69,3.5,1.208465026,1767.0,0.02216,1652.907,0.0,5980.0,1.11,3.98
4391,Kepler-619 d,4.17,16.2,11.67894236,830.0,0.1021,112.07,0.0,6122.0,0.964,1.23
4392,Kepler-62 b,1.31,9.0,5.714932,750.0,0.0553,80.326,0.0,4925.0,0.64,
4393,Kepler-62 c,0.54,4.0,12.4417,578.0,0.0929,28.489,0.0,4925.0,0.64,
4394,Kepler-62 d,1.95,14.0,18.16406,510.0,0.12,17.21,0.0,4925.0,0.64,
4395,Kepler-62 e,1.61,36.0,122.3874,270.0,0.427,1.352,0.0,4925.0,0.64,
4396,Kepler-62 f,1.41,35.0,267.291,208.0,0.718,0.5,0.0,4925.0,0.64,
4397,Kepler-620 b,3.32,11.0,12.91375431,849.0,0.1053,219.051,0.0,6155.0,1.22,1.65
4398,Kepler-621 b,2.3,5.9,2.628113746,737.0,0.031,69.56,0.0,4521.0,0.68,2.66
4399,Kepler-622 b,2.13,5.18,14.28226676,446.0,0.0978,12.486,0.0,4201.0,0.61,2.95
4400,Kepler-623 b,3.01,9.32,9.07097734,825.0,0.0854,77.098,0.0,5443.0,0.86,1.88
4401,Kepler-624 b,2.31,5.95,14.58649607,852.0,0.11638,130.757,0.0,6117.0,1.18,2.65
4402,Kepler-625 b,1.99,4.62,7.75192492,852.0,0.08137,407.833,0.0,5789.0,0.96,3.22
4403,Kepler-625 c,1.05,1.16,4.1653651,1048.0,0.05379,932.132,0.0,5789.0,0.96,5.51
4404,Kepler-626 b,2.29,5.86,14.48585199,784.0,0.10913,69.795,0.0,5813.0,1.05,2.68
4405,Kepler-627 b,3.73,13.4,40.6994443,685.0,0.22661,39.303,0.0,6424.0,1.49,1.42
4406,Kepler-629 b,1.38,2.48,7.2385854,816.0,0.07107,103.147,0.0,5444.0,0.84,5.19
4407,Kepler-63 b,6.11,120.0,9.4341505,791.0,0.08,100.371,0.45,5576.0,0.901,3.0
4408,Kepler-630 b,3.18,10.2,161.4743937,343.0,0.56201,5.568,0.0,5829.0,1.04,1.74
4409,Kepler-631 b,2.9,8.75,17.97979059,828.0,0.14017,94.137,0.0,6185.0,1.33,1.97
4410,Kepler-632 b,2.21,5.52,30.99660733,500.0,0.1885,14.72,0.0,5322.0,0.84,2.81
4411,Kepler-633 b,1.63,3.29,8.50340718,1021.0,0.08185,454.5,0.0,5899.0,1.15,4.17
4412,Kepler-633 c,2.296,5.89,23.78319931,725.0,0.16246,115.4,0.0,5877.0,1.265,2.67
4413,Kepler-634 b,1.89,4.23,5.16950177,1309.0,0.05765,808.844,0.0,6075.0,1.24,3.44
4414,Kepler-635 b,2.64,7.46,23.44971004,802.0,0.18332,193.927,0.0,6174.0,1.51,2.23
4415,Kepler-636 b,4.45,18.1,16.080661147,614.0,0.1185,67.509,0.0,5203.0,0.8,1.13
4416,Kepler-637 b,4.75,20.2,23.20584623,1002.0,0.16619,63.805,0.0,6096.0,2.56,1.04
4417,Kepler-638 b,1.83,4.01,6.07972888,1111.0,0.06695,872.567,0.0,5382.0,0.93,3.6
4418,Kepler-639 b,2.38,6.26,10.21420496,957.0,0.09358,295.826,0.0,5896.0,1.29,2.55
4419,Kepler-640 b,2.56,7.08,22.24813967,609.0,0.15418,35.062,0.0,5653.0,0.94,2.32
4420,Kepler-641 b,1.85,4.08,9.48961571,926.0,0.0895,311.788,0.0,5713.0,1.13,3.54
4421,Kepler-642 b,2.9,8.75,4.41745855,1810.0,0.05631,719.373,0.0,6570.0,1.66,1.97
4422,Kepler-643 b,10.16,321.0083,16.33889626,963.0,0.13485,211.711,0.37,4908.0,2.52,1.68
4423,Kepler-644 b,3.15,10.1,3.173917103,1655.0,0.04641,2381.77,0.0,6747.0,1.81,1.78
4424,Kepler-645 b,2.1,5.06,3.275822621,1730.0,0.04541,1364.762,0.0,6170.0,1.21,3.0
4425,Kepler-646 b,1.99,4.62,15.87364565,632.0,0.11251,38.229,0.0,5634.0,0.91,3.22
4426,Kepler-647 b,1.17,1.71,16.2254649,788.0,0.12237,162.794,0.0,6020.0,1.07,5.87
4427,Kepler-647 c,4.00135002,15.1,29.6663,644.0,0.18291,69.0,0.0,5906.74,1.54571,1.3
4428,Kepler-648 b,3.22,10.5,17.4211749,674.0,0.13324,47.336,0.0,5741.0,0.98,1.73
4429,Kepler-649 b,2.26,5.73,29.90722674,564.0,0.17522,25.147,0.0,5871.0,0.94,2.73
4430,Kepler-65 b,1.42,2.4,2.15491,1740.0,0.035,2316.095,0.028,6211.0,1.41,4.4
4431,Kepler-65 c,2.58,5.4,5.859944,1246.0,0.068,609.992,0.02,6211.0,1.41,1.64
4432,Kepler-65 d,1.52,4.14,8.13123,1117.0,0.084,394.549,0.014,6211.0,1.41,5.7
4433,Kepler-65 e,13.9,260.0,258.8,,0.8539307544,,0.283,6220.0,1.437,0.532
4434,Kepler-650 b,2.96,9.06,3.032145588,1507.0,0.0421,1218.88,0.0,5849.0,1.35,1.92
4435,Kepler-651 b,2.37,6.21,21.38521506,574.0,0.14078,27.223,0.0,5522.0,0.87,2.56
4436,Kepler-652 b,2.49,6.76,4.182002531,974.0,0.04958,211.884,0.0,5490.0,0.88,2.41
4437,Kepler-653 b,1.95,4.46,14.70748976,819.0,0.11945,90.384,0.0,5665.0,1.19,3.31
4438,Kepler-653 c,0.78,0.399,0.900376476,2078.0,0.01855,3743.275,0.0,5665.0,1.19,4.62
4439,Kepler-654 b,2.07,4.94,13.72465129,831.0,0.11664,229.311,0.0,5865.0,1.11,3.06
4440,Kepler-655 b,2.71,7.8,46.4063358,588.0,0.25697,28.767,0.0,6170.0,1.24,2.15
4441,Kepler-656 b,3.12,9.91,1.260259094,1569.0,0.02231,924.374,0.0,5281.0,0.82,1.79
4442,Kepler-656 c,1.41,2.57,5.25449393,975.0,0.0602,213.25,0.0,5550.0,0.954,5.04
4443,Kepler-657 b,3.52,12.2,24.54350418,616.0,0.17337,62.2,0.0,5808.0,1.01,1.54
4444,Kepler-658 b,1.63,3.29,1.287076762,871.0,0.0188,223.745,0.0,4103.0,0.6,4.17
4445,Kepler-659 b,2.5,6.8,17.671796,513.0,0.1204,21.309,0.0,4870.0,0.74,2.39
4446,Kepler-66 b,2.8,8.25,17.815815,699.0,0.1352,62.845,0.0,5962.0,0.966,2.07
4447,Kepler-660 b,2.57,7.13,9.27358194,649.0,0.0759,44.09,0.0,4779.0,0.71,2.31
4448,Kepler-661 b,3.07,9.64,6.029301321,678.0,0.0585,45.528,0.0,4483.0,0.67,1.83
4449,Kepler-662 b,2.18,5.39,21.67697486,530.0,0.1408,23.824,0.0,4897.0,0.74,2.86
4450,Kepler-663 b,2.6,7.27,4.99678284,917.0,0.0559,167.979,0.0,5264.0,0.82,2.27
4451,Kepler-664 b,2.66,7.56,2.525593315,1406.0,0.0374,652.435,0.0,5754.0,1.02,2.21
4452,Kepler-665 b,2.6,7.27,16.01310205,593.0,0.1148,20.719,0.0,4913.0,0.74,2.27
4453,Kepler-666 b,2.4,6.35,4.49876092,1133.0,0.0542,575.644,0.0,5887.0,1.05,2.52
4454,Kepler-667 b,4.73,20.1,41.43962808,516.0,0.2288,71.817,0.0,5327.0,0.87,1.04
4455,Kepler-668 b,2.7,7.75,8.35390639,790.0,0.0768,77.619,0.0,5352.0,0.82,2.16
4456,Kepler-669 b,4.83,20.8,4.125546869,1243.0,0.0529,826.765,0.0,6038.0,1.2,1.01
4457,Kepler-67 b,2.94,8.96,15.7259,602.0,0.1171,30.6,0.0,5331.0,0.778,1.94
4458,Kepler-670 b,13.18,,2.816504852,1219.0,0.0383,528.223,0.0,5709.0,0.99,
4459,Kepler-671 b,2.69,7.7,4.280958588,1012.0,0.0503,331.438,0.0,5624.0,0.95,2.17
4460,Kepler-672 b,2.5,6.8,38.3774623,529.0,0.2163,16.36,0.0,5627.0,0.92,2.39
4461,Kepler-673 b,6.54,34.8,3.728731093,1023.0,0.0455,253.456,0.0,5355.0,0.84,0.684
4462,Kepler-674 b,1.69,3.5,2.243381847,822.0,0.028,146.511,0.0,4192.0,0.57,3.98
4463,Kepler-675 b,2.44,6.53,2.33743801,1070.0,0.0325,308.547,0.0,4945.0,0.75,2.47
4464,Kepler-676 b,3.04,9.48,11.59822172,396.0,0.0798,8.241,0.0,3701.0,0.49,1.85
4465,Kepler-677 b,5.38,25.0,6.57531678,1015.0,0.067,683.274,0.0,5723.0,0.99,0.882
4466,Kepler-678 b,5.14,23.1,7.27503724,833.0,0.0732,113.64,0.0,5520.0,0.91,0.935
4467,Kepler-679 b,3.01,9.32,12.39358604,677.0,0.0983,56.002,0.0,5403.0,0.84,1.88
4468,Kepler-68 b,2.357,8.03,5.39875259,1275.0,0.06135,441.0,0.09,5847.0,1.2564,3.37
4469,Kepler-68 c,0.979,1.3,9.605027,1052.0,0.09008,204.0,0.099,5847.0,1.2564,7.5
4470,Kepler-68 d,13.9,267.0,632.62,,1.469,,0.102,5847.0,1.2564,0.546
4471,Kepler-68 e,11.2,86.4493267,3455.0,,4.6,,0.33,5847.0,1.2564,0.338
4472,Kepler-680 b,2.42,6.44,3.689926291,1147.0,0.0469,706.62,0.0,5890.0,1.11,2.5
4473,Kepler-681 b,3.08,9.69,26.39435646,489.0,0.1635,14.151,0.0,5021.0,0.76,1.82
4474,Kepler-682 b,7.37,42.6,12.611906672,753.0,0.1058,306.102,0.0,5559.0,0.89,0.585
4475,Kepler-683 b,1.97,4.54,2.539183179,1332.0,0.0355,702.281,0.0,5703.0,0.95,3.26
4476,Kepler-684 b,3.36,11.2,6.770302008,812.0,0.064,102.87,0.0,5493.0,0.86,1.62
4477,Kepler-685 b,10.58,78.8,1.6255222,1579.0,0.0265,1137.124,0.0,5963.0,1.16,0.366
4478,Kepler-686 b,12.15,,1.594745463,1539.0,0.0258,2132.903,0.0,5649.0,0.92,
4479,Kepler-687 b,3.52,12.2,20.50586978,518.0,0.1326,15.648,0.0,4841.0,0.73,1.54
4480,Kepler-688 b,9.76,68.7,3.895936844,1005.0,0.046,458.912,0.0,5715.0,0.96,0.406
4481,Kepler-689 b,2.89,8.7,22.36656079,536.0,0.1449,35.337,0.0,5518.0,0.88,1.98
4482,Kepler-69 b,2.24,5.65,13.722341,779.0,0.094,123.517,0.16,5638.0,0.93,2.76
4483,Kepler-69 c,1.71,3.57,242.4613,299.0,0.64,2.687,0.14,5638.0,0.93,3.92
4484,Kepler-690 b,5.95,29.6,7.748094374,964.0,0.081,225.701,0.0,5913.0,1.16,0.772
4485,Kepler-691 b,2.09,5.02,8.114379,460.0,0.0649,12.995,0.0,3715.0,0.5,3.02
4486,Kepler-692 b,3.11,9.85,21.81293494,639.0,0.1495,28.504,0.0,5440.0,0.86,1.8
4487,Kepler-693 b,10.18,73.8,15.37563332,600.0,0.1121,31.641,0.0,4881.0,0.72,0.384
4488,Kepler-694 b,2.8,8.25,6.365841612,914.0,0.0659,206.438,0.0,5700.0,0.95,2.07
4489,Kepler-695 b,9.21,62.3,3.040330424,1021.0,0.0374,499.064,0.0,5181.0,0.8,0.438
4490,Kepler-696 b,6.14,31.3,4.190425575,1234.0,0.0535,607.525,0.0,5903.0,1.08,0.743
4491,Kepler-697 b,4.13,16.0,3.709870645,1151.0,0.0471,472.236,0.0,5513.0,0.88,1.25
4492,Kepler-698 b,3.68,13.1,16.32976218,727.0,0.1255,172.557,0.0,5612.0,0.91,1.44
4493,Kepler-7 b,18.180998,140.16303,4.8854892,1630.0,0.06067,1375.11,0.0,5933.0,1.966,0.14
4494,Kepler-700 b,5.99,30.0,80.8720639,452.0,0.3577,12.071,0.0,5692.0,0.96,0.767
4495,Kepler-701 b,2.84,8.45,10.35533177,777.0,0.0895,75.623,0.0,5343.0,0.84,2.03
4496,Kepler-702 b,9.17,61.8,10.526294063,713.0,0.088,88.906,0.0,5419.0,0.86,0.44
4497,Kepler-703 b,8.2,51.1,4.583521756,1038.0,0.0535,373.108,0.0,6185.0,1.27,0.509
4498,Kepler-704 b,2.61,7.32,3.76182115,1121.0,0.047,514.124,0.0,5616.0,0.96,2.26
4499,Kepler-705 b,2.11,5.1,56.0560538,265.0,0.232,0.729,0.0,3722.0,0.51,2.98
4500,Kepler-707 b,1.33,2.33,2.237492751,1160.0,0.0325,336.673,0.0,5099.0,0.76,5.44
4501,Kepler-708 b,2.93,8.91,3.167891938,1221.0,0.0426,684.765,0.0,5692.0,0.96,1.95
4502,Kepler-709 b,2.92,8.85,16.08524954,613.0,0.1173,28.216,0.0,5071.0,0.77,1.95
4503,Kepler-710 b,1.88,4.19,4.347285527,1174.0,0.0524,710.872,0.0,5611.0,0.91,3.47
4504,Kepler-711 b,3.41,11.5,23.58914398,487.0,0.1429,15.569,0.0,5222.0,0.8,1.59
4505,Kepler-712 b,3.41,11.5,21.02247699,521.0,0.13615,15.801,0.0,5148.0,0.78,1.59
4506,Kepler-712 c,4.85,21.0,226.89047,236.0,0.66479,0.662,0.0,5148.0,0.78,1.01
4507,Kepler-713 b,2.48,6.71,7.411141,905.0,0.0748,228.283,0.0,5785.0,0.99,2.42
4508,Kepler-714 b,9.67,67.6,8.098887986,986.0,0.0832,484.006,0.0,5995.0,1.12,0.411
4509,Kepler-715 b,3.75,13.5,10.00652995,876.0,0.0933,181.408,0.0,5871.0,1.04,1.41
4510,Kepler-716 b,2.9,8.75,10.37168453,720.0,0.08628,42.493,0.0,5099.0,0.78,1.97
4511,Kepler-716 c,1.39281536,2.52,3.96999,992.0,0.04548,151.8,0.0,5012.0,0.742183,5.12
4512,Kepler-717 b,2.42,6.44,4.40840023,1139.0,0.052,398.0,0.0,5485.0,0.85,2.5
4513,Kepler-718 b,16.56,,2.052349905,1497.0,0.0322,1324.2,0.0,6191.0,1.3,
4514,Kepler-719 b,8.52,54.5,5.007317779,998.0,0.0556,234.28,0.0,5777.0,0.98,0.484
4515,Kepler-720 b,8.41,53.4,4.708326542,1162.0,0.0539,384.561,0.0,5618.0,0.92,0.493
4516,Kepler-721 b,2.64,7.46,5.392025388,850.0,0.0583,138.751,0.0,5075.0,0.78,2.23
4517,Kepler-722 b,2.63,7.41,4.093573252,1182.0,0.0514,414.601,0.0,5863.0,1.05,2.24
4518,Kepler-722 c,2.82,8.35,105.144749,401.0,0.4471,5.48,0.0,5863.0,1.05,2.05
4519,Kepler-723 b,12.19,,4.082275068,1016.0,0.0479,251.48,0.0,5539.0,0.89,
4520,Kepler-724 b,3.29,10.8,3.314946338,1155.0,0.0433,339.401,0.0,5437.0,0.86,1.67
4521,Kepler-725 b,10.8,81.6,39.64372,514.0,0.2238,12.1,0.231,5395.0,0.88,0.356
4522,Kepler-725 c,3.08,9.7,207.541,268.0,0.6744,1.4,0.436,5395.0,0.88,1.82
4523,Kepler-726 b,3.26,10.7,21.80451088,543.0,0.1406,25.296,0.0,5452.0,0.85,1.7
4524,Kepler-727 b,2.53,6.94,5.154484417,964.0,0.0546,176.685,0.0,5441.0,0.86,2.35
4525,Kepler-728 b,3.34,11.1,5.743477265,982.0,0.0625,484.51,0.0,5660.0,0.93,1.64
4526,Kepler-729 b,3.58,12.5,3.166353714,1273.0,0.0432,1089.549,0.0,5633.0,0.91,1.5
4527,Kepler-730 b,12.3299,,6.491682808,1219.0,0.0694,418.797,0.0,5620.0,1.411,
4528,Kepler-730 c,1.56926,3.09,2.85188338,1607.0,0.03997,903.77,0.0,5620.0,1.411,4.39
4529,Kepler-731 b,13.88,,3.855603551,1212.0,0.0505,456.703,0.0,5849.0,1.06,
4530,Kepler-732 b,2.18,5.39,9.467814048,407.0,0.0691,8.559,0.0,3631.0,0.46,2.86
4531,Kepler-732 c,1.27,2.15,0.893041236,893.0,0.0143,199.846,0.0,3631.0,0.46,5.77
4532,Kepler-733 b,2.82,8.35,20.83424726,595.0,0.1483,24.507,0.0,5418.0,0.86,2.05
4533,Kepler-734 b,3.56,12.4,6.104852856,784.0,0.0583,89.25,0.0,5326.0,0.78,1.51
4534,Kepler-735 b,2.95,9.01,11.51516988,657.0,0.0965,32.679,0.0,5107.0,0.8,1.93
4535,Kepler-736 b,2.93,8.91,3.60147201,996.0,0.0428,233.031,0.0,5217.0,0.81,1.95
4536,Kepler-737 b,1.96,4.5,28.59915399,298.0,0.1422,2.297,0.0,3813.0,0.48,3.28
4537,Kepler-738 b,2.5,6.8,24.58721573,530.0,0.1552,27.644,0.0,5327.0,0.82,2.39
4538,Kepler-739 b,3.32,11.0,12.53248465,775.0,0.1054,115.963,0.0,5601.0,0.9,1.65
4539,Kepler-74 b,10.76,200.22,7.340711,1078.0,0.0781,337.682,0.0,6000.0,1.12,0.88
4540,Kepler-740 b,4.57,18.9,3.584101216,1131.0,0.0462,432.866,0.0,5438.0,0.87,1.09
4541,Kepler-741 b,2.97,9.11,7.03902374,1051.0,0.0744,461.993,0.0,6129.0,1.24,1.91
4542,Kepler-742 b,3.24,10.6,8.360868238,690.0,0.0744,38.101,0.0,4642.0,0.71,1.71
4543,Kepler-743 b,1.21,1.92,3.179262921,1101.0,0.04166,397.252,0.0,5486.0,0.85,5.96
4544,Kepler-744 b,1.62,3.26,12.06222443,750.0,0.09735,62.955,0.0,5594.0,0.93,4.21
4545,Kepler-745 b,2.16,5.31,9.93143556,931.0,0.0915,286.026,0.0,5849.0,1.04,2.9
4546,Kepler-746 b,1.11,1.41,3.48159251,1156.0,0.0435,421.61,0.0,5418.0,0.93,5.67
4547,Kepler-747 b,5.27,24.1,35.61760587,456.0,0.1916,10.19,0.0,5096.0,0.78,0.905
4548,Kepler-748 b,2.52,6.9,7.40742793,938.0,0.0745,439.778,0.0,5934.0,1.1,2.37
4549,Kepler-749 b,3.1,9.8,17.31716585,454.0,0.1054,24.631,0.0,5009.0,0.75,1.81
4550,Kepler-75 b,11.77,3209.9,8.8849116,767.0,0.0818,106.484,0.57,5200.0,0.89,11.0
4551,Kepler-750 b,3.07,9.64,9.42887179,1163.0,0.08742,255.74,0.0,6160.0,1.23,1.83
4552,Kepler-750 c,1.62,3.26,4.08899022,1537.0,0.05009,778.592,0.0,6160.0,1.23,4.21
4553,Kepler-751 b,2.46,6.62,17.44490636,679.0,0.1263,39.01,0.0,5387.0,0.84,2.44
4554,Kepler-752 b,2.81,8.3,18.82747265,632.0,0.1353,45.278,0.0,5373.0,0.83,2.06
4555,Kepler-753 b,1.91,4.31,5.747725012,641.0,0.054,41.674,0.0,4346.0,0.65,3.4
4556,Kepler-754 b,2.01,4.7,14.5596237,758.0,0.116,216.473,0.0,5935.0,1.08,3.18
4557,Kepler-755 b,1.76,3.75,1.269090374,1331.0,0.02156,889.888,0.0,5043.0,0.77,3.78
4558,Kepler-755 c,1.26,2.13,2.853133644,1016.0,0.037,302.574,0.0,5043.0,0.77,5.85
4559,Kepler-756 b,1.12,1.46,1.224866322,1741.0,0.0219,2174.33,0.0,5282.0,0.79,5.71
4560,Kepler-757 b,1.36,2.42,1.022678821,1734.0,0.019,3345.453,0.0,6014.0,1.13,5.29
4561,Kepler-758 b,2.48,6.71,12.1097104,1005.0,0.10754,349.193,0.0,6228.0,1.42,2.42
4562,Kepler-758 c,1.69,3.5,4.75793986,1372.0,0.05768,1211.822,0.0,6228.0,1.42,3.98
4563,Kepler-758 d,2.12,5.14,20.4966197,843.0,0.1527,173.171,0.0,6228.0,1.42,2.96
4564,Kepler-758 e,1.53,2.96,8.1934719,1144.0,0.0829,588.402,0.0,6228.0,1.42,4.54
4565,Kepler-759 b,2.27,5.77,41.805985,533.0,0.2329,19.02,0.0,5860.0,1.04,2.71
4566,Kepler-76 b,15.24424,638.8383,1.5449298,2140.0,0.0274,3583.673,0.0,6409.0,1.32,1.1
4567,Kepler-760 b,3.06,9.59,8.70419416,748.0,0.08087,84.406,0.0,5322.0,0.85,1.84
4568,Kepler-760 c,1.48,2.79,2.46697439,1139.0,0.03489,453.648,0.0,5322.0,0.85,4.73
4569,Kepler-761 b,2.03,4.78,10.12804789,767.0,0.0874,95.447,0.0,5706.0,0.93,3.14
4570,Kepler-762 b,12.68,,3.770552098,1302.0,0.0493,1065.734,0.0,5944.0,1.08,
4571,Kepler-763 b,1.22,1.98,1.19655156,1414.0,0.0205,974.089,0.0,5166.0,0.8,5.99
4572,Kepler-763 c,1.42,2.6,4.09667624,938.0,0.0466,182.9,0.0,4999.0,0.843,4.99
4573,Kepler-763 d,1.67,3.43,6.50327035,804.0,0.0634,98.81,0.0,4999.0,0.843,4.05
4574,Kepler-764 b,1.64,3.33,7.33683936,875.0,0.0724,160.457,0.0,5557.0,0.89,4.15
4575,Kepler-765 b,2.43,6.48,27.6655226,641.0,0.1754,48.947,0.0,5901.0,1.06,2.48
4576,Kepler-766 b,3.39,11.4,6.10027804,990.0,0.066,227.15,0.0,5992.0,1.15,1.61
4577,Kepler-767 b,6.64,35.7,161.5280101,366.0,0.5874,9.365,0.0,5694.0,0.94,0.67
4578,Kepler-768 b,1.79,3.86,11.3910025,618.0,0.092,40.589,0.0,5108.0,0.78,3.7
4579,Kepler-769 b,2.92,8.85,7.42608998,1037.0,0.0778,241.128,0.0,6186.0,1.28,1.95
4580,Kepler-769 c,1.79,3.86,15.9870174,803.0,0.1297,86.761,0.0,6186.0,1.28,3.7
4581,Kepler-77 b,10.761,136.661,3.57878087,1440.0,0.04501,432.871,0.0,5520.0,0.99,0.603
4582,Kepler-770 b,2.3,5.9,18.92540274,1171.0,0.1694,27.736,0.0,5598.0,0.92,2.66
4583,Kepler-770 c,1.2,1.87,1.475322314,2740.0,0.0309,833.588,0.0,5598.0,0.92,5.95
4584,Kepler-770 d,1.4,2.54,4.15244722,1941.0,0.0616,209.752,0.0,5598.0,0.92,5.09
4585,Kepler-771 b,1.82,3.97,8.73485836,890.0,0.0843,339.296,0.0,5906.0,1.05,3.62
4586,Kepler-772 b,1.82,3.97,12.99207337,866.0,0.11153,264.576,0.0,5714.0,1.11,3.62
4587,Kepler-773 b,1.43,2.63,3.749100061,1160.0,0.04682,490.707,0.0,5850.0,1.01,4.94
4588,Kepler-774 b,3.17,10.2,11.0895723,1422.0,0.1082,451.177,0.0,6403.0,2.42,1.76
4589,Kepler-775 b,1.19,1.81,0.974868926,1612.0,0.01834,1496.75,0.0,5468.0,0.84,5.9
4590,Kepler-776 b,1.28,2.18,4.89718784,904.0,0.0523,135.082,0.0,5071.0,0.78,5.71
4591,Kepler-777 b,1.47,2.76,5.72812599,569.0,0.0519,33.953,0.0,4043.0,0.56,4.77
4592,Kepler-778 b,1.68,3.46,3.75574426,977.0,0.0453,216.568,0.0,5102.0,0.77,4.01
4593,Kepler-779 b,0.92,0.721,7.09714223,425.0,0.0533,15.028,0.0,3804.0,0.44,5.09
4594,Kepler-78 b,1.201,1.68,0.35500745,2223.0,0.00901,4070.0,0.0,5058.0,0.7475,5.33
4595,Kepler-780 b,0.89,0.64,0.677375164,2099.0,0.015,4572.56,0.0,5769.0,1.02,4.99
4596,Kepler-781 b,2.89,8.7,13.2140732,629.0,0.1019,44.397,0.0,5162.0,0.78,1.98
4597,Kepler-782 b,3.21,10.4,158.6853308,350.0,0.54494,3.987,0.0,5867.0,1.01,1.73
4598,Kepler-783 b,0.78,0.399,4.29264638,991.0,0.04958,229.104,0.0,5521.0,0.89,4.62
4599,Kepler-783 c,2.33153725,6.04,7.05395,840.0,0.06903,113.3,0.0,5411.49,0.872088,2.62
4600,Kepler-784 b,1.58,3.12,31.5922646,688.0,0.22111,194.385,0.0,5674.0,1.32,4.35
4601,Kepler-784 c,1.55,3.02,17.157236,844.0,0.1309,119.87,0.0,5676.0,1.487,4.46
4602,Kepler-785 b,13.02,,1.973760926,753.0,0.025,163.862,0.0,4739.0,0.71,
4603,Kepler-786 b,2.43,6.48,53.5293487,348.0,0.25483,3.658,0.0,4838.0,0.74,2.48
4604,Kepler-787 b,1.28,2.18,0.928310498,1115.0,0.0159,493.553,0.0,4248.0,0.62,5.71
4605,Kepler-788 b,2.55,7.04,8.39846269,984.0,0.0835,357.191,0.0,6159.0,1.23,2.33
4606,Kepler-789 b,2.12,5.14,8.63847725,1419.0,0.0951,312.34,0.0,5870.0,1.02,2.96
4607,Kepler-79 b,3.47,10.9,13.4845,929.0,0.117,205.404,0.015,6174.0,1.302,1.43
4608,Kepler-79 c,3.72,5.9,27.4029,734.0,0.187,79.765,0.03,6174.0,1.302,0.62
4609,Kepler-79 d,7.16,6.0,52.0902,592.0,0.287,33.874,0.025,6174.0,1.302,0.09
4610,Kepler-79 e,3.49,4.1,81.0659,511.0,0.386,18.78,0.012,6174.0,1.302,0.53
4611,Kepler-790 b,2.18,5.39,13.73469807,634.0,0.101,38.274,0.0,5208.0,0.8,2.86
4612,Kepler-791 b,3.05,9.53,14.5539759,939.0,0.1256,140.057,0.0,6383.0,1.47,1.85
4613,Kepler-792 b,1.96,4.5,11.30119217,852.0,0.0988,176.032,0.0,5971.0,1.12,3.28
4614,Kepler-793 b,1.37,2.45,4.24153639,1177.0,0.0491,617.407,0.0,5745.0,0.97,5.24
4615,Kepler-794 b,2.11,5.1,11.13125132,952.0,0.10036,299.97,0.0,5839.0,1.38,2.98
4616,Kepler-795 b,1.68,3.46,29.6193421,580.0,0.1803,28.9,0.0,5631.0,0.96,4.01
4617,Kepler-796 b,1.3,2.24,6.40087618,1109.0,0.07317,962.264,0.0,5475.0,1.09,5.6
4618,Kepler-797 b,2.17,5.35,27.07237711,605.0,0.181,90.1,0.0,5680.0,0.95,2.88
4619,Kepler-798 b,2.39,6.3,13.71933369,864.0,0.1174,141.888,0.0,6224.0,1.29,2.54
4620,Kepler-799 b,6.88,37.9,133.4605235,433.0,0.5167,6.356,0.0,5681.0,0.93,0.64
4621,Kepler-799 c,2.78068551,8.15,15.19419956,893.0,0.1214,150.25,0.0,5588.0,1.593,2.08
4622,Kepler-8 b,15.871944,187.5197,3.5224991,1680.0,0.0474,1444.881,0.0,6213.0,1.486,0.27
4623,Kepler-80 b,2.67,6.93,7.05246,547.0,0.0648,54.382,0.0049,4540.0,0.678,1.38
4624,Kepler-80 c,2.74,6.74,9.52355,495.0,0.0792,36.482,0.0079,4540.0,0.678,1.22
4625,Kepler-80 d,1.53,6.75,3.07222,722.0,0.0372,164.625,0.0041,4540.0,0.678,7.04
4626,Kepler-80 e,1.6,4.13,4.64489,629.0,0.0491,94.781,0.0035,4540.0,0.678,3.75
4627,Kepler-80 f,1.21,4459.73,0.9867873,1054.0,0.0175,750.964,0.186,4540.0,0.678,703.0
4628,Kepler-80 g,1.13,0.065,14.64558,418.0,,,0.1303,4540.0,0.678,0.31
4629,Kepler-800 b,2.85,8.5,14.13176026,675.0,0.1106,44.872,0.0,5315.0,0.82,2.02
4630,Kepler-801 b,2.0,4.66,11.41928253,419.0,0.0795,14.442,0.0,4435.0,0.63,3.2
4631,Kepler-802 b,3.54,12.3,40.0587473,489.0,0.2265,13.508,0.0,5507.0,0.9,1.52
4632,Kepler-803 b,3.79,13.8,50.28638192,543.0,0.26721,20.882,0.0,5919.0,1.12,1.39
4633,Kepler-804 b,1.94,4.42,14.37457351,779.0,0.11287,83.427,0.0,5817.0,1.05,3.33
4634,Kepler-804 c,1.14,1.55,9.65185017,890.0,0.08654,141.839,0.0,5817.0,1.05,5.75
4635,Kepler-805 b,2.89,8.7,30.8638931,743.0,0.19852,86.473,0.0,6112.0,1.65,1.98
4636,Kepler-806 b,1.14,1.55,8.09219642,1089.0,0.07684,413.603,0.0,5770.0,1.16,5.75
4637,Kepler-808 b,1.46,2.73,0.631332353,1322.0,0.01314,1428.3,0.0,4653.0,0.71,4.82
4638,Kepler-809 b,3.01,9.32,55.63934,478.0,0.2901,13.155,0.0,5734.0,0.98,1.88
4639,Kepler-81 b,2.42,17.2,5.955,635.0,0.0522,39.95,0.0,4385.0,0.59,6.67
4640,Kepler-81 c,2.37,4.3,12.04,502.0,0.08347,15.62,0.0,4385.0,0.59,1.77
4641,Kepler-81 d,1.21,1.92,20.837846,418.0,0.128,7.507,0.0,4500.0,0.595,5.96
4642,Kepler-810 b,1.93,4.38,4.59725385,1105.0,0.055,350.597,0.0,5803.0,1.04,3.35
4643,Kepler-811 b,2.7,7.75,23.58447697,730.0,0.15911,78.59,0.0,5747.0,1.24,2.16
4644,Kepler-812 b,3.55,12.3,10.11716531,1163.0,0.1024,421.917,0.0,6761.0,1.71,1.51
4645,Kepler-813 b,2.14,5.22,19.12947337,817.0,0.1439,56.04,0.0,5743.0,0.93,2.93
4646,Kepler-814 b,2.12,5.14,6.1469851,1164.0,0.0695,935.124,0.0,6162.0,1.22,2.96
4647,Kepler-815 b,4.11,15.8,8.57503552,1374.0,0.09473,979.136,0.0,5028.0,3.42,1.25
4648,Kepler-816 b,10.24,74.5,10.506825646,668.0,0.0895,50.563,0.0,5286.0,0.85,0.381
4649,Kepler-817 b,9.03,60.2,3.990106229,1124.0,0.0493,550.203,0.0,5861.0,1.03,0.449
4650,Kepler-818 b,5.11,22.9,10.035385814,786.0,0.0886,100.779,0.0,5638.0,0.92,0.943
4651,Kepler-819 b,2.76,8.05,33.1995648,485.0,0.1894,9.913,0.0,5279.0,0.81,2.1
4652,Kepler-82 b,4.07,12.15,26.44,562.0,0.1683,19.558,0.0033,5401.0,0.898,0.98
4653,Kepler-82 c,5.34,13.9,51.54,450.0,0.2626,8.035,0.007,5401.0,0.898,0.494
4654,Kepler-82 d,1.77,885.098,2.382961,1253.0,0.034,484.351,0.0,5428.0,0.945,220.0
4655,Kepler-82 e,2.47,254.02,5.902206,926.0,0.063,144.337,0.0,5428.0,0.945,0.54
4656,Kepler-82 f,4.84,20.9,75.732,,0.3395,,0.0014,5401.0,0.898,1.01
4657,Kepler-820 b,6.09,30.8,127.8338098,554.0,0.56004,16.228,0.0,6260.0,1.36,0.749
4658,Kepler-821 b,1.31,2.27,1.92279873,1215.0,0.029,496.82,0.0,5191.0,0.8,5.55
4659,Kepler-822 b,1.77,3.78,3.222969273,1239.0,0.04078,535.188,0.0,5928.0,1.08,3.75
4660,Kepler-823 b,1.57,3.09,4.16809082,1277.0,0.0507,803.353,0.0,5643.0,0.96,4.39
4661,Kepler-824 b,1.87,4.16,4.51436633,1231.0,0.055,454.604,0.0,6035.0,1.22,3.5
4662,Kepler-825 b,1.53,2.96,3.77360059,1270.0,0.0453,734.464,0.0,5976.0,1.08,4.54
4663,Kepler-825 c,1.84,4.04,8.1818246,981.0,0.0759,261.628,0.0,5976.0,1.08,3.56
4664,Kepler-826 b,1.25,2.1,4.48758907,1305.0,0.05202,827.221,0.0,6079.0,1.15,5.91
4665,Kepler-827 b,5.63,27.0,51.92927591,574.0,0.2742,23.602,0.0,5602.0,0.91,0.831
4666,Kepler-828 b,1.51,2.89,0.567857136,1848.0,0.01228,1835.159,0.0,5039.0,0.77,4.61
4667,Kepler-829 b,2.11,5.1,6.88337562,857.0,0.0678,247.47,0.0,5698.0,0.97,2.98
4668,Kepler-83 b,2.83,2.94,9.77,460.0,0.07295,15.412,0.0,4082.0,0.61,0.83
4669,Kepler-83 c,2.36,2.03,20.09,362.0,0.11796,5.9,0.0,4082.0,0.61,0.38
4670,Kepler-83 d,1.94,4.1,5.169796,569.0,0.051,28.81,0.0,4648.0,0.594,0.56
4671,Kepler-830 b,1.7,3.53,11.29695137,907.0,0.1033,160.18,0.0,6037.0,1.11,3.95
4672,Kepler-831 b,1.27,2.15,5.62153941,992.0,0.05984,266.249,0.0,5732.0,0.97,5.77
4673,Kepler-832 b,2.06,4.9,7.1396941,965.0,0.075,256.828,0.0,5596.0,0.9,3.08
4674,Kepler-833 b,2.02,4.74,18.7546998,382.0,0.1139,8.313,0.0,4339.0,0.62,3.16
4675,Kepler-834 b,2.02,4.74,13.32388301,378.0,0.0862,11.845,0.0,4554.0,0.66,3.16
4676,Kepler-835 b,2.79,8.2,11.41909375,921.0,0.107,170.33,0.0,5954.0,1.11,2.07
4677,Kepler-836 b,2.73,7.9,11.36112327,869.0,0.1013,135.797,0.0,5895.0,1.04,2.13
4678,Kepler-837 b,2.56,7.08,16.56059504,701.0,0.1144,55.966,0.0,5403.0,0.81,2.32
4679,Kepler-838 b,2.73,7.9,15.74957994,777.0,0.1266,61.089,0.0,5770.0,0.96,2.13
4680,Kepler-839 b,2.57,7.13,37.8144514,626.0,0.2316,46.303,0.0,6058.0,1.31,2.31
4681,Kepler-84 b,2.23,40.0,8.726,985.0,0.0827,222.19,0.0,6039.0,1.43,19.8
4682,Kepler-84 c,2.36,20.2,12.883,865.0,0.1072,132.23,0.0,6039.0,1.43,8.44
4683,Kepler-84 d,1.38,2.48,4.224537,1254.0,0.052,584.24,0.0,6031.0,1.169,5.19
4684,Kepler-84 e,2.6,7.27,27.434389,672.0,0.181,48.29,0.0,6031.0,1.169,2.27
4685,Kepler-84 f,2.2,5.48,44.552169,572.0,0.25,25.3,0.0,6031.0,1.169,2.83
4686,Kepler-841 b,5.23,23.8,124.4198398,416.0,0.479,1.648,0.0,5324.0,0.81,0.914
4687,Kepler-842 b,1.6,3.19,1.21956827,1252.0,0.0204,588.95,0.0,4848.0,0.73,4.28
4688,Kepler-843 b,2.59,7.22,2.053879821,1523.0,0.0313,890.333,0.0,5830.0,1.03,2.28
4689,Kepler-844 b,1.68,3.46,2.613020856,713.0,0.0298,89.652,0.0,4128.0,0.57,4.01
4690,Kepler-845 b,2.04,4.82,0.927859821,1361.0,0.01668,772.498,0.0,4913.0,0.75,3.12
4691,Kepler-846 b,2.48,6.71,19.80792185,624.0,0.1399,35.276,0.0,5579.0,0.91,2.42
4692,Kepler-847 b,1.18,1.76,2.343231895,1054.0,0.0315,292.31,0.0,4940.0,0.77,5.89
4693,Kepler-848 b,1.7,3.53,6.91134416,1086.0,0.07586,794.778,0.0,5695.0,1.2,3.95
4694,Kepler-849 b,8.08167508,298.75870258,394.62508,362.7,1.137,2.86,0.078,5950.0,1.822,3.09
4695,Kepler-85 b,1.778,1.84,8.3,809.0,0.07885,107.028,0.02,5505.2,0.875,1.819493
4696,Kepler-85 c,1.978,2.15,12.51,706.0,0.10363,61.929,0.027,5505.2,0.875,1.527272
4697,Kepler-85 d,1.2,8.69679,17.91323,626.0,0.13,38.39,0.0,5436.0,0.893,4.4
4698,Kepler-85 e,1.27,0.6,25.216751,559.0,0.163,24.318,0.0,5436.0,0.893,1.6
4699,Kepler-850 b,1.78,3.82,7.19303878,995.0,0.0744,329.283,0.0,5932.0,1.09,3.72
4700,Kepler-851 b,1.68,3.46,8.50699658,900.0,0.0802,103.828,0.0,5455.0,0.85,4.01
4701,Kepler-852 b,2.54,6.99,44.9309804,565.0,0.27967,92.131,0.0,6100.0,1.16,2.34
4702,Kepler-853 b,1.69,3.5,7.16892463,1187.0,0.079,499.301,0.0,6350.0,1.55,3.98
4703,Kepler-855 b,8.35,52.7,7.886631104,996.0,0.0762,405.183,0.0,5835.0,1.03,0.497
4704,Kepler-856 b,9.3,63.3,8.027680595,824.0,0.0787,153.497,0.0,5535.0,0.93,0.432
4705,Kepler-857 b,6.8,37.2,85.35129427,390.0,0.3751,5.747,0.0,5773.0,0.99,0.65
4706,Kepler-858 b,4.87,21.1,76.13602028,399.0,0.33939,6.338,0.0,5653.0,0.91,1.0
4707,Kepler-859 b,3.09,9.75,20.38177573,528.0,0.13157,14.897,0.0,5020.0,0.77,1.82
4708,Kepler-860 b,3.24,10.6,5.101379454,1050.0,0.058,233.621,0.0,5836.0,1.06,1.71
4709,Kepler-861 b,2.28,5.82,3.949631375,966.0,0.0463,197.29,0.0,5047.0,0.78,2.7
4710,Kepler-862 b,2.21,5.52,3.148664534,1097.0,0.039,547.293,0.0,5333.0,0.84,2.81
4711,Kepler-863 b,2.9,8.75,15.59461874,718.0,0.122,117.828,0.0,5678.0,0.95,1.97
4712,Kepler-864 b,2.4,6.35,5.83376092,1143.0,0.0687,464.765,0.0,5754.0,1.0,2.52
4713,Kepler-864 c,1.62,3.26,2.42150341,1532.0,0.0382,1305.04,0.0,6213.0,1.195,4.21
4714,Kepler-865 b,2.49,6.76,14.16399294,694.0,0.1057,46.362,0.0,5570.0,0.92,2.41
4715,Kepler-865 c,0.89,0.64,6.20920207,914.0,0.061,164.98,0.0,5440.0,0.885,4.99
4716,Kepler-866 b,1.63,3.29,2.617032536,996.0,0.0331,196.127,0.0,4751.0,0.71,4.17
4717,Kepler-867 b,4.64,19.4,150.242127,327.0,0.5375,2.72,0.0,5541.0,0.91,1.07
4718,Kepler-868 b,2.05,4.86,5.03251791,1047.0,0.0575,417.034,0.0,5614.0,0.89,3.1
4719,Kepler-869 b,3.61,12.7,40.4287755,494.0,0.2244,17.234,0.0,5664.0,0.95,1.48
4720,Kepler-87 b,13.49,324.2,114.73635,478.0,0.481,9.203,0.036,5600.0,1.82,0.729
4721,Kepler-87 c,6.14,6.4,191.2318,403.0,0.676,4.656,0.039,5600.0,1.82,0.152
4722,Kepler-870 b,2.78,8.15,21.3587621,691.0,0.1539,54.869,0.0,5857.0,1.02,2.08
4723,Kepler-871 b,3.74,13.5,22.0459018,640.0,0.1572,79.722,0.0,5993.0,1.14,1.42
4724,Kepler-872 b,1.99,4.62,2.578855068,1230.0,0.0362,553.056,0.0,5902.0,1.08,3.22
4725,Kepler-873 b,3.75,13.5,20.5533844,749.0,0.1542,68.015,0.0,6163.0,1.27,1.41
4726,Kepler-874 b,3.94,14.7,40.0686727,560.0,0.2234,31.624,0.0,6020.0,1.13,1.32
4727,Kepler-875 b,2.9,8.75,27.5073799,569.0,0.1771,41.431,0.0,5958.0,1.11,1.97
4728,Kepler-876 b,1.43,2.63,5.14438011,923.0,0.0549,152.746,0.0,5060.0,0.77,4.94
4729,Kepler-877 b,2.12,5.14,18.45847097,632.0,0.1301,37.81,0.0,5261.0,0.81,2.96
4730,Kepler-878 b,1.93,4.38,25.9422033,501.0,0.165,27.009,0.0,5044.0,0.77,3.35
4731,Kepler-879 b,2.57,7.13,33.3855938,580.0,0.2012,29.128,0.0,5792.0,1.02,2.31
4732,Kepler-879 c,0.4,0.0364,0.646716,,,,,5456.75,1.022,3.13
4733,Kepler-88 d,13.1,965.14699656,1403.0,,2.466329866,,0.41,5466.0,0.897,2.36
4734,Kepler-880 b,2.66,7.56,7.71468975,1622.0,0.0915,586.169,0.0,6761.0,1.74,2.21
4735,Kepler-880 c,2.87,8.6,11.8061737,1407.0,0.1216,926.72,0.0,6900.0,2.599,2.0
4736,Kepler-881 b,1.78,3.82,4.44448017,1217.0,0.0552,538.569,0.0,5961.0,1.09,3.72
4737,Kepler-882 b,1.23,2.04,3.989539666,903.0,0.04741,259.029,0.0,5476.0,0.87,6.02
4738,Kepler-883 b,1.78,3.82,12.98495573,818.0,0.10288,163.052,0.0,6116.0,1.09,3.72
4739,Kepler-884 b,1.23,2.04,5.69919514,964.0,0.06116,139.5,0.0,5715.0,0.94,6.02
4740,Kepler-885 b,2.5,6.8,18.11472949,830.0,0.14403,124.646,0.0,6187.0,1.35,2.39
4741,Kepler-886 b,1.52,2.92,6.24146367,1111.0,0.06428,231.432,0.0,6098.0,1.16,4.57
4742,Kepler-887 b,1.84,4.04,20.42228798,785.0,0.15431,109.842,0.0,6194.0,1.29,3.56
4743,Kepler-887 c,1.13,1.51,7.63846023,1089.0,0.0801,407.977,0.0,6194.0,1.29,5.75
4744,Kepler-888 b,1.76,3.75,70.6979061,417.0,0.31481,7.854,0.0,5875.0,0.9,3.78
4745,Kepler-889 b,1.09,1.32,3.744439,1328.0,0.04975,954.588,0.0,5961.0,1.25,5.6
4746,Kepler-890 b,8.89,58.6,52.75875577,540.0,0.2944,30.227,0.0,5954.0,1.13,0.458
4747,Kepler-891 b,6.41,33.6,53.44945593,486.0,0.2881,44.326,0.0,5887.0,1.07,0.701
4748,Kepler-892 b,2.81,8.3,13.7521072,556.0,0.1015,18.196,0.0,4747.0,0.72,2.06
4749,Kepler-893 b,3.03,9.43,6.33855761,1034.0,0.0699,266.271,0.0,5820.0,0.99,1.86
4750,Kepler-894 b,2.78,8.15,9.803224,896.0,0.0916,119.881,0.0,5603.0,0.85,2.08
4751,Kepler-895 b,1.54,2.99,2.806242328,771.0,0.0328,106.585,0.0,4315.0,0.61,4.5
4752,Kepler-896 b,2.53,6.94,144.547396,303.0,0.56378,1.99,0.0,5262.0,0.81,2.35
4753,Kepler-896 c,3.15,10.1,29.5422566,515.0,0.1792,16.56,0.0,5510.0,0.803,1.78
4754,Kepler-897 b,2.39,6.3,8.0472642,855.0,0.077,354.221,0.0,5839.0,1.04,2.54
4755,Kepler-898 b,1.49,2.83,5.8706191,616.0,0.0545,37.11,0.0,4223.0,0.62,4.7
4756,Kepler-899 b,2.68,7.65,19.17891293,640.0,0.1392,62.198,0.0,5595.0,0.91,2.18
4757,Kepler-9 b,8.29,43.4,19.23891,661.0,0.143,48.229,0.0609,5774.0,0.958,0.42
4758,Kepler-9 c,8.08,29.9,38.9853,523.0,0.227,18.903,0.06691,5774.0,0.958,0.31
4759,Kepler-9 d,1.64,8.41466053,1.592851,2026.0,0.0273,1339.658,0.0,5777.0,1.02,13.547166
4760,Kepler-90 i,1.32,2.3,14.44912,709.0,0.1201380843,,0.0,6015.0,1.29,5.5
4761,Kepler-900 b,2.08,4.98,6.9913086,716.0,0.0679,54.109,0.0,4836.0,0.73,3.04
4762,Kepler-901 b,1.37,2.45,3.517494394,704.0,0.0378,68.723,0.0,4184.0,0.57,5.24
4763,Kepler-902 b,2.54,6.99,40.1099547,556.0,0.223,24.875,0.0,5647.0,0.93,2.34
4764,Kepler-903 b,2.01,4.7,10.3507721,842.0,0.09081,274.845,0.0,5682.0,0.97,3.18
4765,Kepler-903 c,2.53,6.94,62.9228557,462.0,0.30249,24.791,0.0,5682.0,0.97,2.35
4766,Kepler-904 b,1.77,3.78,3.021668632,1332.0,0.0417,875.419,0.0,6160.0,1.25,3.75
4767,Kepler-905 b,1.41,2.57,5.082746517,928.0,0.05689,185.771,0.0,5461.0,0.86,5.04
4768,Kepler-906 b,2.11,5.1,41.6979976,537.0,0.22363,21.987,0.0,6035.0,1.02,2.98
4769,Kepler-907 b,1.2,1.87,15.86621821,879.0,0.1225,137.66,0.0,6106.0,1.38,5.95
4770,Kepler-908 b,1.22,1.98,1.340597468,1783.0,0.02526,3304.101,0.0,5973.0,1.12,5.99
4771,Kepler-909 b,1.47,2.76,13.93290318,852.0,0.11873,127.24,0.0,6154.0,1.23,4.77
4772,Kepler-91 b,15.322703,257.4423,6.24658,2040.0,0.0731,3273.324,0.0519,4550.0,6.3,0.4
4773,Kepler-910 b,0.82,0.477,2.364369015,1752.0,0.03752,2108.073,0.0,6230.0,1.5,4.75
4774,Kepler-911 b,2.6,7.27,20.310501,931.0,0.15594,198.725,0.0,6112.0,1.99,2.27
4775,Kepler-912 b,2.8,8.25,2.534756273,1218.0,0.0339,519.95,0.0,5998.0,1.11,2.07
4776,Kepler-913 b,2.06,4.9,10.29672521,1129.0,0.1009,58.9,0.0,4687.0,0.61,3.08
4777,Kepler-913 c,3.8580709,14.2,5.939119816,1357.0,0.0699,122.82,0.0,6068.0,1.797,1.36
4778,Kepler-914 b,1.38,2.48,4.40966548,1192.0,0.05454,568.378,0.0,5877.0,1.15,5.19
4779,Kepler-915 b,1.5,2.86,4.59489604,1319.0,0.05655,844.751,0.0,6173.0,1.38,4.66
4780,Kepler-916 b,1.76,3.75,32.2968798,503.0,0.1885,14.683,0.0,5248.0,0.81,3.78
4781,Kepler-917 b,1.91,4.31,2.970414375,991.0,0.0378,228.11,0.0,5418.0,0.76,3.4
4782,Kepler-918 b,1.74,3.68,4.85386933,1052.0,0.0569,258.702,0.0,6028.0,1.14,3.84
4783,Kepler-919 b,2.25,5.69,11.04603384,869.0,0.0981,153.915,0.0,6113.0,1.21,2.74
4784,Kepler-92 b,3.51,64.3,13.749,975.0,0.12232,257.776,0.17,5883.0,1.7,2.098071
4785,Kepler-92 c,2.6,6.1,26.723,781.0,0.19054,106.207,0.04,5883.0,1.7,4.747125
4786,Kepler-92 d,2.067,11.8666806,49.3568,637.0,0.28682,46.844,0.07,5904.34,1.81719,7.457871
4787,Kepler-920 b,2.42,6.44,6.53192704,907.0,0.065,153.138,0.0,5403.0,0.85,2.5
4788,Kepler-920 c,3.8,13.8,100.8274113,364.0,0.4029,3.986,0.0,5403.0,0.85,1.38
4789,Kepler-921 b,2.87,8.6,51.300634,492.0,0.2716,15.007,0.0,5663.0,0.91,2.0
4790,Kepler-922 b,1.42,2.6,0.938466832,1876.0,0.01795,2142.634,0.0,5671.0,0.93,4.99
4791,Kepler-923 b,1.38,2.48,6.93366476,1104.0,0.07592,390.636,0.0,5988.0,1.26,5.19
4792,Kepler-924 b,3.07,9.64,61.0370117,610.0,0.31318,19.997,0.0,6167.0,1.23,1.83
4793,Kepler-925 b,2.34,6.08,33.8678531,394.0,0.1805,5.833,0.0,4673.0,0.72,2.61
4794,Kepler-926 b,2.31,5.95,52.0688601,524.0,0.2739,17.883,0.0,5806.0,1.01,2.65
4795,Kepler-927 b,1.72,3.61,9.1149903,906.0,0.0866,129.534,0.0,5743.0,0.99,3.9
4796,Kepler-928 b,1.59,3.15,3.932461302,894.0,0.0444,111.11,0.0,4700.0,0.7,4.31
4797,Kepler-929 b,1.11,1.41,0.921032135,2362.0,0.01982,8159.933,0.0,5869.0,1.02,5.67
4798,Kepler-93 b,1.478,4.66,4.72673978,1133.0,0.05343,275.0,0.0,5669.0,0.919,7.93
4799,Kepler-93 c,,954.0,1460.0,,,,,5669.0,0.92,
4800,Kepler-930 b,2.13,5.18,71.4517775,561.0,0.34593,16.851,0.0,6335.0,1.4,2.95
4801,Kepler-931 b,1.33,2.33,8.03755877,744.0,0.0719,72.44,0.0,5241.0,0.81,5.44
4802,Kepler-932 b,1.37,2.45,1.921437396,1276.0,0.02876,562.217,0.0,5331.0,0.84,5.24
4803,Kepler-933 b,2.46,6.62,14.20443009,602.0,0.1041,61.323,0.0,5346.0,0.84,2.44
4804,Kepler-934 b,2.09,5.02,55.6738309,384.0,0.2658,4.716,0.0,5001.0,0.77,3.02
4805,Kepler-935 b,1.35,2.39,4.88083852,879.0,0.0527,94.607,0.0,4830.0,0.73,5.34
4806,Kepler-936 b,1.45,2.7,10.56134221,867.0,0.0954,133.56,0.0,5482.0,0.89,4.87
4807,Kepler-937 b,3.72,13.4,67.668827,495.0,0.3214,20.627,0.0,6095.0,1.22,1.43
4808,Kepler-937 c,2.67,7.61,153.343364,377.0,0.5545,6.93,0.0,6095.0,1.22,2.2
4809,Kepler-938 b,2.22,5.56,52.6298417,544.0,0.2689,8.57,0.0,5533.0,0.89,2.79
4810,Kepler-939 b,1.75,3.71,14.878296,692.0,0.1153,54.19,0.0,5471.0,0.85,3.8
4811,Kepler-94 b,3.51,10.84,2.50806,997.0,0.03377,216.094,0.0,4781.0,0.76,1.45
4812,Kepler-94 c,12.5,3126.0,820.3,,1.596806621,,0.345931,4781.0,0.76,8.79
4813,Kepler-940 b,3.34,11.1,59.6225257,486.0,0.3059,10.519,0.0,5769.0,0.96,1.64
4814,Kepler-941 b,3.08,9.69,17.42395198,722.0,0.1311,47.032,0.0,5539.0,0.86,1.82
4815,Kepler-942 b,2.13,5.18,44.96417488,379.0,0.22737,4.957,0.0,4861.0,0.75,2.95
4816,Kepler-943 b,5.93,29.5,49.7701438,455.0,0.2559,10.16,0.0,5612.0,0.91,0.777
4817,Kepler-944 b,2.63,7.41,43.3167737,459.0,0.2288,20.174,0.0,5409.0,0.83,2.24
4818,Kepler-945 b,2.63,7.41,31.0033814,616.0,0.2037,31.702,0.0,5718.0,0.97,2.24
4819,Kepler-946 b,1.93,4.38,11.79162572,857.0,0.1002,124.072,0.0,5665.0,0.93,3.35
4820,Kepler-947 b,2.28,5.82,26.9644317,573.0,0.1773,51.95,0.0,5508.0,0.87,2.7
4821,Kepler-948 b,1.85,4.08,7.76846622,841.0,0.0749,126.203,0.0,5679.0,0.94,3.54
4822,Kepler-949 b,2.91,8.8,8.689307296,782.0,0.07739,58.442,0.0,5403.0,0.86,1.96
4823,Kepler-949 c,2.97,9.11,20.99757968,582.0,0.1394,27.2,0.0,5211.0,0.895,1.91
4824,Kepler-95 b,3.42,13.0,11.5231,927.0,0.10232,178.832,0.0,5699.0,1.41,1.71
4825,Kepler-950 b,8.98,59.6,98.7180406,360.0,0.3982,3.97,0.0,5857.0,1.02,0.452
4826,Kepler-951 b,5.59,26.7,71.52530845,340.0,0.3091,2.472,0.0,4834.0,0.73,0.84
4827,Kepler-952 b,7.65,45.4,130.3546919,369.0,0.5183,5.046,0.0,5730.0,0.99,0.557
4828,Kepler-953 b,4.21,16.5,88.40655258,410.0,0.392,5.84,0.0,5416.0,0.99,1.22
4829,Kepler-953 c,1.19,1.81,9.10967112,873.0,0.0862,121.04,0.0,5416.0,0.99,5.9
4830,Kepler-954 b,2.32,5.99,16.78176602,545.0,0.1202,21.531,0.0,4990.0,0.76,2.64
4831,Kepler-955 b,3.13,9.96,14.53244172,664.0,0.1083,33.091,0.0,5350.0,0.84,1.78
4832,Kepler-956 b,3.0,9.27,5.248672631,1056.0,0.06017,307.058,0.0,6040.0,1.15,1.89
4833,Kepler-957 b,5.5,25.9,5.907413537,769.0,0.0559,124.911,0.0,4963.0,0.75,0.855
4834,Kepler-958 b,2.06,4.9,9.7678805,749.0,0.08631,73.59,0.0,5421.0,0.86,3.08
4835,Kepler-959 b,4.38,17.6,14.80074836,1912.0,0.1633,165.868,0.0,7005.0,2.01,1.15
4836,Kepler-96 b,2.67,8.46,16.2385,711.0,0.1261,57.524,0.0,5690.0,1.02,2.26
4837,Kepler-960 b,2.29,5.86,3.12686223,1391.0,0.03807,129.223,0.0,4755.0,0.72,2.68
4838,Kepler-961 b,2.55,7.04,16.87727414,642.0,0.12585,40.4,0.0,5582.0,0.9,2.33
4839,Kepler-962 b,1.97,4.54,12.05707239,689.0,0.09874,53.823,0.0,5478.0,0.86,3.26
4840,Kepler-963 b,2.66,7.56,9.97683705,802.0,0.0849,83.494,0.0,5461.0,0.87,2.21
4841,Kepler-963 c,0.6,0.156,0.919783,,,,,5169.47,0.928,3.97
4842,Kepler-964 b,2.12,5.14,13.5225106,652.0,0.1073,43.916,0.0,5427.0,0.84,2.96
4843,Kepler-965 b,3.38,11.4,134.2527298,393.0,0.50998,4.98,0.0,5886.0,1.15,1.62
4844,Kepler-966 b,4.13,16.0,99.747622,391.0,0.3907,10.972,0.0,5840.0,1.02,1.25
4845,Kepler-967 b,2.35,6.12,13.22713379,638.0,0.1027,39.1,0.0,5178.0,0.8,2.59
4846,Kepler-967 c,3.65,12.9,198.7112502,258.0,0.6253,1.05,0.0,5178.0,0.8,1.46
4847,Kepler-968 b,2.0,4.66,3.692983728,745.0,0.0389,103.909,0.0,4598.0,0.7,3.2
4848,Kepler-968 c,1.69,3.5,5.709404918,644.0,0.052,58.15,0.0,4598.0,0.7,3.98
4849,Kepler-969 b,2.07,4.94,34.1731714,465.0,0.19726,10.166,0.0,5214.0,0.82,3.06
4850,Kepler-969 c,0.99,0.937,1.682934604,1270.0,0.0265,564.581,0.0,5214.0,0.82,5.31
4851,Kepler-97 b,1.48,3.51,2.58664,1328.0,0.03563,767.964,0.0,5779.0,0.98,5.44
4852,Kepler-97 c,,344.0,789.0,,,,,5779.0,0.98,
4853,Kepler-970 b,2.609,7.31,16.736525,464.0,0.139,11.111,0.34,4290.0,0.71,2.26
4854,Kepler-971 b,2.13,5.18,9.59070716,1087.0,0.08679,82.766,0.0,5431.0,0.85,2.95
4855,Kepler-972 b,4.65,19.5,7.03932553,1060.0,0.0734,266.514,0.0,6146.0,1.22,1.07
4856,Kepler-973 b,1.96,4.5,49.6077331,402.0,0.2489,7.892,0.0,5213.0,0.78,3.28
4857,Kepler-974 b,1.57,3.09,4.194496514,577.0,0.0419,28.511,0.0,3687.0,0.5,4.39
4858,Kepler-975 b,1.48,2.79,1.970342457,1599.0,0.02898,328.698,0.0,4897.0,0.75,4.73
4859,Kepler-975 c,10.69,80.2,5.05821338,1168.0,0.0567,439.8,0.0,4883.0,1.667,0.361
4860,Kepler-976 b,3.96,14.9,105.9564148,324.0,0.4217,2.661,0.0,5232.0,0.83,1.32
4861,Kepler-977 b,2.62,7.37,26.85328322,544.0,0.162,13.955,0.0,5315.0,0.83,2.25
4862,Kepler-978 b,2.99,9.22,49.6221509,546.0,0.2726,20.99,0.0,6002.0,1.09,1.9
4863,Kepler-979 b,2.72,7.85,8.0880135,792.0,0.0753,77.841,0.0,5310.0,0.83,2.14
4864,Kepler-98 b,1.99,3.55,1.54168,1592.0,0.02614,1107.389,0.0,5539.0,1.11,2.18
4865,Kepler-980 b,2.67,7.61,11.55102504,845.0,0.09993,170.137,0.0,5935.0,1.06,2.2
4866,Kepler-981 b,2.31,5.95,4.469757736,1103.0,0.0535,337.471,0.0,5718.0,0.96,2.65
4867,Kepler-982 b,2.25,5.69,15.7738221,955.0,0.1277,185.203,0.0,6139.0,1.29,2.74
4868,Kepler-983 b,2.36,6.17,60.0855082,485.0,0.3148,30.997,0.0,6052.0,1.08,2.58
4869,Kepler-984 b,2.12,5.14,43.0342272,484.0,0.23688,13.991,0.0,5610.0,0.93,2.96
4870,Kepler-985 b,2.98,9.17,116.331901,323.0,0.44664,2.4,0.0,5434.0,0.85,1.9
4871,Kepler-986 b,2.36,6.17,56.4349938,465.0,0.29131,10.857,0.0,5642.0,0.98,2.58
4872,Kepler-987 b,3.26,10.7,105.3033148,351.0,0.4238,3.853,0.0,5637.0,0.91,1.7
4873,Kepler-988 b,2.07,4.94,17.76080053,368.0,0.1085,6.56,0.0,4005.0,0.53,3.06
4874,Kepler-989 b,2.21,5.52,7.964315352,805.0,0.0734,74.35,0.0,5074.0,0.78,2.81
4875,Kepler-99 b,1.48,6.15,4.60358,810.0,0.05071,108.042,0.0,4782.0,0.73,10.9
4876,Kepler-990 b,2.6,7.27,9.91723428,903.0,0.08595,108.3,0.0,5948.0,1.08,2.27
4877,Kepler-990 c,1.53,2.96,0.538354308,2386.0,0.01232,5272.4,0.0,5948.0,1.08,4.54
4878,Kepler-991 b,2.54,6.99,82.5342519,260.0,0.3104,1.371,0.0,4392.0,0.61,2.34
4879,Kepler-992 b,1.62,3.26,20.16034462,510.0,0.13372,15.291,0.0,4944.0,0.74,4.21
4880,Kepler-993 b,2.97,9.11,22.08557563,352.0,0.13,3.954,0.0,3843.0,0.54,1.91
4881,Kepler-994 b,1.6,3.19,1.151166506,957.0,0.0177,243.984,0.0,3934.0,0.54,4.28
4882,Kepler-995 b,2.7,7.75,28.26731672,517.0,0.1701,11.92,0.0,5206.0,0.8,2.16
4883,Kepler-996 b,1.98,4.58,3.770590584,1272.0,0.0474,723.081,0.0,6014.0,1.14,3.24
4884,Kepler-997 b,1.36,2.42,2.707306716,1709.0,0.04022,1900.131,0.0,6150.0,1.56,5.29
4885,Kepler-998 b,2.32,5.99,5.65377733,1020.0,0.0626,409.917,0.0,6058.0,1.18,2.64
4886,Kepler-999 b,2.34,6.08,5.991857017,1355.0,0.06918,740.173,0.0,6237.0,1.65,2.61
4887,L 168-9 b,1.63,4.07,1.40152604,998.0,0.0208,149.3748,0.0,3842.0,0.604,5.18
4888,L 363-38 b,2.0,4.67,8.781,330.0,0.048,,,3129.0,0.274,3.21
4889,L 98-59 b,0.837,0.46,2.253114,620.0,0.0223,24.5,0.031,3415.0,0.3155,4.3
4890,L 98-59 c,1.329,2.0,3.6906764,526.0,0.0309,12.7,0.002,3415.0,0.3155,4.7
4891,L 98-59 d,1.627,1.64,7.450729,416.0,0.0494,4.97,0.006,3415.0,0.3155,2.2
4892,L 98-59 e,1.49,2.82,12.8278,347.0,0.0712,2.4,0.012,3415.0,0.3155,5.2
4893,L 98-59 f,1.48,2.8,23.064,285.0,0.1052,1.1,0.044,3415.0,0.3155,5.0
4894,LHS 1140 b,1.73,5.6,24.73723,226.0,0.0946,0.43,0.043,3096.0,0.2159,5.9
4895,LHS 1140 c,1.272,1.91,3.77794,422.0,0.027,5.3,0.05,3096.0,0.2159,5.1
4896,LHS 1478 b,1.242,2.33,1.9495378,595.0,0.01848,23.3722,,3381.0,0.246,6.67
4897,LHS 1678 b,0.685,0.35,0.8602325,830.44,0.01239,94.3,0.033,3490.0,0.329,6.0
4898,LHS 1678 c,0.941,1.4,3.694284,510.9,0.0327,13.5,0.039,3490.0,0.329,10.6
4899,LHS 1678 d,0.981,0.907,4.9652229,462.95,0.04,9.1,0.036,3490.0,0.329,5.28
4900,LHS 1815 b,1.088,1.58,3.814334,617.0,0.0404,26.3712,0.0,3643.0,0.501,6.7
4901,LHS 1903 b,1.382,3.28,2.1555098,796.0,0.02656,66.66,0.015,3664.0,0.539,6.82
4902,LHS 1903 c,2.046,4.55,6.226185,559.0,0.05387,16.2,0.089,3664.0,0.539,2.91
4903,LHS 1903 d,2.5,5.96,12.566287,442.0,0.08604,6.35,0.112,3664.0,0.539,2.09
4904,LHS 1903 e,1.732,5.79,29.31773,333.0,0.15135,2.05,0.014,3664.0,0.539,6.1
4905,LHS 3154 b,3.69,13.15,3.71778,,0.02262,,0.076,2861.0,0.1405,1.44
4906,LHS 3844 b,1.286,2.37,0.462929709,816.0,0.00624,73.67,0.0,3080.0,0.189,6.15
4907,LHS 475 b,0.991,0.941,2.029088,586.0,0.02037,20.8,0.0,3300.0,0.2789,5.31
4908,LP 261-75 b,12.1,6674.396547,,1500.0,450.0,,,3138.0,0.308,20.7
4909,LP 714-47 b,4.7,30.8,4.052037,700.0,0.0417,38.5441,0.04,3950.0,0.584,1.7
4910,LP 791-18 b,1.212,1.94,0.9479981,564.3,0.00978,24.14,0.0,2960.0,0.182,5.99
4911,LP 791-18 c,2.488,7.16,4.98991,324.4,0.02961,2.637,0.0001,2960.0,0.182,2.56
4912,LP 791-18 d,1.032,0.91,2.75485,395.5,0.01992,5.83,0.0011,2960.0,0.182,4.56
4913,LP 890-9 b,1.32,13.2,2.7299025,396.0,0.01875,4.09,,2850.0,0.1556,
4914,LP 890-9 c,1.367,25.3,8.457463,272.0,0.03984,0.906,,2850.0,0.1556,
4915,LSPM J2116+0234 b,3.71,13.3,14.4399,,0.0876,,0.183,3475.0,0.431,1.43
4916,LTT 1445 A b,1.34,2.73,5.3587635,431.0,0.0381,5.7,0.18,3562.0,0.271,6.2
4917,LTT 1445 A c,1.147,1.54,3.1239035,508.0,0.02661,10.9,0.223,3340.0,0.265,5.57
4918,LTT 3780 b,1.325,2.46,0.76837931,903.0,0.01195,111.0,0.0,3358.0,0.38,5.8
4919,LTT 3780 c,2.39,8.04,12.252284,359.0,0.0757,2.76,0.024,3358.0,0.38,3.24
4920,LTT 9779 b,4.72,29.32,0.792052,1978.0,0.01679,1781.1556,0.0,5443.0,0.949,1.536
4921,LkCa 15 b,,,,,14.7,,,4194.0,1.60711,
4922,LkCa 15 c,,,,,18.6,,,4194.0,1.60711,
4923,Luhman 16 b,11.9,9344.1551658,9697.0,,3.52,,0.344,,,30.5
4924,Lupus-TR-3 b,9.976,257.431,3.91405,,0.0464,,0.0,5000.0,0.82,1.4
4925,M62H b,,785.03616529,0.132935028,,,,,,,
4926,MASCARA-1 b,17.90074218,1175.971,2.14877381,2594.3,0.040352,38711.5,0.00034,7490.0,2.082,1.5
4927,MASCARA-4 b,16.98160576,532.36258173,2.8240932,2250.0,0.0474,4913.69,0.0,7800.0,1.79,0.481
4928,MOA-2007-BLG-192L b,3.58,12.49,,,2.02,,,,,1.5
4929,MOA-2007-BLG-400L b,13.5,540.3082919,,34.0,5.9,,,,,1.21
4930,MOA-2008-BLG-310L b,5.18,23.4,,,1.1,,,,,0.925
4931,MOA-2008-BLG-379L b,13.0,1300.0,,,2.7,,,,,3.25
4932,MOA-2009-BLG-266L b,3.21,10.4,2800.0,,3.2,,,,,1.73
4933,MOA-2009-BLG-319L b,9.64,67.3,,,2.03,,,,,0.413
4934,MOA-2009-BLG-387L b,13.2,830.0,1980.0,,1.8,,,,,1.98
4935,MOA-2010-BLG-073L b,12.4,3500.0,,,1.21,,,,,10.1
4936,MOA-2010-BLG-117L b,14.2,170.0,,,2.42,,,,,0.326
4937,MOA-2010-BLG-328L b,2.99,9.2,,,0.92,,,,,1.89
4938,MOA-2010-BLG-353L b,11.1,86.0,,,1.72,,,,,0.346
4939,MOA-2010-BLG-477L b,13.6,480.0,,,2.0,,,5950.0,,1.05
4940,MOA-2011-BLG-028L b,5.99,30.0,,,4.14,,,,,0.767
4941,MOA-2011-BLG-262L b,4.29,17.0,,,0.95,,,,,1.18
4942,MOA-2011-BLG-291L b,4.43,18.0,,,0.69,,,,,1.14
4943,MOA-2011-BLG-293L b,12.9,1500.0,3000.0,,1.1,,,,,3.84
4944,MOA-2011-BLG-322L b,12.4,3690.0,,,4.3,,,,,10.6
4945,MOA-2012-BLG-006L b,12.6,2700.0,,,10.2,,,,,7.42
4946,MOA-2012-BLG-505L b,2.48,6.7,,,0.9,,,,,2.41
4947,MOA-2013-BLG-220L b,13.2,871.0,,,3.03,,,,,2.08
4948,MOA-2013-BLG-605L b,1.62,3.24,,,0.93,,,,,4.19
4949,MOA-2015-BLG-337L b,6.42,33.7,,,0.24,,,,,0.7
4950,MOA-2016-BLG-227L b,13.2,890.0,,,1.39,,,,,2.13
4951,MOA-2016-BLG-319L b,14.1,200.0,,,0.95,,,,,0.392
4952,MOA-2016-BLG-526L b,3.97,14.93793513,,,2.07,,,,,1.31
4953,MOA-2019-BLG-008L b,12.2,5720.911326,,,,,,,,17.3
4954,MOA-2020-BLG-135L b,3.37,11.3,,,1.11,,,,,1.62
4955,MOA-2020-BLG-208L b,7.71,46.0,,,2.74,,,,,0.552
4956,MOA-2022-BLG-033L b,3.52,12.15,,,2.15,,,,,1.53
4957,MOA-2022-BLG-091L b,13.0,1141.00398113,,,3.44,,,,,2.85
4958,MOA-2022-BLG-249L b,2.04,4.83,,,1.63,,,,,3.13
4959,MOA-2022-BLG-563L b,14.0,127.1313628,,,2.15,,,,,0.255
4960,MOA-bin-1L b,13.0,1200.0,,,8.3,,,,,3.0
4961,MOA-bin-29 b,14.1,190.0,,,0.48,,,,,0.372
4962,MWC 758 c,,,,500.0,100.0,,,7314.0,2.01446,
4963,MXB 1658-298 b,12.0,7532.571,760.0,,1.613,,,,,24.0
4964,NGC 2682 Sand 1429 b,13.4,572.0911326,77.48,683.0,0.384,,0.0,6000.0,2.13,1.31
4965,NGC 2682 Sand 978 b,13.3,692.8694,511.21,,,,0.16,4200.0,21.017414,1.62
4966,NGC 2682 YBP 1194 b,12.3,101.7056,6.959,,,,0.3,5780.0,0.99,0.3
4967,NGC 2682 YBP 1514 b,14.0,127.132,5.118,,,,0.28,5725.0,0.89,0.255
4968,NGC 2682 YBP 401 b,14.3,146.2018,4.087,,,,0.15,6165.0,1.215821,0.275
4969,NGTS-1 b,14.90797,258.07796,2.647298,790.0,0.0326,65.3,0.016,3916.0,0.573,0.42
4970,NGTS-10 b,13.506845,687.14846,0.7668944,1332.0,0.0143,3716.1785,0.0,4600.0,0.697,1.43
4971,NGTS-11 b,9.157753,109.33352,35.45533,435.0,0.201,9.242,0.13,5050.0,0.832,0.78
4972,NGTS-12 b,11.747032,66.10864,7.532806,1257.0,0.0757,416.0,0.0,5690.0,1.589,0.223
4973,NGTS-13 b,12.800678,1538.2972,4.119027,1605.0,0.0549,1096.0,0.086,5819.0,1.788,4.02
4974,NGTS-14 A b,4.976796,29.24036,3.5357173,1143.0,0.0403,191.782,0.0,5187.0,0.842,1.395
4975,NGTS-15 b,12.32987877,238.68913366,3.27623,1146.0,0.0441,425.0,0.0,5600.0,0.954,0.74
4976,NGTS-16 b,14.57167491,211.99154747,4.84532,1177.0,0.0523,480.0,0.0,5550.0,1.213,0.38
4977,NGTS-17 b,13.89913607,242.82090295,3.24253,1457.0,0.0391,1160.0,0.0,5650.0,1.337,0.5
4978,NGTS-18 b,13.56286665,129.99181846,3.05125,1381.0,0.0448,845.0,0.0,5610.0,1.392,0.28
4979,NGTS-2 b,17.878355,235.1942,4.511164,1468.0,0.063,1085.35,0.0,6478.0,1.702,0.226
4980,NGTS-20 b,11.99360935,947.12865286,54.18915,688.0,0.313,6.7645,0.432,5980.0,1.78,3.02
4981,NGTS-21 b,14.90794433,750.07504052,1.5433897,1357.0,0.0236,514.2853,0.0,4660.0,0.86,1.25
4982,NGTS-23 b,14.20177855,194.82881349,4.0764326,1327.0,0.0504,815.7013,0.0,6057.0,1.24,0.374
4983,NGTS-24 b,13.60770257,165.27077164,3.4678796,1499.0,0.0479,391.83,0.0,5820.0,1.64,0.36
4984,NGTS-25 b,11.46678726,203.09235207,2.823093,1101.0,0.0388,,0.0,5321.0,0.86,0.74
4985,NGTS-26 b,14.88552637,92.80589484,4.5199279,1331.0,0.049,523.0,0.0,5550.0,1.16,0.153
4986,NGTS-27 b,15.64773706,188.47224535,3.3704181,1783.0,0.0446,1680.0,0.0,5700.0,1.77,0.266
4987,NGTS-3 A b,16.58932,756.4354,1.6753728,1434.44,0.023,1000.5679,,5600.0,0.93,0.31
4988,NGTS-30 b,10.40193409,305.11527072,98.29838,500.0,0.408,172.857,0.294,5455.0,0.913,1.49
4989,NGTS-31 b,18.04645893,355.96781584,4.162734,1410.0,0.064,643.0,0.0,5710.0,1.7,0.3
4990,NGTS-32 b,15.91675259,181.16219199,3.31211,1750.0,0.044,1554.0,0.0,5680.0,1.85,0.24
4991,NGTS-33 b,18.38272835,1153.71711741,2.827972,1991.0,0.048,2620.0,0.0,7437.0,1.47,0.19
4992,NGTS-34 b,3.65,19.1,43.12655,624.0,0.257,,,6134.0,1.367,2.16
4993,NGTS-35 b,10.9,152.0,25.241192,451.0,0.16,9.8437,0.192,4717.0,0.753,0.645
4994,NGTS-4 b,3.18,20.6,1.3373508,1650.0,0.019,886.9841,0.0,5143.0,0.84,3.45
4995,NGTS-5 b,12.733424,72.78307,3.3569866,952.0,0.0382,101.253,0.0,4987.0,0.739,0.194
4996,NGTS-6 b,14.863134,425.57437,0.882059,1283.9,0.01677,983.4246,0.0,4730.0,0.754,0.711
4997,NGTS-8 b,12.21781,295.5819,2.4997,1345.0,0.035,503.0,0.01,5241.0,0.98,0.89
4998,NGTS-9 b,11.99363,921.707,4.43527,1448.0,0.058,729.0,0.06,6330.0,1.38,2.93
4999,NN Ser c,12.6,2329.6,6987.0,,5.35,,0.089,57000.0,,6.4
5000,NN Ser d,13.3,724.622,2880.0,,3.39,,0.24,57000.0,,1.69
5001,NSVS 14256825 b,12.3,4497.2945,3225.0,,3.12,,0.12,40000.0,0.188,13.3
5002,NY Vir b,13.3,730.978,3160.0,,3.3,,0.15,32780.0,0.151,1.71
5003,NY Vir c,12.8,1760.7782,8799.0,,,,0.15,32780.0,0.151,4.61
5004,OGLE-2003-BLG-235L b,13.2,830.0,,,4.3,,,,,1.98
5005,OGLE-2005-BLG-071L b,13.0,1200.0,,55.0,3.6,,,,,3.0
5006,OGLE-2005-BLG-169L b,3.84,14.1,,,3.5,,,,,1.37
5007,OGLE-2005-BLG-390L b,2.21,5.5,3285.0,50.0,2.6,,,,,2.8
5008,OGLE-2006-BLG-109L b,14.0,231.0,1788.5,82.0,2.3,,,,,0.463
5009,OGLE-2006-BLG-109L c,11.1,86.0,4927.5,59.0,4.5,,0.15,,,0.346
5010,OGLE-2006-BLG-284L A b,14.3,144.0,,,2.17,,,,,0.271
5011,OGLE-2007-BLG-349L AB c,10.7,80.0,2557.0,,2.59,,,,,0.359
5012,OGLE-2007-BLG-368L b,4.72,20.0,,,2.8,,,,,1.05
5013,OGLE-2008-BLG-092L b,8.74,57.0,,,15.0,,,,,0.469
5014,OGLE-2008-BLG-355L b,12.9,1500.0,,,1.7,,,,,3.84
5015,OGLE-2011-BLG-0173L b,9.01,60.0,,,8.0,,,,,0.451
5016,OGLE-2011-BLG-0251L b,14.2,170.0,,,2.72,,,,,0.326
5017,OGLE-2011-BLG-0265L b,13.9,280.0,,,1.89,,,,,0.573
5018,OGLE-2012-BLG-0026L b,7.72,46.1,,,4.0,,,,,0.551
5019,OGLE-2012-BLG-0026L c,13.9,270.0,,,4.8,,,,,0.552
5020,OGLE-2012-BLG-0358L b,13.4,588.0,,,0.87,,,,,1.34
5021,OGLE-2012-BLG-0406L b,13.2,868.0,,,3.45,,,,,2.07
5022,OGLE-2012-BLG-0563L b,13.6,120.0,,,0.74,,,,,0.262
5023,OGLE-2012-BLG-0724L b,14.3,150.0,,,1.6,,,,,0.282
5024,OGLE-2012-BLG-0838L b,8.39,53.1,,,4.43,,,,,0.494
5025,OGLE-2012-BLG-0950L b,6.56,35.0,,,2.6,,,,,0.681
5026,OGLE-2013-BLG-0102L b,12.3,4100.0,,,0.8,,,,,12.1
5027,OGLE-2013-BLG-0132L b,11.6,92.0,,,3.6,,,,,0.324
5028,OGLE-2013-BLG-0341L B b,1.16,1.66,,,0.702,,,,,5.84
5029,OGLE-2013-BLG-0911L b,12.5,3020.0,,,0.39,,,,,8.5
5030,OGLE-2013-BLG-1721L b,14.1,200.0,,,2.6,,,,,0.392
5031,OGLE-2013-BLG-1761L b,13.2,860.0,,,1.8,,,,,2.05
5032,OGLE-2014-BLG-0124L b,14.1,206.58846455,,,3.48,,,,,0.405
5033,OGLE-2014-BLG-0221L b,12.9,1382.55357045,,,3.76,,,,,3.54
5034,OGLE-2014-BLG-0319L b,14.1,181.16219199,,,3.49,,,,,0.355
5035,OGLE-2014-BLG-0676L b,13.0,1169.60853776,,,4.53,,,,,2.93
5036,OGLE-2014-BLG-1722L b,8.59,55.3,,,1.5,,,,,0.479
5037,OGLE-2014-BLG-1722L c,11.0,83.7,,,1.7,,,,,0.346
5038,OGLE-2014-BLG-1760L b,13.8,295.89824692,,,1.887,,,,,0.619
5039,OGLE-2015-BLG-0051L b,14.0,230.0,,,0.73,,,,,0.461
5040,OGLE-2015-BLG-0954L b,13.1,1100.0,,,1.6,,,,,2.69
5041,OGLE-2015-BLG-0966L b,4.86,21.0,,,2.7,,,,,1.01
5042,OGLE-2015-BLG-1609L b,10.4,76.27881768,,,,,,,,0.373
5043,OGLE-2015-BLG-1649L b,13.2,807.0,,,2.07,,,,,1.93
5044,OGLE-2015-BLG-1670L b,4.42,17.9,,,2.62,,,,,1.14
5045,OGLE-2015-BLG-1771L b,14.3,138.0,,,0.85,,,,,0.259
5046,OGLE-2016-BLG-0007L b,1.09,1.32,14200.0,,10.1,,,,,5.6
5047,OGLE-2016-BLG-0263L b,13.0,1300.0,,,5.4,,,,,3.25
5048,OGLE-2016-BLG-0613L AB b,13.0,1330.0,,,6.4,,,,,3.33
5049,OGLE-2016-BLG-1067L b,14.3,140.0,,,1.7,,,,,0.263
5050,OGLE-2016-BLG-1093L b,14.0,225.65816897,,,2.13,,,,,0.452
5051,OGLE-2016-BLG-1190L b,12.3,4253.0,1220.0,,2.17,,0.42,,,12.6
5052,OGLE-2016-BLG-1195L b,1.11,1.43,,,1.16,,,,,5.75
5053,OGLE-2016-BLG-1227L b,13.9,250.0,,,3.4,,,,,0.512
5054,OGLE-2016-BLG-1266L b,12.4,3813.940884,,,0.43,,,,,11.0
5055,OGLE-2016-BLG-1598L b,13.6,120.77479466,,,2.5,,,,,0.264
5056,OGLE-2016-BLG-1800L b,13.2,823.17557413,,,1.88,,,,,1.97
5057,OGLE-2017-BLG-0173L b,1.62,3.269,,,3.913,,,,,4.23
5058,OGLE-2017-BLG-0364L b,10.3,75.8,,,3.79,,,,,0.381
5059,OGLE-2017-BLG-0373L b,14.0,127.0,,,2.424,,,,,0.254
5060,OGLE-2017-BLG-0406L b,14.2,130.0,,,3.5,,,,,0.249
5061,OGLE-2017-BLG-0448L b,4.08,15.6,,,5.75,,,,,1.26
5062,OGLE-2017-BLG-0482L b,2.95,9.0,,,1.8,,,,,1.93
5063,OGLE-2017-BLG-0604L b,14.2,160.0,,,4.06,,,,,0.307
5064,OGLE-2017-BLG-0640L b,13.5,514.88201934,,,1.14,,,,,1.15
5065,OGLE-2017-BLG-1049L b,12.8,1760.0,,,3.92,,,,,4.61
5066,OGLE-2017-BLG-1099L b,13.1,959.84178914,,,2.73,,,,,2.35
5067,OGLE-2017-BLG-1140L b,13.5,505.0,,,1.02,,,,,1.13
5068,OGLE-2017-BLG-1237L b,13.0,1207.7479466,,,2.53,,,,,3.02
5069,OGLE-2017-BLG-1275L b,12.8,1875.1876013,,,2.09,,,,,4.91
5070,OGLE-2017-BLG-1375L b,12.4,3585.0,,,3.04,,,,,10.3
5071,OGLE-2017-BLG-1434L b,1.94,4.43,,,1.18,,,,,3.33
5072,OGLE-2017-BLG-1522L b,14.0,240.0,,,0.59,,,,,0.481
5073,OGLE-2017-BLG-1691L b,3.92,14.62010672,,,2.41,,,,,1.33
5074,OGLE-2017-BLG-1806L b,2.15,5.27,,,1.75,,,,,2.91
5075,OGLE-2018-BLG-0298L b,7.56,44.49597698,,,2.86,,,,,0.566
5076,OGLE-2018-BLG-0383L b,2.41,6.4,,,1.8,,,,,2.51
5077,OGLE-2018-BLG-0506L b,4.18,16.3,,,3.0,,,,,1.23
5078,OGLE-2018-BLG-0516L b,4.73,20.1,,,2.2,,,,,1.04
5079,OGLE-2018-BLG-0532L b,2.37,6.228,,,1.064,,,,,2.57
5080,OGLE-2018-BLG-0567L b,12.3,101.70509024,,,2.72,,,,,0.3
5081,OGLE-2018-BLG-0596L b,3.81,13.93,,,0.97,,,,,1.38
5082,OGLE-2018-BLG-0677L b,1.82,3.96,,,0.63,,,,,3.61
5083,OGLE-2018-BLG-0740L b,12.9,1500.0,5480.0,,5.0,,0.0,5912.0,,3.84
5084,OGLE-2018-BLG-0799L b,10.9,82.63538582,,,1.28,,,,,0.351
5085,OGLE-2018-BLG-0932L b,13.9,282.86728223,,,1.75,,,,,0.579
5086,OGLE-2018-BLG-0962L b,13.6,425.89006538,,,3.59,,,,,0.93
5087,OGLE-2018-BLG-0977L b,2.41,6.4,,,2.0,,,,,2.51
5088,OGLE-2018-BLG-1011L b,13.5,570.0,,,1.8,,,,,1.27
5089,OGLE-2018-BLG-1011L c,13.2,890.0,,,0.8,,,,,2.13
5090,OGLE-2018-BLG-1119L b,13.9,289.22385037,,,4.06,,,,,0.592
5091,OGLE-2018-BLG-1126L b,4.41,17.79839079,,,3.23,,,,,1.14
5092,OGLE-2018-BLG-1185L b,2.83,8.4,,,1.54,,,,,2.04
5093,OGLE-2018-BLG-1212L b,9.32,63.5656814,,,1.68,,,,,0.431
5094,OGLE-2018-BLG-1269L b,14.1,210.0,,,4.51,,,,,0.412
5095,OGLE-2018-BLG-1367L b,13.8,301.93698665,,,1.21,,,,,0.631
5096,OGLE-2018-BLG-1428L b,14.0,240.0,,,3.3,,,,,0.481
5097,OGLE-2018-BLG-1647L b,13.8,308.29355479,,,1.36,,,,,0.645
5098,OGLE-2018-BLG-1700L b,12.9,1400.0,,,2.8,,,,,3.58
5099,OGLE-2019-BLG-0249L b,12.7,2262.93825784,,,1.84,,,,,6.07
5100,OGLE-2019-BLG-0299L b,12.7,1976.89269154,,,2.8,,,,,5.3
5101,OGLE-2019-BLG-0304L b,14.2,162.09248757,,,1.23,,,,,0.311
5102,OGLE-2019-BLG-0362L b,13.1,1036.12060682,,,2.18,,,,,2.53
5103,OGLE-2019-BLG-0468L b,13.1,1090.15143601,,,3.29,,,,,2.66
5104,OGLE-2019-BLG-0468L c,12.5,3248.20631954,,,2.77,,,,,9.14
5105,OGLE-2019-BLG-0679L b,13.1,1061.54687938,,,6.99,,,,,2.59
5106,OGLE-2019-BLG-0954L b,12.3,4513.1633794,,,2.65,,,,,13.3
5107,OGLE-2019-BLG-0960L b,1.39,2.5,,,1.9,,,,,5.12
5108,OGLE-2019-BLG-1053L b,1.38,2.48,,,3.4,,,,,5.19
5109,OGLE-2019-BLG-1180L b,13.5,555.24622703,,,5.19,,,,,1.24
5110,OGLE-2019-BLG-1470L AB c,13.3,699.2224954,,,3.2,,,,,1.63
5111,OGLE-2019-BLG-1492L b,6.79,37.1,,,2.7,,,,,0.651
5112,OGLE-2023-BLG-0836L b,12.9,1385.73185452,,,3.7,,,,,3.55
5113,OGLE-TR-10 b,14.011,197.046,3.101278,1702.0,0.0434,,0.0,5950.0,1.17,0.4
5114,OGLE-TR-111 b,11.421971,174.799,4.0144463,1019.0,0.0473,,0.0,5040.0,0.83,0.65
5115,OGLE-TR-113 b,12.251,400.449,1.4324752,1342.0,0.02289,528.4147,0.0,4790.0,0.774,1.2
5116,OGLE-TR-132 b,13.45,375.02,1.689868,2013.0,0.03035,,0.6,6210.0,1.32,0.85
5117,OGLE-TR-182 b,12.666,320.995,3.9791,1550.0,0.051,,0.0,5924.0,1.14,0.41
5118,OGLE-TR-211 b,15.244,327.351,3.67724,1686.0,0.051,,0.0,6325.0,1.64,0.42
5119,OGLE-TR-56 b,15.278,441.77,1.2119189,2212.0,0.02383,,0.0,6050.0,1.363,0.68
5120,OGLE2-TR-L9 b,18.046,1430.175,2.4855335,2034.0,0.0308,4135.4482,,6933.0,1.53,1.25
5121,Oph 11 b,12.3,4449.62,7300000.0,2175.0,243.0,,,2375.0,0.232692,13.1
5122,PDS 70 b,21.96960217,1017.0509024,43500.0,1392.0,20.8,,0.17,4109.0,1.26,0.527
5123,PDS 70 c,22.19378179,2383.7130525,,1054.0,34.3,,0.037,4109.0,1.26,1.2
5124,PH1 b,6.18,169.0,138.317,481.0,0.652,,0.0702,6407.0,1.734,
5125,PH2 b,9.33708092,87.08498352,282.52542,295.1,0.833,1.2,0.215,5734.0,0.949,0.58
5126,POTS-1 b,10.548,734.16,3.1606296,,0.03734,,,4400.0,0.588,3.44
5127,PSR B0329+54 b,1.22,1.97,10140.0,,10.26,,0.236,,,5.96
5128,PSR B1257+12 b,0.338,0.02,25.262,,0.19,,0.0,,,2.85
5129,PSR B1257+12 c,1.91,4.3,66.5419,,0.36,,0.0186,,,3.39
5130,PSR B1257+12 d,1.8,3.9,98.2114,,0.46,,0.0264,,,3.67
5131,PSR B1620-26 b,13.3,794.575,,,23.0,,,,,1.86
5132,PSR J1719-1438 b,,382.8,0.090706293,,0.0044,,0.06,4500.0,,23.0
5133,PSR J2322-2650 b,13.9,252.643067,0.322963997,,0.0102,,0.0017,,,1.84
5134,PZ Tel b,11.9,8581.366989,44000.0,,27.0,,0.52,5169.0,1.25646,28.0
5135,Pr0201 b,14.2,171.6282,4.4264,,0.06,,0.0,6174.0,1.15,0.329
5136,Pr0211 b,13.4,597.5204,2.1461,,0.03176,,0.011,5300.0,0.827,1.36
5137,Pr0211 c,12.6,2475.8957,4850.0,,5.5,,0.71,5300.0,0.827,6.8
5138,Proxima Cen b,1.02,1.055,11.18465,218.0,0.04848,0.641,0.0,2900.0,0.141,5.46
5139,Proxima Cen d,0.692,0.26,5.12338,282.0,0.02881,1.814,0.0,2900.0,0.141,4.31
5140,Qatar-1 b,12.811887,411.27202,1.4200242,1418.0,0.02332,382.328,0.0,5013.0,0.803,1.076
5141,Qatar-10 b,17.295487,233.92288,1.645321,1955.0,0.0286,1816.48,0.0,6124.0,1.254,0.248
5142,Qatar-2 b,14.056,792.635,1.33711647,1344.0,0.02153,,0.0,,,1.573
5143,Qatar-3 b,12.285064,1369.8473,2.5079204,1681.0,0.03783,1330.0,0.0,6007.0,1.272,4.0
5144,Qatar-4 b,12.722215,1938.763,1.8053564,1385.0,0.02803,614.0,0.0,5215.0,0.849,5.1
5145,Qatar-5 b,12.408363,1373.0256,2.8792319,1415.0,0.04127,669.0,0.0,5747.0,1.076,3.95
5146,Qatar-6 b,11.903958,212.31044,3.506195,1006.0,0.0423,174.9015,0.0,5052.0,0.722,0.692
5147,Qatar-7 b,19.0553,597.5204,2.032046,2053.0,0.0352,2886.2922,0.0,6387.0,1.564,0.502
5148,Qatar-8 b,14.403565,117.91493,3.71495,1457.0,0.0474,698.148,0.0,5738.0,1.315,0.216
5149,Qatar-9 b,11.309881,378.2177,1.540731,1134.0,0.0234,210.669,0.0,4309.0,0.696,1.43
5150,ROXs 12 b,12.2,5085.0,,,210.0,,0.83,3850.0,1.06627,15.4
5151,ROXs 42 B b,12.5,2860.0,,1975.0,157.0,,0.58,3433.0,1.33658,8.05
5152,RR Cae b,13.0,1334.886,4343.5,,5.3,,0.0,3904.0,0.193119,3.34
5153,Ross 128 b,1.11,1.4,9.8658,301.0,0.0496,1.38,0.116,3192.0,0.1967,5.63
5154,Ross 176 b,1.84,4.57,5.0066338,682.0,0.0464,36.2,0.25,4041.0,0.569,4.03
5155,Ross 458 c,14.01125,1906.98,,,1100.0,,,3965.42,0.562566,3.81
5156,Ross 508 b,1.83,4.0,10.77,,0.05366,,0.33,3071.0,0.2113,3.59
5157,SPECULOOS-3 b,0.977,0.894,0.71912603,553.0,0.00733,15.54,,2800.0,0.123,5.27
5158,SR 12 AB c,12.3,4131.62,,,,,,3828.93,1.103075,12.2
5159,SWEEPS-11 b,12.666,3082.82,1.796,,0.03,,,,1.45,8.34
5160,SWEEPS-4 b,9.079,1207.7,4.2,,0.055,,,,1.18,8.87
5161,TAP 26 b,13.5,527.5978,10.79,,0.0968,,,4620.0,1.17,1.18
5162,TCP J05074264+2447555 b,4.72,20.0,,,0.94,,,5805.0,1.42487,1.05
5163,TIC 117642575 b,2.82716337,8.38,4.94459060181,,,,,5719.98,1.08102,2.04
5164,TIC 139270665 b,7.22979255,147.15455244,23.624,703.0,0.163,40.3,0.105,5844.0,1.016,2.13
5165,TIC 139270665 c,12.9,1554.18091023,1010.0,200.0,2.0,0.21,0.566,5844.0,1.016,3.98
5166,TIC 139702105 b,2.45316949,6.59,6.83601903383,,,,,5742.35,1.25423,2.45
5167,TIC 142589416 b,2.67899519,7.65,2.09518466313,,,,,4396.27,0.713832,2.19
5168,TIC 153919886 b,2.70601108,7.78,2.10510492329,,,,,4137.16,0.591697,2.16
5169,TIC 154870955 b,3.09467466,9.77,7.9698747128,,,,,4739.58,0.724328,1.81
5170,TIC 160113658 b,3.49015778,12.0,6.72952262077,,,,,4817.31,0.789834,1.55
5171,TIC 161045582 b,2.24566738,5.67,8.85577189959,,,,,5683.87,1.07976,2.75
5172,TIC 172900988 b,11.25,942.0,200.452,,0.90281,,0.0271,6050.0,1.3842,3.64
5173,TIC 178172313 b,2.80405322,8.27,4.3731816136,,,,,5405.59,0.84345,2.06
5174,TIC 188624430 b,3.64811843,12.9,6.21860433132,,,,,5369.46,0.786574,1.46
5175,TIC 18942729 b,2.00021315,4.66,0.99817838064,,,,,4360.11,0.825257,3.2
5176,TIC 198190129 b,2.92284949,8.87,7.94804910667,,,,,4377.53,0.640675,1.95
5177,TIC 206466666 b,2.14817673,5.26,9.10486865159,,,,,4620.3,0.667193,2.92
5178,TIC 231949697 b,1.52831855,2.95,0.90720448719,982.91,,154.97,,3451.32,0.492584,4.54
5179,TIC 237913194 b,12.520453,617.22586,15.168865,974.0,0.1207,83.3856,0.575,5788.0,1.088,1.847
5180,TIC 241249530 b,13.29385111,1582.78546686,165.7719,,0.641,,0.9412,6166.0,1.397,3.7
5181,TIC 24750448 b,2.43722231,6.51,3.59159193029,,,,,4545.43,0.713599,2.47
5182,TIC 24750448 c,3.09028272,9.75,10.14385270726,,,,,4545.43,0.713599,1.82
5183,TIC 249022743 b,4.79568155,20.6,2.25719681538,,,,,5567.58,1.2084,1.03
5184,TIC 257060897 b,17.26183028,201.50321004,3.66003639,1775.0,0.04922,1804.5549,0.039,5993.0,1.863,0.215
5185,TIC 260969020 b,2.22686612,5.59,8.48584501953,,,,,4572.94,0.68988,2.78
5186,TIC 270471727 b,2.75029559,8.0,10.45623256647,1147.1,,283.9789,,5271.39,0.997091,2.11
5187,TIC 279401253 b,11.2089807,1951.46641898,76.8,,0.369,,0.448,5951.0,1.06,7.61
5188,TIC 279401253 c,12.6,2548.98382414,155.3,,0.591,,0.254,5951.0,1.06,7.0
5189,TIC 290487717 b,6.63777941,35.7,3.400818229,,,,,5328.97,0.943767,0.671
5190,TIC 294329732 b,2.07692266,4.97,9.7565876181,,,,,5201.93,0.920172,3.05
5191,TIC 32032563 b,3.47739942,11.9,13.83460487791,,,,,5567.93,1.00188,1.56
5192,TIC 320419023 b,2.77280763,8.11,5.26375651589,,,,,5703.36,0.952319,2.09
5193,TIC 34085383 b,3.91982296,14.6,3.47793368523,,,,,4694.84,0.809951,1.33
5194,TIC 349520724 b,2.82626313,8.38,7.94044635021,,,,,5098.6,0.818771,2.04
5195,TIC 356227008 b,2.39024009,6.3,2.96147448702,,,,,5731.86,0.959792,2.54
5196,TIC 365102760 b,6.21,19.2,4.21285367,,0.0622,,0.406,4900.0,3.13,0.437
5197,TIC 38825265 b,2.18869476,5.43,3.31336980985,,,,,4375.52,0.664503,2.85
5198,TIC 38828280 b,2.62701629,7.4,4.85558984762,,,,,5046.63,0.741147,2.24
5199,TIC 390586021 b,2.86009388,8.55,2.74703755819,,,,,4434.81,0.726565,2.01
5200,TIC 393818343 b,12.18416202,1379.37528638,16.24921,805.5,0.1291,2.28,0.6058,5756.0,1.086,4.22
5201,TIC 423703298 b,2.77230429,8.11,4.03712711976,,,,,4540.37,0.729825,2.09
5202,TIC 434398831 b,3.51,12.1,3.685504,1250.0,0.04641,,0.04,5638.0,0.909,1.54
5203,TIC 434398831 c,5.63,27.0,6.210291,1050.0,0.06572,,0.013,5638.0,0.909,0.831
5204,TIC 437041147 b,2.21526814,5.54,3.82301421497,,,,,5224.36,0.961092,2.8
5205,TIC 445839811 b,2.47771211,6.7,11.1086260318,,,,,5408.25,0.850041,2.42
5206,TIC 46432937 b,13.31626907,1017.0509024,1.44044527,872.0,0.02065,115.1312,0.009,3572.0,0.5299,2.37
5207,TIC 4672985 b,11.5004142,4049.13390518,69.048,517.2,0.33,,0.018,5757.0,1.15,14.6
5208,TIC 62895484 b,3.49391667,12.0,2.83985434327,,,,,5520.79,0.874291,1.55
5209,TIC 65612701 b,5.07802804,22.7,10.22467974953,,,,,5692.29,1.73709,0.953
5210,TIC 67686059 b,2.59125922,7.23,3.52163529551,,,,,5090.09,0.820458,2.28
5211,TIC 77319217 b,3.10879526,9.85,7.54830765124,,,,,5961.52,1.18439,1.8
5212,TIC 77552382 b,5.69176189,27.5,3.51025904942,,,,,4981.07,0.886956,0.82
5213,TIC 86380416 b,2.4123612,6.4,6.0408643461,,,,,5723.74,0.989724,2.51
5214,TIC 88692598 b,1.81295951,3.94,2.64909436758,,,,,3483.17,0.532473,3.63
5215,TIC 88785435 b,5.03,22.3,10.508843,635.0,0.08432,,0.131,3998.0,0.911,0.963
5216,TOI-1011 b,1.45,4.04,2.470498,1364.0,,575.597,0.0,5475.0,0.92,7.28
5217,TOI-1036 b,6.28499593,32.5,3.77952125496,1294.0,,466.528,,5664.68,1.17554,0.719
5218,TOI-1052 b,2.87,16.9,9.139703,1135.0,0.09103,246.0,0.18,6146.0,1.264,3.93
5219,TOI-1052 c,6.48,34.3,35.806,719.0,0.2263,39.7,0.237,6146.0,1.264,0.693
5220,TOI-1054.01,2.43432,6.5,15.5077855,853.0,,88.0718,,6122.0,1.17,2.48
5221,TOI-1062 b,2.265,10.15,4.11296,1077.0,0.052,232.0,0.177,5328.0,0.84,4.85
5222,TOI-1062 c,3.1,9.78,7.972,859.0,0.08,95.0,0.14,5328.0,0.84,1.8
5223,TOI-1064 b,2.587,13.5,6.443868,784.0,0.06152,62.9,0.047,4734.0,0.726,4.30062
5224,TOI-1064 c,2.651,2.5,12.226574,634.0,0.09429,26.8,0.088,4734.0,0.726,0.771906
5225,TOI-1075 b,1.791,9.95,0.6047328,1323.0,0.01159,509.2,0.0,3875.0,0.581,9.32
5226,TOI-1080 b,1.2,10.7,3.9652482,368.0,0.0272,4.35,,3065.0,0.2019,
5227,TOI-1105 b,3.05823658,9.58,10.86818410933,594.0,,20.7383,,4678.46,0.755833,1.84
5228,TOI-1107 b,14.57167491,1064.72516345,4.0782387,1728.0,0.0561,532.0,0.025,6311.0,1.81,1.89
5229,TOI-1117 b,2.46,8.9,2.22816,1538.0,0.033,928.0,0.0,5635.0,1.05,3.3
5230,TOI-1117 c,2.91,8.78,4.579,1210.0,0.0534,355.0,0.0,5635.0,1.05,1.96
5231,TOI-1117 d,3.27,10.71,8.665,978.0,0.0817,152.0,0.0,5635.0,1.05,1.68
5232,TOI-1130 b,3.66,19.8,4.074554,825.0,0.0453,78.1,0.052162,4360.0,0.697,2.23
5233,TOI-1130 c,13.0,336.0,8.3501898,650.0,0.0731,30.0,0.0398,4360.0,0.697,0.827042
5234,TOI-1135 b,9.91994792,58.79825529,8.0277327,1171.0,0.0815,310.0,0.062,6320.0,1.202,0.15
5235,TOI-1136 b,1.9,3.5,4.1727,1216.0,0.05106,,0.027,5770.0,0.968,2.8
5236,TOI-1136 c,2.879,6.32,6.2574,1062.0,0.0669,232.392,0.11,5770.0,0.968,1.45
5237,TOI-1136 d,4.627,8.35,12.5199,843.0,0.1062,626.362,0.042,5770.0,0.968,1.81
5238,TOI-1136 e,2.639,6.07,18.801,737.0,0.14,48.4771,0.0425,5770.0,0.968,1.81
5239,TOI-1136 f,3.73591482,9.7,26.321,658.0,0.174,26.4328,0.001,5770.0,0.968,0.89
5240,TOI-1136 g,2.53,5.6,39.545,574.0,0.229,,0.04,5770.0,0.968,1.9
5241,TOI-1173 b,9.19,27.4,7.06466,868.0,0.0696,132.0,0.023,5350.0,0.934,0.195
5242,TOI-1174 b,2.562,32.0,8.953487683,713.83,0.07994,52.02,0.0,5030.0,0.76,11.0
5243,TOI-1180 b,3.072,10.0,9.686760378,638.18,0.080799,36.97,0.0,4738.0,0.73,1.93
5244,TOI-1181 b,17.02644168,374.71969185,2.103189,1942.12,0.0364,14140.0,0.011,6054.0,1.961,0.49
5245,TOI-1184 b,2.39,6.8,5.748433803,715.47,0.056027,57.54,0.0,4534.0,0.69,2.63
5246,TOI-1194 b,8.71664516,120.0,2.3106446,1264.29,0.034,203.685,0.0,5394.0,0.9608,0.99
5247,TOI-1199 b,10.5140239,75.96098927,3.671463,1486.0,0.04988,324.114,0.03,5710.0,1.45,0.358
5248,TOI-1201 b,2.415,6.28,2.4919863,703.0,0.0287,40.6,0.0,3476.0,0.508,2.45
5249,TOI-1203 b,1.52,3.51,4.1572888,1361.2,0.04869,572.2,0.067,5737.0,1.179,5.48
5250,TOI-1203 c,2.2,5.46,13.0766,,,,0.092,5737.0,1.179,2.82
5251,TOI-1203 e,7.31,42.1,204.59,,,,0.152,5737.0,1.179,0.592
5252,TOI-1203.01,2.918,7.39,25.502672,743.6,0.1632,51.0,0.032,5737.0,1.179,1.63
5253,TOI-122 b,2.72,7.85,5.07803,471.0,0.0392,8.8,0.0,3403.0,0.334,2.14
5254,TOI-1221 b,2.91,1112.3994245,91.68278,440.0,0.387,6.06,0.21,5592.0,1.031,
5255,TOI-1224 b,2.104,5.08,4.1782745,541.0,0.0355,13.9295,,3326.0,0.404,3.0
5256,TOI-1224 c,2.884,8.67,17.945466,303.12,,1.9952,0.0,3326.0,0.404,1.99
5257,TOI-1226 b,2.4101112,6.39,3.92880881576,1123.44,,376.4613,,5434.91,0.986943,2.51
5258,TOI-1227 b,9.57246952,66.5,27.36397,243.77,0.0886,3.21,,3072.0,0.56,0.417
5259,TOI-1230.01,3.23968384,10.6,25.05713123288,688.61,,53.1389,,5696.0,1.15281,1.71
5260,TOI-1231 b,3.65,15.4,24.245586,329.6,0.1288,1.93,0.087,3553.0,0.476,1.74
5261,TOI-1232 b,10.92875618,220.57291446,14.256,785.71,0.117,90.0659,0.065,5823.0,1.072,0.926
5262,TOI-1232 c,8.88,58.48042689,30.356,,0.194,,0.027,5823.0,1.072,0.459
5263,TOI-1233.01,2.539,6.98,14.175685,708.0,0.1074,53.8795,0.055,5660.0,0.877,2.34
5264,TOI-1235 b,1.69,6.69,3.444714,775.0,0.03845,60.3,0.049,3997.0,0.619,7.25
5265,TOI-1238 b,1.21,3.76,0.764597,1133.0,0.0139,442.0,0.25,4089.0,0.58,11.7
5266,TOI-1238 c,2.11,8.32,3.294736,695.0,0.037,63.0,0.15,4089.0,0.58,4.9
5267,TOI-1243 b,2.33,7.7,4.6594779,450.0,,17.2664,,3515.0,0.511,3.3
5268,TOI-1244 b,2.467,6.6,6.400316483,714.86,0.060694,56.63,0.0,4599.0,0.721,2.66
5269,TOI-1246 b,3.01,8.1,4.30744,955.0,0.049,196.0,,5151.0,0.86,1.63
5270,TOI-1246 c,2.45109846,9.1,5.904137,862.49,0.061,129.0,0.0,5213.0,0.8649,3.39
5271,TOI-1246 d,3.43139739,5.4,18.654874,587.77,0.132,28.0,0.0,5213.0,0.8649,0.73
5272,TOI-1246 e,3.5141875,14.5,37.92548,463.98,0.212,11.0,0.0,5213.0,0.8649,1.83
5273,TOI-1248 b,6.8084859,27.4,4.3601561,952.09,0.051,202.0739,0.0,5205.0,0.8686,0.47
5274,TOI-1249 b,3.2710301,11.9,13.079151,726.89,0.109,48.6058,0.0,5497.0,0.9785,1.84
5275,TOI-125 b,2.726,9.5,4.65382,1037.0,0.05186,185.0,0.194,5320.0,0.848,2.57
5276,TOI-125 c,2.759,6.63,9.15059,827.8,0.0814,77.59,0.066,5320.0,0.848,1.73
5277,TOI-125 d,2.93,13.6,19.98,638.1,0.137,26.7,0.168,5320.0,0.848,2.98
5278,TOI-1259 A b,11.45557828,140.16232749,3.477978,963.0,0.0407,153.1389,0.0,4775.0,0.711,0.513
5279,TOI-1260 b,2.41,8.56,3.127463,871.0,0.0367,95.58,0.0,4227.0,0.672,3.35
5280,TOI-1260 c,2.76,13.2,7.493134,651.0,0.0657,29.81,0.0,4227.0,0.672,3.45
5281,TOI-1260 d,3.12,11.84,16.608164,499.0,0.1116,10.32,0.0,4227.0,0.672,2.14
5282,TOI-1266 b,2.52,4.46,10.8945,415.0,0.073,4.72,0.039,3563.0,0.4232,1.54
5283,TOI-1266 c,1.98,3.17,18.8027,346.0,0.105,2.42,0.071,3563.0,0.4232,2.25
5284,TOI-1266 d,1.74,3.68,32.509,288.0,0.1513,1.3,0.087,3563.0,0.4232,3.84
5285,TOI-1268 b,9.1,96.4,8.1577094,918.9,0.0711,91.0972,0.105,5300.0,0.92,0.71
5286,TOI-1269 b,2.40144286,6.4,4.2529913,1004.9,0.0496,231.2034,0.0,5499.0,0.8521,2.53
5287,TOI-1269 c,2.22999162,5.6,9.23786144195,757.0,,54.6767,,5554.02,0.848906,2.77
5288,TOI-1272 b,4.13204907,27.0,3.31599,975.0,0.0417,120.595,0.35,5065.0,0.7934,2.09
5289,TOI-1272 c,4.95,21.7,8.6811,697.0,0.079,,0.12,5065.0,0.7934,0.983
5290,TOI-1273 b,11.09689089,70.55790635,4.631296,1211.0,0.0549,225.013,0.055,5690.0,1.06,0.28
5291,TOI-1278 b,12.21778896,5879.8255295,14.47567,407.87,0.095,6.5402,0.013,3799.0,0.573,18.0
5292,TOI-1279 b,2.66146528,10.6,9.61419,759.0,0.085,74.7359,0.0,5457.0,0.8426,3.05
5293,TOI-128.01,2.21898,5.56,4.9404681,1344.51,0.05381019,182.406,,6086.0,1.13,2.8
5294,TOI-1288 b,4.96846551,44.1,2.6998279,1203.44,0.0374,1198.41,0.0,5388.0,0.9583,1.97
5295,TOI-1288 c,11.1,85.7,416.0,,1.07,,0.0,5388.0,0.9583,0.344
5296,TOI-1291 b,5.63826391,27.1,7.1620097551,1649.0,,1230.42,,6139.95,1.8109,0.831
5297,TOI-1294 b,10.12369881,63.9,3.915292,1392.74,0.051,311.498,0.0,5718.0,1.5566,0.34
5298,TOI-1294 c,14.3,147.0,159.9,,0.61,,0.0,5718.0,1.5566,0.276
5299,TOI-1295 b,15.69257298,451.31633794,3.1968838,2360.0,0.047,1800.0,0.024,6280.0,1.7,0.65
5300,TOI-1296 b,14.11645916,95.3,3.9443736,1414.84,0.051,1078.5987,0.0,5567.0,1.7031,0.19
5301,TOI-1298 b,9.65807033,99.0,4.537143,1278.0,0.057,732.0077,0.0,5752.0,1.4536,0.6
5302,TOI-1301.01,2.477,6.7,6.096407209,737.36,0.059866,72.55,,4820.0,0.732,2.42
5303,TOI-132 b,3.42,22.4,2.1097019,1395.0,0.026,860.0,0.059,5397.0,0.9,3.08
5304,TOI-1333 b,15.647764,753.2571,4.720219,1679.0,0.0626,1112.85,0.073,6274.0,1.925,1.08
5305,TOI-1338 b,7.661,11.3,95.4001,254.65,0.4607,0.9938,0.0331,5723.2,1.313,0.56
5306,TOI-1338 c,10.3,75.4,215.79,,0.794,,0.037,5723.2,1.313,0.379
5307,TOI-1346 b,2.39,6.3,1.7622538,1324.0,,468.5415,,5099.0,0.78,2.54
5308,TOI-1346 c,2.23,5.6,5.502558,928.0,,102.6644,,5099.0,0.78,2.77
5309,TOI-1347 b,1.8,11.1,0.84742346,1400.0,0.0171,1876.1315,0.0,5464.0,0.83,9.9
5310,TOI-1347 c,1.6,6.4,4.841962,1000.0,0.0546,183.6642,0.0,5464.0,0.83,4.1
5311,TOI-1386 b,6.2163865,45.8,25.8401,615.03,0.173,34.68,0.0,5735.0,1.0235,1.04
5312,TOI-1386 c,10.3,75.2,232.0,327.4,0.75,1.771,0.38,5735.0,1.0235,0.378
5313,TOI-139 b,2.4566,6.6,11.07085,561.17,,22.4219,,4570.0,0.7007,2.45
5314,TOI-1408 b,25.0,593.0,4.42587,1293.0,0.05778,465.179,0.0023,6117.0,1.53,0.18
5315,TOI-1408 c,2.22,7.6,2.1664,1864.0,0.03587,2005.35,0.1353,6117.0,1.53,3.8
5316,TOI-1410 c,5.63,27.0,47.56,,0.239,,0.0,4635.0,0.7558,0.831
5317,TOI-1410.01,3.10083009,12.5,1.21687,1236.7,0.0207,565.5415,0.0,4635.0,0.7558,2.3
5318,TOI-1411 b,1.19880592,2.0,1.4520527,976.4,0.02122,266.85,0.0,4115.0,0.614,6.36
5319,TOI-1416 b,1.62,3.48,1.0697568,1517.0,0.019,883.0,0.0,4884.0,0.793,4.5
5320,TOI-1420 b,11.89,25.1,6.9561063,957.0,0.071,139.0,0.17,5510.0,0.923,0.082
5321,TOI-1422 b,3.83,9.5,12.99894,870.0,0.107,90.5151,0.2,5840.0,1.019,0.93
5322,TOI-1422 c,2.61,14.0,34.5633,628.0,0.205,,0.2,5840.0,1.019,4.3
5323,TOI-1431 b,16.70138124,991.62462984,2.650237,2370.0,0.046,5300.0,0.0022,7690.0,1.92,1.17
5324,TOI-1437 b,2.24,9.6,18.840942,794.23,0.14,82.0,0.17,6008.0,1.17,3.91
5325,TOI-1438 b,3.04,9.4,5.13967,971.0,0.0553,145.0,0.0,5230.0,0.82,1.8
5326,TOI-1438 c,2.75,10.6,9.428089,794.0,0.083,65.0,0.0,5230.0,0.82,2.9
5327,TOI-1439 b,4.2427861,38.5,27.644,748.4,0.192,68.4355,0.157,5841.0,1.6184,2.76
5328,TOI-1442 b,1.17,1.71,0.4090677,1072.0,0.0071,207.0242,,3330.0,0.31,5.87
5329,TOI-1443 b,2.30381001,30.0,23.540678,520.66,0.147,16.8576,0.0,5224.0,0.7511,14.0
5330,TOI-1444 b,1.41792246,3.58,0.4702743,2130.02,0.0116,5028.6263,0.0,5460.0,0.9105,6.84
5331,TOI-1448 b,2.749,19.5,8.112245,426.0,0.0567,5.45,0.36,3412.0,0.38,
5332,TOI-1450 A b,1.13,1.258,2.0439274,722.0,,44.9493,,3437.0,0.483,4.79
5333,TOI-1450 A c,1.13,1.527,5.0688,533.0,,,,3437.0,0.483,5.82
5334,TOI-1451 b,2.61143902,15.2,16.537944,723.33,0.127,53.0216,0.0,5801.0,1.0162,4.67
5335,TOI-1452 b,1.672,4.82,11.06201,326.0,0.061,1.8,0.0,3185.0,0.275,5.6
5336,TOI-1453 b,1.173,2.32,4.3135225,944.2,,132.6,0.0,4975.0,0.72,8.215288
5337,TOI-1453 c,2.224,2.95,6.5886982,819.8,,75.3,0.0,4975.0,0.72,1.472135
5338,TOI-1466 b,2.46741991,6.65,1.87190602231,1001.0,,167.099,,4435.39,0.749646,2.43
5339,TOI-1467 b,1.92,9.0,5.97114713,506.07,0.050748,18.13,0.0,3834.0,0.491,11.0
5340,TOI-1468 b,1.401,3.04,1.8805201,683.5,0.02107,36.4,0.0099,3376.0,0.3714,6.1
5341,TOI-1468 c,2.126,4.1,15.532477,338.1,0.08608,2.13,0.111,3376.0,0.3714,2.31
5342,TOI-1470 b,2.18,7.32,2.527093,734.0,0.0285,46.3,0.3,3709.0,0.469,3.86
5343,TOI-1470 c,2.47,7.24,18.08816,373.0,0.106,3.35,0.5,3709.0,0.469,2.66
5344,TOI-1472 b,4.058,18.05,6.36338574,891.0,0.064,110.0201,0.041,5100.0,0.84,1.49
5345,TOI-1472 c,3.334,21.13,15.5381747,662.0,0.116,,0.172,5100.0,0.84,3.14
5346,TOI-1478 b,11.99360935,279.68899816,10.1802117,918.0,0.0818,261.013,0.055,5597.0,1.048,0.88
5347,TOI-150.01,14.067295,797.7533,5.857487,1404.5,0.07037,750.922,0.262,6255.0,1.526,1.68
5348,TOI-1516 b,15.24421375,1004.33776612,2.056014,1839.0,,1899.83,,6520.0,1.14,1.56
5349,TOI-1518 b,21.05046575,581.62598481,1.90261131,2546.0,0.03712,7010.0,0.01,7299.0,1.942,0.343
5350,TOI-157 b,14.414774,375.0394,2.0845435,1588.0,0.03138,1062.0,0.0,5404.0,1.167,0.686
5351,TOI-1601 b,14.19902343,387.0,5.33175,1493.97,0.069,1071.42,0.0,5982.0,2.195,0.74
5352,TOI-163 b,16.690201,387.7526,4.231306,1669.0,0.058,1489.1126,0.0,6495.0,1.648,0.49
5353,TOI-1630.01,2.417,6.42,12.055734733,584.0,0.101151,55.58,,5504.0,0.83,2.5
5354,TOI-1634 b,1.759,4.9,0.98934551,900.0,0.01544,121.0,0.0,3550.0,0.45,5.282044
5355,TOI-1634 c,,,103.0,,,,0.0,3472.0,0.45,
5356,TOI-1648 b,2.54,7.4,7.331602,799.0,0.0694,27.4026,0.178,4850.0,0.81,2.49
5357,TOI-1659.01,2.255,5.71,5.877556328,1031.14,0.065757,268.44,,5977.0,1.006,2.74
5358,TOI-1669 b,14.1,191.0,500.0,,1.27,,0.0,5497.0,1.0561,0.374
5359,TOI-1669 c,2.2963977,13.0,2.6800535,1285.16,0.0376,342.997,0.0,5497.0,1.0561,6.0
5360,TOI-1670 b,2.06,41.31769291,10.98462,1062.0,0.103,196.694,0.59,6170.0,1.316,8.6
5361,TOI-1670 c,11.06326395,200.23189641,40.74976,684.0,0.249,14.5514,0.09,6170.0,1.316,0.81
5362,TOI-1680 b,1.466,2.75,4.8026345,404.0,0.03144,4.41,,3225.0,0.2106,4.8
5363,TOI-1683.01,2.6382,7.45,3.0575356,929.25,0.036507593,163.056,,4402.0,0.7,2.23
5364,TOI-1685 b,1.421,3.07,0.66913923,1000.0,0.01164,213.0,0.0,3470.0,0.462,5.3
5365,TOI-169 b,12.172974,251.40353,2.2554477,1715.0,0.03524,1443.0,0.0,5880.0,1.288,0.76
5366,TOI-1691 b,3.66,14.6,16.736888935,703.49,0.129365,59.13,0.0,5759.0,1.0,1.76
5367,TOI-1693 b,1.41,2.57,1.7666957,764.0,0.0226,57.0208,,3499.0,0.46,5.04
5368,TOI-1694 b,5.3422266,31.3,3.770107,943.19,0.045,195.2882,0.0,5058.0,0.8036,1.13
5369,TOI-1694 c,13.8,297.0,393.1,,0.1,,0.0,5058.0,0.8036,0.621
5370,TOI-1695 b,1.9,6.36,3.1342791,698.0,0.033548,39.0,0.097,3690.0,0.515,5.0
5371,TOI-1696 b,3.09,48.8,2.500311,489.0,0.0229,13.5,0.0,3185.0,0.2775,9.44
5372,TOI-1710 b,5.20315158,22.4,24.283377,602.99,0.166,33.0,0.0,5684.0,0.9574,0.87
5373,TOI-1716.01,3.143,10.0,8.082376554,959.0,0.080496,254.83,,5879.0,1.24,1.77
5374,TOI-1718 b,4.10824994,15.8,5.58703768615,948.0,,134.155,,5304.91,0.939285,1.25
5375,TOI-172 b,10.816685,1722.6386,9.47725,1198.0,0.0914,299.0,0.3806,5645.0,1.777,7.53
5376,TOI-1722 b,4.38298108,17.6,9.60523206943,952.0,,136.86,,5999.55,1.09414,1.15
5377,TOI-1723 b,3.435,10.4,13.727012643,782.98,0.113496,92.36,0.0,5777.0,1.09,1.6
5378,TOI-1728 b,5.05,26.78,3.49151,767.0,0.0391,57.78,0.057,3980.0,0.6243,1.14
5379,TOI-1732 b,2.49549787,6.78,4.11923678339,657.79,,44.2458,,4201.93,0.632571,2.4
5380,TOI-1736 b,3.18175535,12.3,7.073076,1099.79,0.073,329.6,0.0,5636.0,1.4286,2.09
5381,TOI-1736 c,12.5,2800.0,571.25,249.0,1.37,0.9,0.3685,5636.0,1.4286,7.88
5382,TOI-1739 b,1.946,4.45,8.303341406,755.55,0.073872,53.91,,4814.0,0.781,3.32
5383,TOI-1742 b,2.36507598,9.7,21.269084,694.09,0.154,58.618,0.3,5815.0,1.131,4.0
5384,TOI-1743 b,1.83,4.01,4.266046,485.0,0.03589,10.8837,,3277.0,0.338,3.6
5385,TOI-1744.01,2.68,7.65,22.341702927,598.0,0.164086,63.31,,6179.0,1.14,2.18
5386,TOI-1749 b,1.39,57.0,2.38839,831.0,0.0291,83.8379,0.14,3985.0,0.55,
5387,TOI-1749 c,2.12,14.0,4.4929,673.0,0.0443,36.1539,0.019,3985.0,0.55,
5388,TOI-1749 d,2.52,15.0,9.0497,533.0,0.0707,14.2074,0.062,3985.0,0.55,
5389,TOI-1750 b,2.78943837,8.19,11.33727129656,612.92,,33.352,,4683.75,0.768675,2.07
5390,TOI-1751 b,2.9507845,19.5,37.46852,651.64,0.215,192.521,0.327,5970.0,1.3137,4.13
5391,TOI-1753 b,2.47852533,16.6,5.3846104,1005.43,0.059,237.996,0.0,5621.0,0.9715,5.95
5392,TOI-1756 b,1.94225664,4.43,2.78301736297,696.39,,55.5824,,3891.86,0.562607,3.32
5393,TOI-1758 b,3.62,6.9,20.705074685,551.44,0.141409,21.05,0.0,5169.0,0.81,0.83
5394,TOI-1759 b,3.14,10.8,18.85019,443.0,0.1177,6.39,0.0,4065.0,0.597,1.91
5395,TOI-1768.01,3.453,11.8,7.337703649,1566.0,0.076381,240.87,,5994.0,1.1,1.57
5396,TOI-1772.01,2.905,8.78,8.054246874,877.67,0.078375,140.93,,5583.0,0.995,1.97
5397,TOI-1774.01,2.78,8.5,16.70988,824.0,,73.7609,0.05,5746.0,1.1303,2.17
5398,TOI-1775 b,8.04728896,96.0,10.2405549,707.89,0.08,55.4426,0.0,5284.0,0.8288,1.01
5399,TOI-1776 b,1.21612741,1.4,2.799868,1269.21,0.0378,560.3349,0.0,5785.0,0.9356,4.13
5400,TOI-1777.01,2.246,5.67,14.650111974,580.0,0.119466,71.34,,5859.0,0.98,2.75
5401,TOI-178 b,1.2,0.96,1.9145601,1040.0,0.02607,,,4316.0,0.662,3.142761
5402,TOI-178 c,1.754,4.64,3.238486,873.0,0.037,97.6159,0.00032,4316.0,0.662,4.796846
5403,TOI-178 d,2.695,5.2,6.557569,690.0,0.0592,24.9125,0.0068,4316.0,0.662,1.461108
5404,TOI-178 e,2.301,3.48,9.96318,600.0,0.0783,21.8202,0.00038,4316.0,0.662,1.582408
5405,TOI-178 f,2.417,5.63,15.23335,521.0,0.1039,0.6071,0.00045,4316.0,0.662,2.216474
5406,TOI-178 g,2.939,4.4,20.71663,470.0,0.1275,19.4978,0.00043,4316.0,0.662,0.959369
5407,TOI-1782.01,2.368,6.2,4.987641028,697.84,0.05024,56.25,,4336.0,0.669,2.57
5408,TOI-1782.02,1.839,4.04,1.829024227,974.95,0.025739,214.17,,4336.0,0.669,3.57
5409,TOI-1789 b,16.14093221,222.4798849,3.208664,1927.0,0.04882,2300.0,,5991.0,2.168,0.28
5410,TOI-1794 b,3.29701268,8.7,8.765528,992.91,0.082,228.913,0.0,5631.0,1.3162,1.31
5411,TOI-1798.01,2.448,6.5,8.021522331,734.31,0.074984,69.26,0.0,5165.0,0.78,2.61
5412,TOI-1798.02,1.464,5.6,0.437811822,1935.83,0.010789,3345.44,0.0,5165.0,0.78,11.17
5413,TOI-1799 b,1.642,4.0,7.094570865,922.72,0.072502,164.26,0.0,5690.0,0.957,7.51
5414,TOI-1801 b,2.079,5.738,10.64387,493.7,0.075,10.7276,0.0,3863.0,0.547,3.701
5415,TOI-1803 b,2.99,10.32,6.293287,747.0,0.06,58.0,0.0,4687.0,0.715,2.15031
5416,TOI-1803 c,4.29,8.0,12.885779,588.0,0.097,22.0,0.0,4687.0,0.715,0.419035
5417,TOI-1806.01,3.4095367,11.5,15.1454693,337.47,0.087735044,2.1473,,3272.0,0.401575,1.59
5418,TOI-1807 b,1.49681583,2.44,0.54937097,1694.1,0.0122,1407.22,0.0,4914.0,0.746,3.98
5419,TOI-181 b,6.9559,46.1687,4.532,895.1,0.0539,102.43,0.1543,4994.0,0.745,0.7562
5420,TOI-1811 b,11.14172682,308.9292116,3.7130765,962.2,0.04389,55.9743,0.052,4766.0,0.769,1.23
5421,TOI-1814 b,5.18536642,23.5,6.36861010462,977.83,,216.0619,,4872.84,2.3895,0.926
5422,TOI-1820 b,12.778238,731.0053361,4.860674,1375.0,0.061,292.245,0.043,5734.0,1.51,2.0
5423,TOI-1823 b,7.5406241,67.4,38.8,423.63,0.212,9.2972,0.0,4927.0,0.8049,0.86
5424,TOI-1824 b,2.7438269,16.0,22.808533,528.67,0.151,14.6287,0.0,5165.0,0.8123,4.24
5425,TOI-1836 b,8.00321222,38.45723725,20.380799,966.0,0.1597,153.5185,0.0,6380.0,1.577,0.41
5426,TOI-1836 c,2.59987579,8.0,1.7727471,2007.6,0.03089,2981.98,0.0,6237.0,1.6454,3.0
5427,TOI-1839 b,2.21895097,5.56,1.42378440907,1405.35,,921.8467,,5315.91,0.848099,2.8
5428,TOI-1839 c,2.40867246,6.39,4.02393854207,,,,,5315.91,0.848099,2.51
5429,TOI-1842 b,12.3485023,89.4,9.5739181,1199.55,0.1,354.639,0.276,6039.0,2.032,0.26
5430,TOI-1846 b,1.792,3.87,3.9306737,568.1,0.03646,17.35,,3568.0,0.397,3.7
5431,TOI-1853 b,3.46,73.2,1.2436258,1479.0,0.0213,435.33,0.03,4985.0,0.808,9.74
5432,TOI-1855 b,18.49481816,360.09958513,1.36414864,1701.0,0.02398,852.162,0.033,5359.0,1.041,0.31
5433,TOI-1859 b,9.75181321,68.6,63.48347,615.0,0.337,23.786,0.57,6341.0,1.36,0.406
5434,TOI-1860 b,1.31,2.27,1.0662107,1885.0,0.0204,876.703,,5752.0,0.94,5.55
5435,TOI-1873 b,2.86356397,8.57,7.00572708834,923.5,,171.8936,,5597.99,0.971675,2.01
5436,TOI-1883 b,5.65,27.2,4.50638,524.92,0.0468,17.9436,,3477.0,0.494,0.829
5437,TOI-1898 b,9.39553231,129.0,45.52234,674.54,0.269,51.0074,0.485,6241.0,1.6131,0.85
5438,TOI-1899 b,11.09689089,212.94503269,29.090312,378.0,0.1525,3.4,0.044,3926.0,0.607,0.85
5439,TOI-1937 A b,13.97759893,638.83509807,0.94667944,2097.0,0.01932,3230.0,0.0,5814.0,1.08,1.28
5440,TOI-198 b,1.36,3.17,10.215213,456.0,0.0675,7.2,0.15,3801.0,0.418,6.89
5441,TOI-199 b,9.07927437,54.03082919,104.854,476.27,0.4254,8.5419,0.09,5255.0,0.82,0.397
5442,TOI-199 c,11.4,88.99195396,273.69,,0.807,,0.096,5255.0,0.82,0.33
5443,TOI-1994 b,13.67495645,7024.0077947,4.0337142,2290.0,0.0613,1910.26,0.341,7700.0,2.3,15.0
5444,TOI-2000 b,2.7,11.0,3.09833,1488.0,0.04271,628.0,0.0,5611.0,1.134,3.07
5445,TOI-2000 c,8.14,81.7,9.127055,1038.0,0.0878,149.0,0.063,5611.0,1.134,0.829
5446,TOI-2005 b,11.99360935,2034.1018048,17.305904,1221.39,0.16,525.9409,0.597,7130.0,2.02,
5447,TOI-201 b,,,52.977946,,,,,,,
5448,TOI-201 c,,,,,,,,,,
5449,TOI-2010 b,11.81426566,408.7273314,141.834025,400.2,0.5516,4.09,0.212,5929.0,1.079,1.36
5450,TOI-2015 b,3.309,9.2,3.348237,530.9,0.029322,13.185,0.0789,3297.0,0.3273,1.4
5451,TOI-2015 c,2.93,8.91,5.582796,448.0,0.041232,6.68,0.00033,3297.0,0.3273,1.95
5452,TOI-2018 b,2.268,9.2,7.435583,576.34,,26.0758,0.0,4174.0,0.62,4.33
5453,TOI-2019 b,5.33275337,34.4,15.3444,917.46,0.128,126.052,0.0,5626.0,1.7457,1.25
5454,TOI-2025 b,11.89272852,1144.1822652,8.8720982,1166.0,0.0892,343.7178,0.394,5977.0,1.459,3.74
5455,TOI-2031 A b,14.20177855,254.2627256,5.71548654,1358.0,0.066,567.0,0.076,6490.0,1.241,0.49
5456,TOI-2046 b,16.14093221,731.0053361,1.4971842,1828.82,,2643.655,,6250.0,1.21,0.955
5457,TOI-2048 b,2.61,7.32,13.79019,646.0,,29.035,0.13,5185.0,0.79,2.26
5458,TOI-205 b,2.50121142,6.81,4.25300773815,1799.55,,1740.9224,,6302.74,1.45382,2.39
5459,TOI-206 b,1.3,2.24,0.7363104,910.0,0.0112,117.7582,,3383.0,0.35,5.6
5460,TOI-2068 b,1.821,3.97,7.768915,520.62,0.0632,12.23,,3710.0,0.535,3.61
5461,TOI-2071 b,2.56484195,7.1,5.67395386982,1029.33,,265.3025,,5755.41,1.00286,2.31
5462,TOI-2076 b,2.59,6.7,10.35504,736.0,0.08781,49.4,0.0114,5187.0,0.758,2.08
5463,TOI-2076 c,3.54,7.2,21.01447,581.0,0.1407,32.7,0.036,5187.0,0.758,0.87
5464,TOI-2076 d,3.27,7.3,35.12803,490.0,0.1982,16.5,0.027,5187.0,0.758,1.12
5465,TOI-2076 e,1.301,4.7,3.0223753,1110.0,0.03863,,0.0,5187.0,0.758,11.5
5466,TOI-2081 b,2.04,4.82,10.50534,488.0,0.0752,8.1,,3800.0,0.534,3.12
5467,TOI-2084 b,2.47,6.66,6.0784247,527.0,0.05006,12.8,,3551.0,0.475,2.43
5468,TOI-2088 b,3.6831179,37.0,124.72997,300.33,0.472,1.7338,0.0,5081.0,0.8481,2.0
5469,TOI-209 b,2.3947209,6.32,4.37943587445,845.78,,120.936,,4806.66,0.742779,2.53
5470,TOI-2092 b,2.94892961,9.0,4.30325528074,1042.0,,195.793,,5842.06,1.0519,1.93
5471,TOI-2093 b,3.25,10.6,12.836,535.0,0.097,,0.0,4426.0,0.729,1.7
5472,TOI-2093 c,2.3,15.8,53.81149,329.0,0.257,3.0647,0.0,4426.0,0.729,7.0
5473,TOI-2094 b,1.9,4.27,18.793193,276.0,0.136,0.98,,3435.0,0.384,3.42
5474,TOI-2095 b,1.25,4.1,17.66484,347.0,0.101,3.43,0.0,3759.0,0.44,
5475,TOI-2095 c,1.33,7.4,28.17232,297.0,0.137,1.84,0.0,3759.0,0.44,
5476,TOI-2096 b,1.243,2.08,3.1190633,445.0,0.025,9.4,0.15,3300.0,0.235,5.95
5477,TOI-2096 c,1.914,4.32,6.38784,349.0,0.04,3.7,0.1,3300.0,0.235,3.39
5478,TOI-2104 b,1.52898127,2.95,5.904370457,846.0,,85.3357,,4856.13,0.723757,4.54
5479,TOI-2107 b,13.57407563,263.79757781,2.4545467,1397.0,0.03515,508.468,0.033,5627.0,0.932,0.577
5480,TOI-2109 b,15.098497,1595.49860314,0.67247414,3646.0,0.01791,14429.0,,6540.0,1.698,2.55
5481,TOI-2120 b,2.122,6.8,5.7998164,384.0,0.0377,3.61,0.32,3131.0,0.245,
5482,TOI-2128 b,2.08874836,4.5,16.34136,780.53,0.127,86.2315,0.0,5968.0,1.1174,2.68
5483,TOI-2133 b,2.37,6.21,3.8266472,798.0,0.041,81.1072,,4250.0,0.62,2.56
5484,TOI-2134 b,2.69,9.13,9.2292005,666.0,0.078,32.0,0.06,4580.0,0.709,2.607
5485,TOI-2134 c,7.27,41.89,95.5,306.0,0.371,1.4,0.67,4580.0,0.709,0.599
5486,TOI-2136 b,2.19,6.37,7.851928,395.0,0.057,4.0,0.0,3342.0,0.34,3.34
5487,TOI-2141 b,3.147,20.1,18.261608,728.0,0.1322,47.3,0.21,5635.0,0.95,3.54
5488,TOI-2141 c,2.35,6.14,5.4624,1095.0,0.0585,241.0,,5635.0,0.95,2.6
5489,TOI-2141 d,3.97,14.9,60.45,491.4,0.2906,9.8,,5635.0,0.95,1.31
5490,TOI-2145 b,12.24020692,1805.26535176,10.261128,1484.0,0.1117,515.939,0.214,6206.0,2.75,5.34
5491,TOI-2152 A b,14.35870428,899.45439181,3.3773512,1802.0,0.05064,2195.7879,0.057,6630.0,1.612,1.67
5492,TOI-2154 b,16.28664896,292.40213444,3.8240801,1580.0,0.0513,1005.8946,0.117,6280.0,1.396,0.37
5493,TOI-2158 b,10.76062147,260.61929374,8.60077,1188.0,0.075,81.4989,0.07,5673.0,1.41,1.14
5494,TOI-216.01,10.1,177.98390792,34.525528,497.0,0.2069,10.1,0.0046,5026.0,0.748,0.76
5495,TOI-216.02,8.0,18.75187601,17.16073,628.0,0.1293,25.9,0.16,5026.0,0.748,0.34
5496,TOI-2169 A b,12.50922246,329.58805806,8.2148282,1364.0,0.0896,577.0,0.045,6270.0,1.82,0.92
5497,TOI-2180 b,11.32107051,875.61726129,260.79,348.0,0.828,2.71,0.3683,5695.0,1.636,3.32
5498,TOI-2184 b,11.39953337,206.58846455,6.90683,1676.05,,1429.0,0.08,5966.0,2.9,0.76
5499,TOI-2193 A b,19.83989584,298.75870258,2.1225735,1763.0,0.03319,1600.0,0.0,5966.0,1.248,0.06
5500,TOI-2194 b,1.9892,4.61,15.337597,590.88,,14.2526,,4756.0,0.6909,3.22
5501,TOI-2196 b,3.51,26.0,1.1947268,1860.0,0.02234,2000.0,0.0,5634.0,1.043,3.31
5502,TOI-220 b,3.03,13.8,10.695264,805.0,0.08911,137.7252,0.032,5298.0,0.858,2.73
5503,TOI-2200 b,6.96310517,38.7,2.93602836512,1147.0,,288.087,,5036.17,0.826247,0.63
5504,TOI-2202 b,10.95117414,287.31687993,11.9126075,652.07,0.09564,42.7254,0.022,5169.0,0.808,1.2
5505,TOI-2202 c,13.4,117.27868218,24.6744,,0.15544,,0.0622,5144.0,0.794,0.268
5506,TOI-2207 b,11.1529358,203.41018048,8.001968,1259.0,0.0854,406.0,0.174,6101.0,1.564,0.8
5507,TOI-2211.01,1.561,3.06,3.092686757,1056.92,0.04011,296.13,,5253.0,0.834,4.42
5508,TOI-2227 b,3.09885187,9.79,4.22175815648,1164.0,,305.107,,5889.54,1.20847,1.81
5509,TOI-2236 b,14.36991326,502.16888306,3.5315902,1688.0,0.05009,1356.0,0.0,6248.0,1.573,0.93
5510,TOI-2257 b,2.194,5.45,35.189346,256.0,0.145,0.6703,0.496,3430.0,0.313,2.84
5511,TOI-2260 b,1.62,3.26,0.3524728,2609.0,0.0097,1844.98,,5534.0,0.94,4.21
5512,TOI-2266 b,1.54,2.99,2.326318,550.0,0.02,13.0,,3200.0,0.24,4.5
5513,TOI-2267 b,1.0,0.972,2.28909,424.0,0.0205,8.4,,3030.0,0.2075,5.34
5514,TOI-2267 c,1.14,1.55,3.4950412,374.0,0.0263,4.7,,3030.0,0.2075,5.75
5515,TOI-2267 d,1.77,3.78,2.0344671,422.0,0.0145,5.3,,3022.0,0.13,3.75
5516,TOI-2274 b,2.45,6.57,2.67963,771.46,0.05,83.7078,,3943.0,0.631,2.45
5517,TOI-2285 b,1.77,19.5,13.635109,358.0,0.1363,3.91,0.3,3491.0,0.464,
5518,TOI-2295 b,16.47720163,278.09985612,30.033302,747.0,0.1992,42.0912,0.334,5730.0,1.459,0.34
5519,TOI-2295 c,12.8,1783.01736327,966.5,234.9,2.018,,0.194,5730.0,1.459,4.67
5520,TOI-2322 b,0.994,2.31,11.30717,603.1,0.0924,22.04,0.0,4664.0,0.662,12.75
5521,TOI-2322 c,1.874,18.1,20.225528,496.8,0.1362,10.15,0.0,4664.0,0.662,14.69
5522,TOI-2328 b,9.97599282,50.85254512,17.10197,842.0,0.127,20.0982,0.057,5525.0,0.9,0.29
5523,TOI-2337 b,10.08808263,508.5254512,2.99432,1272.46,,619.5809,0.019,4780.0,3.22,2.72
5524,TOI-2338 b,11.2089807,1900.61387386,22.65398,799.0,0.158,13.8485,0.676,5581.0,1.05,7.42
5525,TOI-2345 b,1.504,3.49,1.0528573,1478.0,0.01705,791.0,,4687.0,0.729,5.64
5526,TOI-2345 c,2.451,7.27,21.064302,544.0,0.1257,14.57,,4687.0,0.729,2.71
5527,TOI-2346 b,16.11851425,394.10722468,3.3312029,1689.0,0.0473,1360.0,0.086,6480.0,1.38,0.52
5528,TOI-2364 b,8.60849718,71.51139158,4.0197517,1091.0,0.04871,237.0,0.0,5306.0,0.886,0.61
5529,TOI-2368 b,10.83908434,206.58846455,5.1750073,1000.0,0.05649,162.7267,0.061,5360.0,0.846,0.88
5530,TOI-237 b,1.44,2.67,5.436098,388.0,0.0341,3.7,0.0,3212.0,0.211,4.91
5531,TOI-2373 b,10.42435205,2955.8041851,13.33668,860.0,0.112,69.8726,0.112,5651.0,1.102,14.4
5532,TOI-2374 b,6.81,56.64,4.31361,885.0,0.0471,132.5691,0.13,4802.0,0.69,0.98
5533,TOI-2379 b,11.72459381,1830.69162432,5.4693827,624.0,0.05263,25.3,0.342,3707.0,0.622,6.21
5534,TOI-238 b,1.559,3.37,1.273099,1378.0,0.0212,753.1,0.18,5059.0,0.756,6.8
5535,TOI-238 c,2.18,6.7,8.465651,696.0,0.0749,58.3,0.36,5059.0,0.733,1.83
5536,TOI-2382 b,12.25141591,235.19302118,4.6612061,1426.0,0.059,689.0,0.18,6033.0,1.417,0.68
5537,TOI-2384 b,11.48920522,624.85064816,2.13570304,889.7,0.02793,104.3,0.0,3943.0,0.6113,2.26
5538,TOI-2406 b,2.86,15.6,3.0766891,449.0,0.02267,6.69,0.17,3100.0,0.204,
5539,TOI-2407 b,4.26,16.8,2.702969,705.0,0.033,41.0,0.08,3530.0,0.567,1.19
5540,TOI-2411 b,1.68,3.46,0.7826942,1355.0,0.0144,1051.1379,,4099.0,0.68,4.01
5541,TOI-2416 b,9.86390302,953.485221,8.275479,1080.0,0.0831,130.93,0.32,5808.0,1.236,5.4
5542,TOI-2420 b,15.02003414,294.62693329,5.842641,1571.6,0.0684,1017.0,0.055,5707.0,2.369,0.477
5543,TOI-2421 b,10.36830715,105.83685953,4.3474032,1534.0,0.0543,923.6,0.0,5607.0,1.75,0.52
5544,TOI-2427 b,1.8,3.89,1.3060011,1117.0,0.0202,62.7136,,4072.0,0.65,3.67
5545,TOI-2431 b,,,,,,,,,,
5546,TOI-244 b,1.52,2.68,7.397225,458.0,0.0559,7.3,,3433.0,0.426,4.2
5547,TOI-2443 b,2.363,4.8,15.66858,519.0,0.105,13.2931,0.301,4375.0,0.631,2.0
5548,TOI-2445 b,1.25,2.1,0.3711281,1060.0,0.0064,204.4874,,3333.0,0.27,5.91
5549,TOI-2447 b,9.60609646,124.90656395,69.33684,414.0,0.347,44.5933,0.17,5730.0,1.006,0.774
5550,TOI-2449 b,11.24,222.0,106.14468,400.0,0.45,362.642,0.098,6021.0,1.065,0.859
5551,TOI-2453 b,3.24380341,10.6,4.44143463188,550.78,,21.749,,3720.23,0.502498,1.71
5552,TOI-2458 b,2.83,13.31,3.73659,1509.4,0.0482,865.0,0.087,6005.0,1.31,3.23
5553,TOI-2458 c,3.18,10.22,16.553,,0.129,,0.29,6005.0,1.31,1.75
5554,TOI-2459 b,2.9531,9.03,19.104718,445.01,,8.5187,,4195.0,0.6751,1.93
5555,TOI-2485 b,12.1393261,766.60211768,11.23479,1134.0,0.1093,275.6,0.0341,6016.4,1.72,2.36
5556,TOI-2497 b,11.14172682,1531.93292174,10.655669,1595.0,0.1166,997.8085,0.195,7360.0,2.36,6.1
5557,TOI-2498 b,6.06,34.62,3.738252,1443.0,0.0491,790.4759,0.089,5905.0,1.26,0.86
5558,TOI-251 b,2.74,317.83,4.93777,1041.19,0.05741,277.7462,0.0,5875.0,0.881,
5559,TOI-2518 b,2.26838675,5.77,6.89797425216,1095.0,,239.133,,5751.2,0.993374,2.72
5560,TOI-2524 b,11.2089807,203.41018048,7.18585,1100.0,0.073,210.609,0.0,5831.0,1.119,0.79
5561,TOI-2525 b,8.67575106,26.69758619,23.2856,512.97,0.1511,16.3643,0.17,5096.0,0.785,0.225
5562,TOI-2525 c,10.13291855,208.8132634,49.2519,399.96,0.249,6.0478,0.157,5096.0,0.785,1.11
5563,TOI-2529 b,11.54525012,743.71847238,64.5949,636.0,0.327,70.9731,0.021,5802.0,1.7,2.66
5564,TOI-2537 b,11.25381662,415.40172795,94.1022,338.0,0.3715,7.4445,0.364,4870.0,0.771,1.6
5565,TOI-2537 c,12.7,2297.89938261,1920.0,123.1,2.78,,0.287,4870.0,0.771,6.16
5566,TOI-2545 b,2.75,8.0,7.994037,1022.99,,258.8217,,5846.29,1.25324,2.11
5567,TOI-2567 b,10.92875618,63.88350981,5.983944,1352.0,0.0672,558.0,0.0,5611.0,1.686,0.269
5568,TOI-257 b,7.16253867,43.86032017,18.38818,1027.0,0.1528,186.0,0.0,6095.0,1.867,0.65
5569,TOI-2570 b,13.64132951,260.61929374,2.9887615,1431.0,0.04145,699.0,0.0,5771.0,1.095,0.563
5570,TOI-2580 b,17.37392009,200.23189641,3.39775,2410.0,0.048,1730.0,0.08,6120.0,1.81,0.22
5571,TOI-2583 A b,14.4595851,79.45710175,4.5207265,1456.0,0.0571,750.9,0.0,5936.0,1.477,0.144
5572,TOI-2587 A b,12.07207221,69.28659273,5.45664,1445.0,0.0635,728.0,0.0,5760.0,1.726,0.216
5573,TOI-2589 b,12.10569916,1112.3994245,61.6277,592.0,0.3,21.7464,0.522,5579.0,1.07,3.45
5574,TOI-260 b,1.71,4.23,13.475853,493.0,0.0943,10.1838,0.0,4026.0,0.607,4.66
5575,TOI-261.01,3.0449863,9.51,3.3639254,1722.49,0.034792189,874.7956,,5890.3,1.28018,1.85
5576,TOI-261.02,3.34822227,11.2,13.03935862135,1007.53,,243.5261,,5890.3,1.31383,1.64
5577,TOI-262 b,2.07,4.94,11.14529,584.0,0.163,56.9133,,5310.0,0.853,3.06
5578,TOI-2641 b,18.10250383,122.6817651,4.880974,1387.0,0.0607,602.0,0.18,6100.0,1.336,0.092
5579,TOI-2654 b,7.94454164,48.4,2.96760425926,819.0,,75.0167,,4594.08,0.756095,0.53
5580,TOI-2669 b,19.72780603,193.87532827,6.2034,1226.0,,375.554,0.09,4800.0,4.1,0.139
5581,TOI-269 b,2.77,8.8,3.6977104,531.0,0.0345,19.0,0.425,3514.0,0.398,2.28
5582,TOI-270 b,1.28,1.48,3.35992,600.0,0.03197,131.7935,0.0167,3506.0,0.38,3.89
5583,TOI-270 c,2.33,6.2,5.66051,489.0,0.04526,47.0639,0.0044,3506.0,0.38,2.7
5584,TOI-270 d,2.0,4.2,11.38194,383.0,0.0721,9.2135,0.0066,3506.0,0.38,2.9
5585,TOI-2714 b,13.72,228.0,2.499387,1603.0,0.036,945.55,0.164,5665.0,1.25,0.49
5586,TOI-2719 b,5.98,29.9,3.37594,1710.0,,874.29,,5762.0,1.69,0.768
5587,TOI-2768 b,2.63,7.41,1.50801,855.0,0.027,89.0458,,4008.0,0.657,2.24
5588,TOI-277 b,2.65,7.51,3.994,587.92,0.0269,28.236,,4031.0,0.362,2.22
5589,TOI-2796 b,17.26183028,139.84449908,4.8084983,1205.0,0.0569,352.0,0.0,5764.0,1.069,0.15
5590,TOI-2803 A b,18.11371281,309.88269682,1.96229325,1893.0,0.03185,2150.0,0.0,6280.0,1.245,0.287
5591,TOI-2818 b,15.27784069,225.65816897,4.039709,1376.0,0.0493,598.0,0.0,5721.0,1.229,0.34
5592,TOI-283 b,2.34,6.54,17.61745,661.0,0.123,30.4,0.0,5213.0,0.85,2.81
5593,TOI-2842 b,12.84549188,117.59651059,3.5514058,1471.0,0.0475,781.8,0.0,5910.0,1.265,0.304
5594,TOI-286 b,1.42,4.53,4.5117244,979.0,0.0503,889.5827,0.0,5152.0,0.78,8.63
5595,TOI-286 c,1.88,3.72,39.361826,475.0,0.213,22.4437,0.0,5152.0,0.78,3.09
5596,TOI-2876 b,9.6397234,54.03082919,6.2996431,929.0,0.0654,124.2,0.13,5271.0,0.873,0.33
5597,TOI-2886 b,18.6405349,444.9597698,1.60200105,1978.0,0.02871,2560.0,0.11,6240.0,1.241,0.377
5598,TOI-2969 b,12.32987877,368.68095212,1.8237146,1186.0,0.0261,382.0,0.0,4738.0,0.7,1.1
5599,TOI-2977 b,13.15934334,533.95172376,2.3505614,1544.0,0.03386,947.8,0.0,5691.0,1.073,1.28
5600,TOI-2981 b,13.4,638.0,3.601501,1358.0,0.048,556.616,0.035,5940.0,1.08,1.46
5601,TOI-2986 b,9.292245,96.61983573,3.2783662,1622.0,0.04489,1156.0,0.14,5906.0,1.458,0.66
5602,TOI-2989 b,12.55405838,953.485221,3.122832,1001.0,0.0384,124.0,0.0,4672.0,0.76,2.7
5603,TOI-2992 b,13.75341932,1058.36859531,3.007812,1726.0,0.0434,1484.0,0.089,6000.0,1.545,2.23
5604,TOI-3023 b,16.43236571,197.05361234,3.9014971,1596.0,0.0505,1084.0,0.0,5760.0,1.668,0.245
5605,TOI-3071 b,7.16,68.2,1.266938,2155.0,0.0249,2579.61,0.09,6177.0,1.31,1.02
5606,TOI-3082 b,3.6621,13.0,1.926907,1032.78,,131.648,,4263.0,0.6847,1.45
5607,TOI-3135 b,13.65253849,327.36325921,3.7065585,1292.0,0.04756,464.0,0.24,5890.0,0.985,0.7
5608,TOI-3160 A b,13.7646283,378.21580433,3.971281,1539.0,0.0505,933.0,0.18,6190.0,1.346,0.79
5609,TOI-3235 b,11.39953337,211.35589065,2.59261842,604.0,0.02709,13.8883,0.029,3388.8,0.3697,0.78
5610,TOI-3261 b,3.82,30.3,0.8831331,1722.0,0.01714,1466.0,0.0,5068.0,0.849,3.0
5611,TOI-3288 b,12.24020692,536.17652261,1.4338647,973.0,0.02285,213.8,0.021,4072.0,0.672,1.6
5612,TOI-329 b,4.94057819,40.4,5.70439,1213.02,0.0638,576.8749,0.39,5614.0,1.5326,1.84
5613,TOI-332 b,3.2,57.2,0.777038,1871.0,0.0159,4180.32,0.0,5251.0,0.87,9.6
5614,TOI-3321 b,15.55806521,176.07693748,3.6525145,1616.0,0.047,967.919,0.054,5850.0,1.549,0.255
5615,TOI-333 b,4.26,20.1,3.7852503,1445.0,0.049,650.4959,0.0,6241.0,1.1,1.42
5616,TOI-3331 A b,12.97999965,721.47048389,2.0180231,1488.0,0.03144,818.5,0.0,5609.0,0.952,1.82
5617,TOI-3353.01,2.6667555,7.59,4.6657965,1264.36,0.060118218,313.0426,,6365.0,1.0207,2.2
5618,TOI-3362 b,12.80065596,1598.3590588,18.09547,688.0,0.153,37.2117,0.815,6532.0,1.83,4.19
5619,TOI-3364 b,12.22899794,530.77343969,5.8768918,1264.0,0.0675,425.0,0.0,5706.0,1.419,1.6
5620,TOI-3464 b,13.7646283,397.28550875,3.6515568,1693.0,0.0515,1370.0,0.25,6370.0,1.56,0.83
5621,TOI-3474 b,14.67255574,193.87532827,3.8795105,1451.0,0.0502,740.0,0.13,6020.0,1.256,0.337
5622,TOI-3486 b,10.5700688,99.16246298,2.21778105,1190.0,0.03138,334.0,0.078,4930.0,0.788,0.46
5623,TOI-3493 b,3.22,8.97,8.1594667,1102.0,,245.0,,5844.0,1.228,1.47
5624,TOI-3523 A b,15.9727975,435.42491759,2.30458952,1984.0,0.03559,2590.0,0.047,6450.0,1.448,0.587
5625,TOI-3540 A b,23.53885947,375.03752026,3.119999,1498.0,0.04289,841.3,0.0,5810.0,1.228,0.065
5626,TOI-3568 b,5.3,26.4,4.417965,899.0,0.0485,130.1481,0.035,4969.0,0.719,0.98
5627,TOI-3593 b,11.02963701,565.73456446,3.8212867,1170.0,0.0481,308.0,0.105,5550.0,0.918,2.31
5628,TOI-3629 b,8.29464572,82.63538582,3.936551,690.0,0.043,39.0,0.05,3870.0,0.6,0.8
5629,TOI-3682 b,12.80065596,69.28659273,3.3462406,1657.0,0.048,1258.0,0.22,5703.0,1.735,0.181
5630,TOI-3688 A b,13.08088048,311.47183886,3.246075,1534.0,0.0456,924.3,0.0,5950.0,1.302,0.76
5631,TOI-3693 b,12.59889431,324.18497514,9.088516,801.0,0.0813,68.6,0.0,5321.0,0.791,0.89
5632,TOI-3714 b,11.32107051,222.4798849,2.154849,750.0,0.027,54.0,0.03,3660.0,0.51,0.85
5633,TOI-375 b,10.77183045,236.78216321,9.45469,1373.0,0.099,593.3,0.087,5259.9,2.9,1.037
5634,TOI-375 c,13.4,669.34662514,115.5,596.0,0.524,21.07,,5259.9,2.9,1.53
5635,TOI-375 d,13.6,445.59542661,297.9,434.0,0.984,5.96,,5259.9,2.9,0.973
5636,TOI-3757 b,12.0,85.3,3.438753,759.0,0.03845,55.4,0.14,3913.0,0.62,0.27
5637,TOI-3785 b,5.14,14.95,4.6747373,582.0,0.043,19.1,0.11,3576.0,0.5,0.61
5638,TOI-3807 b,18.49481816,330.54154328,2.8989727,1646.0,0.0421,1230.0,0.0,5772.0,1.468,0.289
5639,TOI-3819 b,13.13692538,352.78953177,3.2443141,1633.0,0.04611,1186.0,0.0,5859.0,1.538,0.85
5640,TOI-3837 b,10.87271128,187.51876013,11.88865,1178.0,0.099,138.065,0.221,5905.0,1.2,0.82
5641,TOI-3856 b,13.59649359,171.62733978,2.04360352,1544.0,0.0325,949.0,0.083,5622.0,1.055,0.371
5642,TOI-3862 b,5.53,53.7,1.55745774,1539.0,0.02539,358.839,0.0232,5300.0,0.92,1.75
5643,TOI-3877 b,11.67975789,99.7981198,4.123596,1445.0,0.0529,729.0,0.22,5731.0,1.445,0.342
5644,TOI-3884 b,6.43,32.59,4.5445828,441.0,0.0361,6.29,0.06,3180.0,0.302,0.67
5645,TOI-3894 b,15.27784069,260.61929374,4.33454,1531.0,0.05354,546.903,0.05,6000.0,1.502,0.4
5646,TOI-3896 b,3.14949237,10.1,4.37730369667,966.0,,144.988,,5110.91,0.747752,1.78
5647,TOI-3912 b,14.28024141,129.03833324,3.4936264,1512.0,0.0463,872.2,0.0,5725.0,1.392,0.243
5648,TOI-3919 b,12.31866979,1233.17421916,7.433234,1198.0,0.0795,184.322,0.259,6100.0,1.319,3.63
5649,TOI-3976 A b,12.27383387,55.61997123,6.607662,1295.0,0.0743,469.0,0.0,5975.0,1.501,0.165
5650,TOI-3980 b,14.4595851,187.51876013,3.6089254,1621.0,0.0494,1153.0,0.16,5840.0,1.626,0.25
5651,TOI-3984 A b,7.9,44.0,4.353326,563.0,0.041,16.7,0.23,3476.0,0.47,0.49
5652,TOI-4010 b,3.02,11.0,1.348335,1441.0,0.0229,714.0,0.03,4960.0,0.83,2.2
5653,TOI-4010 c,5.93,20.31,5.414654,907.0,0.058,112.0,0.03,4960.0,0.83,0.5
5654,TOI-4010 d,6.18,38.15,14.70886,650.0,0.113,30.0,0.07,4960.0,0.83,0.9
5655,TOI-4010 e,13.3,692.0,762.0,174.0,1.57,0.15,0.26,4960.0,0.83,1.62
5656,TOI-4029 b,6.73756618,36.6,5.88498234631,1142.0,,282.509,,5662.53,1.17834,0.658
5657,TOI-4030 b,5.8462559,28.8,2.50900199461,1384.0,,609.961,,5640.37,0.991737,0.792
5658,TOI-406 c,1.32,2.08,3.307441,584.0,0.0322,19.0,0.032,3392.0,0.41,4.9
5659,TOI-406.01,2.08,6.57,13.175682,368.0,0.0809,3.0,0.056,3392.0,0.41,4.1
5660,TOI-4087 b,13.04725353,232.01473711,3.1774835,1458.0,0.04469,753.9,0.0,6060.0,1.112,0.57
5661,TOI-411 b,1.362,13.71,4.040295,1241.0,0.05727,495.139,0.126,6169.0,1.117,18.96
5662,TOI-411 c,2.328,9.72,9.573083,931.0,0.1017,156.75,0.16,6169.0,1.117,3.15
5663,TOI-4127 b,12.28504285,731.0053361,56.39879,605.1,0.3081,22.3,0.7471,6096.0,1.293,2.17
5664,TOI-4137 b,13.57407563,457.67290608,3.8016122,1570.0,0.05222,1013.0,0.0,6202.0,1.438,1.01
5665,TOI-4145 A b,13.30506009,136.66621501,4.0664428,1074.0,0.04823,223.0,0.0,5281.0,0.859,0.32
5666,TOI-4153 b,16.11851425,365.50266805,4.6174141,1669.0,0.06311,1212.0072,0.039,6860.0,1.605,0.477
5667,TOI-4155 b,3.21,10.4,3.320729,1255.0,,586.762,,5724.0,0.95,1.73
5668,TOI-4156 b,2.53823825,6.98,4.46189034133,1289.0,,459.495,,5971.64,1.03963,2.35
5669,TOI-4156 c,2.92303762,8.87,12.82282706375,809.32,,101.3929,,5971.64,1.03963,1.95
5670,TOI-4184 b,2.43,6.48,4.9019804,412.0,0.0336,4.8,,3238.0,0.2347,2.48
5671,TOI-4201 b,13.67495645,788.21444936,3.5819194,725.0,0.04,45.2,0.041,3794.0,0.63,1.82
5672,TOI-421 b,2.64,6.7,5.197576,922.0,0.0554,154.57,0.13,5291.0,0.866,2.040038
5673,TOI-421 c,5.09,14.1,16.067541,635.0,0.117,34.32,0.19,5291.0,0.866,0.589957
5674,TOI-4214 b,10.68215861,165.27077164,3.4913885,1642.0,0.05018,1210.0,0.17,6370.0,1.434,0.74
5675,TOI-4308 b,2.4189,6.43,9.151201,763.05,,55.3616,,5243.0,0.7934,2.5
5676,TOI-431 b,1.28,3.07,0.490047,1862.0,0.0113,2120.4475,0.0,4850.0,0.731,8.0
5677,TOI-431 c,1.49,2.83,4.8494,867.0,0.052,,0.0,4850.0,0.731,4.7
5678,TOI-431 d,3.29,9.9,12.46103,633.0,0.098,28.3588,0.0,4850.0,0.731,1.36
5679,TOI-4329 b,16.81347105,143.02278315,2.9223,2027.12,,3990.5716,0.068,6000.0,2.31,0.165
5680,TOI-4336 A b,2.137,3.33,16.336351,309.4,0.0849,1.53,0.0,3307.0,0.326,1.87
5681,TOI-4336 A c,1.251,1.55,7.587266,399.5,0.05092,4.24,0.0,3307.0,0.326,4.35
5682,TOI-4342 b,2.329,7.3,5.5382592,639.0,0.0519,27.8,0.0,3866.0,0.598,3.18
5683,TOI-4342 c,2.349,4.8,10.688662,514.0,0.0804,11.6,0.0,3866.0,0.598,2.01
5684,TOI-4363 b,1.76689273,3.77,2.11867592279,884.71,,144.7854,,4278.45,0.69132,3.76
5685,TOI-4364 b,2.01,4.7,5.424019,488.0,0.04753,13.3328,0.29,3528.0,0.4684,3.18
5686,TOI-4377 b,15.10970598,304.1617855,4.378081,1162.08,0.0579,430.9826,0.045,4974.0,3.52,0.881
5687,TOI-4379 b,16.69017226,353.74301699,3.25352,1869.38,,2886.0903,0.018,6020.0,1.976,0.418
5688,TOI-4405 b,2.55505441,7.06,5.92143995316,671.87,,48.1559,,4467.38,0.687025,2.33
5689,TOI-4406 b,11.2089807,95.3485221,30.08364,904.0,0.201,58.0054,0.15,6219.0,1.29,0.372
5690,TOI-4438 b,2.52,5.4,7.44628,435.0,0.0534,6.0,0.14,3422.0,0.372,1.85
5691,TOI-444 b,2.77,8.1,17.9636,609.0,0.133,23.4694,,5225.0,0.779,2.09
5692,TOI-4443.01,1.7193265,3.6,1.8498567,1638.82,0.029962645,1194.2104,,5834.0,1.01733,3.89
5693,TOI-4463 A b,13.26022417,252.35575516,2.8807198,1395.0,0.04036,633.0,0.0,5640.0,1.062,0.595
5694,TOI-4465 b,14.01122587,1872.00931723,101.94054,427.0,0.416,130.528,0.24,5545.0,1.014,3.73
5695,TOI-4479 b,2.82,8.35,1.1589,861.0,0.0164,92.5,,3400.0,0.451,2.05
5696,TOI-4487 A b,14.60530185,397.28550875,3.9540709,1639.0,0.05448,1203.0,0.083,6206.0,1.634,0.7
5697,TOI-4495 b,2.483,7.7,2.56699,1735.0,0.03957,1001.28,0.078,6210.0,1.309,2.71
5698,TOI-4495 c,4.03,23.2,5.18553,1365.0,0.06323,346.626,0.023,6210.0,1.309,1.9
5699,TOI-4504 b,2.691,7.71,2.42614,1234.03,0.03392,548.0544,0.0,5315.0,0.92,2.17
5700,TOI-4504 c,11.09689089,1197.32317485,82.97213,182.8,0.3569,0.2639,0.032,5315.0,0.92,4.81
5701,TOI-4504 d,13.6,450.23572136,40.5634,,0.2219,,0.0445,5315.0,0.92,0.984
5702,TOI-4507 b,8.2,20.0,104.61611,562.01,0.456,23.5778,0.09,6260.0,1.04,0.2
5703,TOI-451 b,1.84,4.7,1.8587033,1474.0,0.0274,786.0,0.0,5490.0,0.85,4.1
5704,TOI-451 c,2.93,3.7,9.192463,865.0,0.0795,93.0,0.0,5490.0,0.85,0.81
5705,TOI-451 d,3.93,10.2,16.364962,714.0,0.1168,43.2,0.0,5490.0,0.85,0.92
5706,TOI-4511 b,2.75304932,8.01,10.98090968596,1542.0,,938.995,,5418.77,1.00145,2.11
5707,TOI-4513 b,2.34587608,6.11,9.76042253684,653.0,,30.3621,,5623.93,0.796628,2.6
5708,TOI-4515 b,12.17,637.0,15.266446,705.0,0.118,42.2987,0.461,5433.0,0.86,1.941
5709,TOI-4527.01,0.9086617,0.689,0.3994445,1362.93,0.008332353,571.5072,,3702.0,0.485948,5.05
5710,TOI-4529 b,1.77,4.9,5.879577,511.0,,14.6089,,3697.0,0.48,4.8
5711,TOI-4551 b,11.85910158,473.56432643,9.95581,1655.0,0.0994,1247.74,0.101,4896.0,3.55,1.74
5712,TOI-4552 b,1.11,1.83,0.30110032,1122.0,0.0056255,263.0,0.0,3258.0,0.2869,7.74
5713,TOI-4559 b,1.415,2.59,3.965991,554.16,0.0359,15.77,,3558.0,0.374,5.02
5714,TOI-4561 b,1.77789214,3.81,8.93547936706,789.81,,91.9624,,5537.93,0.851957,3.73
5715,TOI-4562 b,12.53,732.0,225.1064,318.0,0.768,3.2011,0.76,6096.0,1.152,2.06
5716,TOI-4562 c,12.8,1833.86990839,3990.0,,5.219,,0.122,6096.0,1.152,4.81
5717,TOI-4578 b,2.26974262,5.77,8.62392630369,842.42,,119.0248,,5951.32,0.878735,2.71
5718,TOI-4582 b,10.53644186,168.44905571,31.034,614.66,,33.7343,0.51,5190.0,2.5,0.791
5719,TOI-4588 b,2.92922558,8.9,13.11881173651,1768.0,0.1376,2310.43,0.0,7746.12,1.57458,1.95
5720,TOI-4600 b,6.8,959.84178914,82.6869,347.0,0.349,3.3159,0.25,5170.0,0.81,
5721,TOI-4600 c,9.42,2946.26933289,482.8191,191.0,1.152,48.3867,0.21,5170.0,0.81,
5722,TOI-4602.01,2.550449,7.04,3.9812091,1380.27,0.05099712,603.6935,,6011.9,1.15664,2.33
5723,TOI-4603 b,11.67975789,4096.80816623,7.24599,1677.0,0.0888,1192.0,0.325,6264.0,2.738,14.1
5724,TOI-4633 c,3.2,123.0,271.9445,268.57,0.847,1.56,0.117,5800.0,1.05,
5725,TOI-4638.01,2.933,8.92,10.283918787,779.83,0.093013,87.81,,5700.0,0.895,1.94
5726,TOI-4640 b,2.84326517,8.46,2.68566015238,1378.86,,854.2741,,5743.01,1.06715,2.02
5727,TOI-4641 b,8.18255591,1229.99593509,22.09341,950.11,0.173,192.5802,0.074,6560.0,1.72,
5728,TOI-4662 b,2.87998299,8.65,4.70343764575,741.0,,50.104,,4520.41,0.69375,1.99
5729,TOI-4666 b,12.53164042,155.41809102,2.9089165,695.0,0.034,55.6,0.023,3793.0,0.585,0.43
5730,TOI-469.01,3.41,9.1,13.6308205,716.0,0.111,74.7,0.0,5289.0,0.98,1.3
5731,TOI-470 b,4.34,17.4,12.19148,660.0,0.119,44.7551,,5190.0,0.831,1.17
5732,TOI-4734 b,10.9175472,61.65871096,6.235633,1468.0,0.074,775.0,0.12,6070.0,1.857,0.26
5733,TOI-4747 b,3.95803201,14.8,5.21924158592,1035.0,,190.795,,5595.08,0.988751,1.31
5734,TOI-4773 b,15.22179579,1687.66884117,1.7452851,2255.0,0.03216,3879.8071,0.024,6740.0,1.55,2.63
5735,TOI-4791 b,12.44196858,734.18362017,4.28088,1472.0,0.0555,783.2,0.0,6058.0,1.409,2.09
5736,TOI-4794 b,14.35870428,308.29355479,3.5658116,1673.0,0.0492,1310.0,0.1,6390.0,1.451,0.57
5737,TOI-480 b,2.85372018,20.8,6.866196,1198.94,0.077,531.521,0.0,6174.0,1.4877,4.91
5738,TOI-481 b,11.09691,486.2799,10.33111,1370.0,0.097,253.126,0.153,5735.0,1.66,1.96
5739,TOI-4860 b,8.7,86.7,1.5227591,694.0,0.01808,42.5,0.008,3260.0,0.358,0.75
5740,TOI-4898 b,3.7197954,13.4,2.76520470167,667.0,,33.0144,,4201.57,0.639344,1.43
5741,TOI-4914 b,12.87,227.0,10.60057,894.0,0.098,18.1082,0.408,5805.0,1.0,0.59
5742,TOI-4930 b,6.93277225,38.4,6.78130241498,1169.0,,310.079,,5624.72,1.15926,0.633
5743,TOI-4940 b,6.61,89.0,25.867811,643.0,0.165,40.4612,,5504.0,1.163,
5744,TOI-4961 b,12.34108775,572.0911326,7.479182,919.0,0.0726,115.0,0.182,5380.0,0.912,1.67
5745,TOI-4994 b,8.54124329,88.99195396,21.491984,717.6,0.1515,40.0,0.319,5640.0,1.055,0.78
5746,TOI-500 b,1.166,1.42,0.548177,1617.0,0.01189,1138.0,0.063,4440.0,0.678,4.89
5747,TOI-500 c,2.09,5.03,6.6356,,,,0.072,4440.0,0.678,3.03
5748,TOI-500 d,6.35,33.12,26.233,,,,0.016,4440.0,0.678,0.711
5749,TOI-500 e,3.99,15.05,61.3,,,,0.073,4440.0,0.678,1.3
5750,TOI-5005 b,6.25,32.7,6.3085044,1040.0,0.06614,226.0,,5749.0,0.93,0.74
5751,TOI-5007 b,11.07447293,211.03806225,2.543371,774.0,0.0307,85.3,0.074,3793.0,0.656,0.85
5752,TOI-5027 b,10.76062147,642.01338214,10.24368,1056.0,0.093,190.912,0.385,5909.0,0.92,2.94
5753,TOI-5076 b,3.48935569,16.14568308,23.443162,550.0,0.1481,12.8373,0.0,4780.0,0.844,2.08
5754,TOI-5082.01,2.54811,7.03,4.240122,1164.91,0.051204842,254.588,,5670.0,0.93,2.33
5755,TOI-5108 b,6.6,32.0,6.753581,1180.0,0.073,122.785,,5808.0,1.29,0.6
5756,TOI-5110 b,11.98240037,921.7023803,30.158577,976.0,0.2157,15.1027,0.745,6160.0,2.333,2.95
5757,TOI-512 b,1.54,3.57,7.18886,1009.0,,127.0,0.02,5277.0,0.89,5.623888
5758,TOI-5126 b,4.74,20.2,5.4588385,1442.0,0.06519,467.0,0.0,6150.0,1.241,1.04
5759,TOI-5126 c,3.86,14.2,17.8999,971.0,0.1439,96.0,0.0,6150.0,1.241,1.36
5760,TOI-5143 c,16.25302201,,5.2097118,904.48,0.05602,158.1646,,5183.0,0.852,
5761,TOI-5153 b,11.88151954,1036.12060682,20.33003,906.0,0.158,49.5559,0.091,6300.0,1.4,3.39
5762,TOI-5159 b,1.54732112,3.01,5.83639428843,866.29,,133.1006,,5156.16,0.854084,4.46
5763,TOI-5160 b,2.39729851,6.33,4.280773256,1016.0,,177.537,,5622.14,1.03315,2.52
5764,TOI-5174 b,5.351,24.8,12.214286,808.37,,100.9112,,5643.77,1.09457,0.889
5765,TOI-5181 A b,13.34989601,330.54154328,3.8922295,1585.0,0.0522,1053.0,0.15,6060.0,1.53,0.76
5766,TOI-519 b,11.54525012,147.15455244,1.2652328,687.0,0.0159,54.0,0.33,3322.0,0.35,0.56
5767,TOI-5205 b,11.6,343.0,1.630757,737.0,0.0199,49.0,0.02,3430.0,0.394,1.21
5768,TOI-521 b,1.98,5.3,1.54285047,794.0,0.0195,66.0,0.0,3544.0,0.421,3.8
5769,TOI-5210 b,10.72699453,81.99972901,4.5661061,1286.0,0.0557,456.0,0.066,5723.0,1.209,0.364
5770,TOI-5218 b,9.86,657.0,4.291452,783.0,0.0469,62.0,0.0,4230.0,0.708,
5771,TOI-5232 b,12.778238,743.71847238,4.0966692,1772.0,0.05593,1193.86,0.035,6500.0,1.785,1.96
5772,TOI-5238 b,5.22,23.7,4.872171,1042.0,,195.925,,5631.0,1.02283,0.916
5773,TOI-5261 b,11.60129502,3651.84839643,4.1509768,1244.0,0.05134,159.592,0.1585,5790.0,1.021,12.9
5774,TOI-5292 A b,12.64373023,412.85910069,2.02191,809.0,0.0279,102.0,0.034,3919.0,0.611,1.12
5775,TOI-5293 A b,11.9,170.4,2.930289,675.0,0.034,34.6,0.38,3586.0,0.52,0.56
5776,TOI-530 b,9.30345398,127.1313628,6.387597,565.0,0.052,14.259,0.0,3659.0,0.54,0.93
5777,TOI-5300 b,9.86390302,190.6970442,2.262196,1043.0,0.0295,198.0,0.0,4610.0,0.65,1.1
5778,TOI-5301 b,13.09208946,1182.32167404,5.858858,1648.0,0.073,429.794,0.33,6240.0,2.19,2.88
5779,TOI-5319 b,2.83,8.4,4.07853,695.0,0.0506,38.7885,,3580.0,0.485,2.04
5780,TOI-532 b,5.82,61.5,2.3266508,867.0,0.0296,94.1,0.0,3927.0,0.612,1.72
5781,TOI-5322 b,16.6117094,184.02264765,5.4233207,1350.0,0.0604,554.0,0.055,5692.0,1.462,0.22
5782,TOI-5335 b,4.02422162,15.3,3.61365988443,1048.0,,200.83,,5528.92,0.916633,1.29
5783,TOI-5340 b,15.07607904,270.15414595,4.9394392,1566.0,0.0628,1004.0,0.13,5990.0,1.842,0.43
5784,TOI-5344 b,10.60369574,130.94530368,3.792622,689.0,0.04041,38.0,0.054,3747.0,0.588,0.604
5785,TOI-5349 b,10.2,127.4,3.317921,719.0,0.0369,44.5,0.03,3751.0,0.58,0.66
5786,TOI-5350 b,12.41955062,2094.48920213,7.581367,1195.0,0.0796,321.879,0.0165,6220.0,1.263,6.03
5787,TOI-5380 b,3.48093238,11.9,3.77229247873,1479.0,,796.305,,6400.78,1.5621,1.55
5788,TOI-5386 A b,14.70618268,155.10026262,3.62156552,1488.0,0.04856,817.0,0.072,6094.0,1.245,0.268
5789,TOI-5388.01,0.99,2.2,2.5946748,488.0,0.024335855,3.3023,,3440.0,0.3,11.9
5790,TOI-5398 b,10.3,58.7,10.590547,947.0,0.098,118.413,0.13,6000.0,1.051,0.29
5791,TOI-5398 c,3.52,11.8,4.77271,1242.0,0.057,370.603,0.14,6000.0,1.051,1.5
5792,TOI-540 b,0.903,0.674,1.2391491,611.0,0.01223,23.4,0.0,3216.0,0.1895,5.03
5793,TOI-5422 b,9.10169233,8899.195396,5.377219,1369.0,0.0619,580.0,0.094,5820.0,1.474,65.8
5794,TOI-544 b,2.018,2.89,1.548352,999.0,0.0225,240.195,0.0,4169.0,0.623,1.93
5795,TOI-544 c,4.92,21.5,50.089,,,,0.32,4169.0,0.623,0.992
5796,TOI-5486 b,3.96824928,14.9,2.02470073205,752.0,,53.3297,,3750.17,0.553216,1.31
5797,TOI-5489 b,1.4,2.54,3.15222,624.0,,25.1137,,3547.0,0.42,5.09
5798,TOI-5489 c,1.28,2.18,4.92126,536.0,,13.8663,,3547.0,0.42,5.71
5799,TOI-5502 b,4.1287378,15.9,11.62592988285,870.0,,95.1955,,6088.71,1.32375,1.24
5800,TOI-5515 b,2.65362762,7.53,8.59225810839,778.1,,86.6267,,5483.65,0.835682,2.21
5801,TOI-5532 b,2.52763693,6.93,5.6539659431,617.33,,34.3229,,4208.45,0.662052,2.36
5802,TOI-5542 b,11.30986153,419.53349724,75.12375,441.0,0.332,9.6,0.018,5700.0,1.058,1.6
5803,TOI-5573 b,9.75,112.0,8.79758977,528.0,0.0712,12.92,0.072,3790.0,0.594,0.661
5804,TOI-558 b,12.17295304,1147.36054927,14.574071,1061.0,0.1291,248.8554,0.298,6466.0,1.496,3.5
5805,TOI-559 b,12.22899794,1910.14872607,6.9839095,1180.0,0.0723,404.915,0.151,5925.0,1.233,5.74
5806,TOI-5592 b,17.14974047,285.72773789,2.6085846,1789.0,0.03935,1712.0,0.062,6237.0,1.393,0.22
5807,TOI-5595 b,4.73740402,20.1,5.99002553853,621.0,,24.7628,,4417.3,0.743344,1.04
5808,TOI-5599 b,7.1888212,40.9,5.43691503941,1496.0,,833.218,,6137.02,1.91334,0.605
5809,TOI-5605 b,2.52611303,6.92,5.91340454843,669.0,,33.3499,,4583.79,0.736044,2.36
5810,TOI-561 b,1.397,2.02,0.4465697,2319.0,0.01064,4709.0,0.0,5342.0,0.843,4.1
5811,TOI-561 c,2.865,5.93,10.778838,802.0,0.0889,67.5,0.023,5342.0,0.843,1.3
5812,TOI-561 d,2.615,13.33,25.71268,600.0,0.1587,21.2,0.111,5342.0,0.843,4.1
5813,TOI-561 e,2.517,12.4,77.144,416.0,0.33,4.89,0.074,5342.0,0.843,4.3
5814,TOI-5614 b,3.21759316,10.4,4.17221328949,817.0,,74.1594,,4553.0,0.734919,1.72
5815,TOI-5616 b,10.78,624.0,2.002849,939.0,0.0272,137.0,0.0,3996.0,0.646,
5816,TOI-5624 b,2.18231452,5.4,3.39035984718,1108.0,,251.103,,5415.89,0.827372,2.86
5817,TOI-5630 b,2.37117553,6.22,3.22118452536,1541.0,,937.884,,5385.64,0.933361,2.56
5818,TOI-5634 A b,10.42,588.0,2.2035373,837.0,0.0272,77.0,0.0,3896.0,0.54,
5819,TOI-564 b,11.43318,464.98529,1.651144,1714.0,0.02734,1423.0,0.072,5640.0,1.088,1.7
5820,TOI-5678 b,4.91,20.0,47.73022,513.0,0.249,3.8369,0.14,5485.0,0.938,0.928
5821,TOI-5688 A b,10.3,124.0,2.94815527,742.0,0.03379,50.3,0.128,3713.0,0.57,0.61
5822,TOI-5704 b,3.2274,10.5,3.771116,949.07,,125.0643,,4590.0,0.7575,1.72
5823,TOI-5713 b,1.77,3.78,10.441989,347.2,0.06008,2.2554,0.24,3225.0,0.2992,3.75
5824,TOI-5716 b,0.96,0.84,6.7663,400.0,,3.4093,,3436.0,0.22,5.22
5825,TOI-5720 b,1.09,4.3,1.4344555,708.0,0.018288,41.7,,3325.0,0.383,
5826,TOI-5726.01,2.554,7.05,5.491125215,1093.03,0.062186,338.95,,5874.0,1.106,2.33
5827,TOI-5728 b,1.31,2.27,11.49761,382.0,,3.512,,3419.0,0.37,5.55
5828,TOI-5734 b,2.1,9.1,6.1841876,688.0,0.05921,56.3778,,4750.0,0.639,5.403344
5829,TOI-5736 b,1.56,3.05,0.64899,1311.0,,493.4827,,3949.0,0.58,4.41
5830,TOI-5777 b,3.09551273,9.78,6.91716177373,602.0,,21.9209,,4408.03,0.671912,1.81
5831,TOI-5786 b,8.54,73.0,12.779107,1040.0,0.114,374.462,,6235.0,1.36,0.64
5832,TOI-5788 b,1.528,3.72,6.340758,910.0,0.064,175.1,0.061,5615.0,0.87,5.734161
5833,TOI-5788 c,2.272,6.4,16.213362,667.0,0.1197,49.8,0.046,5615.0,0.87,3.032489
5834,TOI-5789 b,1.26,2.12,2.76369,1201.0,0.03608,,0.0,5185.0,0.833,5.82
5835,TOI-5789 c,2.86,5.0,12.927748,718.0,0.1009,8.7194,0.067,5185.0,0.833,1.16
5836,TOI-5789 d,1.91,4.29,29.65,545.0,0.1756,,0.096,5185.0,0.833,3.38
5837,TOI-5789 e,3.43,11.61,62.98,424.0,0.2901,,0.071,5185.0,0.833,1.58
5838,TOI-5795 b,5.62,23.66,6.1406325,1136.78,0.064,240.6761,0.25,5715.0,1.082,0.73
5839,TOI-5799 b,1.733,3.65,4.164507,505.0,0.0348,11.91,,3452.0,0.321,3.85
5840,TOI-5799 c,1.76,3.75,14.010449,337.0,0.0782,,,3452.0,0.321,3.78
5841,TOI-5800 b,2.46,9.5,2.6278838,1108.0,0.0344,274.163,0.3,4850.0,0.773,3.46
5842,TOI-5803 b,3.2732,10.7,5.38305,678.87,,73.722,,5134.0,0.7625,1.68
5843,TOI-5817 b,3.08,10.3,15.61031,950.0,0.1223,126.8632,0.2,5770.0,1.427,1.93
5844,TOI-5882 b,11.46678726,6995.40323807,7.148972,1515.0,0.0804,4792.5,0.0339,5920.0,2.26,25.4
5845,TOI-5916 b,11.35469745,226.61165419,2.367128,683.0,0.0262,51.7,0.09,3613.0,0.48,0.86
5846,TOI-5926 b,7.56807148,44.6,3.81122794237,987.0,,157.644,,5388.92,0.890046,0.565
5847,TOI-5938 b,3.82,14.0,2.260424,1077.0,0.0308,249.273,,4650.0,0.712,1.38
5848,TOI-6000 b,0.94,0.779,0.448959,1120.0,,258.7482,,3419.0,0.38,5.15
5849,TOI-6002 b,1.65,3.36,10.904821,321.4,0.05722,1.6823,0.15,3229.0,0.2432,4.11
5850,TOI-6008 b,1.03,4.0,0.8574347,707.0,0.010777,41.5,,3075.0,0.242,
5851,TOI-6016 b,13.67495645,371.85923619,4.023687,1890.0,0.055,940.0,0.0,6110.0,1.51,0.81
5852,TOI-6029 b,14.39233122,519.64944544,5.7987,1484.0,,806.794,0.091,6223.0,2.338,0.958
5853,TOI-6034 b,11.92,254.0,2.576184,714.0,0.02949,43.0,0.04,3635.0,0.489,0.82
5854,TOI-6038 A b,6.41,78.5,5.8267311,1439.0,0.069,716.0,,6110.0,1.648,1.62
5855,TOI-6041 b,4.55,28.9,26.04945,605.6,0.1651,22.4,,5445.0,0.879,1.79
5856,TOI-6041 c,10.5,77.9,88.0,403.5,0.3721,4.42,,5445.0,0.879,0.37
5857,TOI-6054.01,2.64,12.5,7.501428,1360.0,0.0763,570.0,0.164,6047.0,1.662,3.7
5858,TOI-6054.02,2.82,9.3,12.563636,1143.0,0.1079,285.0,0.332,6047.0,1.662,2.25
5859,TOI-6080 b,3.32424168,11.0,8.05562348084,919.33,,168.812,,5775.46,1.06221,1.65
5860,TOI-6086 b,1.18,1.76,1.3888725,634.0,0.01541,26.8,,3200.0,0.259,5.89
5861,TOI-6109 b,4.8704,21.1,5.690476,700.0,0.0599,39.9451,,5660.0,1.021,1.0
5862,TOI-6109 c,4.8326,20.8,8.538878,786.0,0.0786,63.3913,,5660.0,1.021,1.01
5863,TOI-6130 b,14.3474953,333.71982735,2.392679,1750.0,0.036,1150.0,0.036,6110.0,1.51,0.64
5864,TOI-615 b,18.97680433,138.25535705,4.6615983,1666.0,0.0678,1286.0,0.39,6850.0,1.732,0.084
5865,TOI-620 b,3.76,13.6,5.0988179,603.6,0.04825,20.8,0.22,3708.0,0.55,1.41
5866,TOI-622 b,9.2362001,96.30200732,6.402513,1388.0,0.0708,602.0,0.42,6400.0,1.415,0.507
5867,TOI-6223 b,5.07,22.6,3.855219,714.0,0.04018,41.8646,,3895.0,0.576,0.953
5868,TOI-6255 b,1.079,1.44,0.23818244,1256.46,,588.9944,0.0,3421.0,0.37,6.3
5869,TOI-628 b,11.88154,2011.8639,3.4095675,1586.0,0.0486,1052.9,0.072,6250.0,1.345,6.58
5870,TOI-6281 b,1.92416074,4.36,1.05426244177,2240.0,,4181.02,,4533.23,0.874219,3.36
5871,TOI-6303 b,11.59,2493.0,9.485236,541.0,0.0761,14.28,0.02,3977.0,0.609,8.82
5872,TOI-6324 b,1.059,1.17,0.279221,1216.0,,284.211,0.0,3247.0,0.293,5.41
5873,TOI-6330 b,10.89,3179.0,6.8500246,495.0,0.05763,9.97,0.34,3539.0,0.49,13.57
5874,TOI-6383 A b,11.29,331.0,1.79058695,745.0,0.02292,51.3,0.05,3444.0,0.457,1.26
5875,TOI-6393 b,2.75958542,8.04,9.53176110329,696.0,,39.0679,,5008.2,0.766023,2.1
5876,TOI-640 b,19.2794468,181.16219199,5.003777,1816.0,0.06608,1150.12,0.013,6460.0,2.082,0.138
5877,TOI-6420 b,11.93756445,2606.1929374,6.961508,1213.0,0.0753,106.619,0.078,6020.0,1.312,8.4
5878,TOI-6448 b,8.47398941,54.0,14.844261,745.0,0.131,28.1152,0.2,5910.0,0.897,0.488
5879,TOI-6478 b,4.6,19.2,34.005019,204.4,0.1136,0.0003,,3230.0,0.234,1.08
5880,TOI-654.01,2.378,8.71,1.527561,794.0,0.01944,65.0,0.0,3521.0,0.43,3.59
5881,TOI-6628 b,10.98480109,235.19302118,18.18424,833.0,0.134,20.0861,0.67,5463.0,1.01,0.98
5882,TOI-663 b,2.27,4.45,2.598902,674.0,0.0295,49.1,,3681.0,0.512,2.07
5883,TOI-663 c,2.26,3.65,4.6955507,553.0,0.0437,22.3,,3681.0,0.512,1.73
5884,TOI-663 d,1.92,5.2,7.1027268,482.0,0.0576,12.9,,3681.0,0.512,4.0
5885,TOI-6651 b,5.09,61.0,5.056973,1493.0,0.0633,817.0,0.091,5940.0,1.721,2.52
5886,TOI-6677 b,5.83507112,28.7,5.45060661625,334.0,,2.09,,6572.28,1.57167,0.794
5887,TOI-669 b,2.58606487,10.0,3.945152,1124.85,0.048,388.2,0.0,5597.0,0.9882,3.17
5888,TOI-6692 b,11.67975789,197.05361234,131.125,467.0,0.512,182.3533,0.537,5890.0,1.385,0.68
5889,TOI-6695 b,9.52763359,66.74396547,80.389,599.0,0.402,85.9385,0.04,6400.0,1.517,0.41
5890,TOI-6695 c,13.6,460.85119015,242.4,415.0,0.838,,0.022,6400.0,1.517,1.01
5891,TOI-6699 b,2.32645266,6.02,5.32005926761,976.0,,150.91,,4705.1,0.75309,2.63
5892,TOI-6707 b,5.72673066,27.8,3.83479363758,1509.43,,1226.7862,,6289.49,1.58202,0.813
5893,TOI-6716 b,0.982,0.911,4.7185898,369.0,0.0319,4.4,0.88,3110.0,0.231,5.29
5894,TOI-672 b,5.31,50.9,3.633581,699.5,0.0376,39.8,0.0,3810.0,0.54,1.86
5895,TOI-674 b,5.25,23.6,1.977143,635.0,0.025,38.4,0.0,3514.0,0.42,0.91
5896,TOI-677 b,13.11450742,392.20025424,11.2365985,1252.0,0.1041,37.6345,0.46,6295.0,1.28,0.955
5897,TOI-682.01,3.74186,13.5,6.8392388,1090.0,,234.46,,5085.0,1.08,1.42
5898,TOI-6894 b,9.5836785,53.39517238,3.37077196,417.9,0.02604,5.54,0.029,3007.0,0.2276,0.334
5899,TOI-6954 b,3.63524486,12.8,4.02074127419,930.0,,124.569,,5170.87,0.947112,1.46
5900,TOI-697 b,2.35859364,6.16,8.60788713593,839.8,,117.5495,,5681.95,0.968149,2.58
5901,TOI-700 b,0.914,0.704,9.977219,417.0,0.0677,4.98,0.075,3459.0,0.421,5.07
5902,TOI-700 c,2.6,7.27,16.051137,356.0,0.0929,2.64,0.068,3459.0,0.421,2.27
5903,TOI-700 d,1.073,1.25,37.42396,268.8,0.1633,0.85,0.042,3459.0,0.421,5.56
5904,TOI-700 e,0.953,0.818,27.80978,272.9,0.134,1.27,0.059,3459.0,0.421,5.19
5905,TOI-7008 b,4.94735276,21.7,0.84069041367,1783.0,,1679.35,,5116.06,0.95255,0.985
5906,TOI-7009 b,3.71,13.3,2.3206612,872.0,0.0287,42.4124,,4080.0,0.564,1.43
5907,TOI-7041 b,11.43316031,114.41822652,9.691,882.37,,143.259,0.04,4700.0,4.1,0.421
5908,TOI-712 b,2.049,4.85,9.531361,650.0,0.07928,22.6,0.54,4622.0,0.674,3.1
5909,TOI-712 c,2.701,7.76,51.69906,369.9,0.2447,3.08,0.089,4622.0,0.674,2.16
5910,TOI-712 d,2.474,6.68,84.8396,313.6,0.3405,1.6,0.073,4622.0,0.674,2.42
5911,TOI-7149 b,13.2,224.0,2.65206166,593.0,0.02603,20.6,0.078,3363.0,0.351,0.53
5912,TOI-715 b,1.55,3.02,19.288004,234.0,0.083,0.67,,3075.0,0.24,4.46
5913,TOI-7155 b,2.40821473,6.38,3.89489711981,914.0,,116.253,,4673.03,0.670748,2.51
5914,TOI-7166 b,2.01,4.7,12.92063621,249.0,0.06191,1.07,0.0,3099.0,0.222,3.18
5915,TOI-733 b,1.992,5.72,4.884765,1055.8,0.0618,207.1,0.046,5585.0,0.949,3.98
5916,TOI-7333 b,2.09469416,5.04,6.26449803661,755.0,,53.9635,,4586.87,0.666066,3.01
5917,TOI-7384 b,3.56,12.4,6.2340258,378.0,0.0439,4.9,0.4,3185.0,0.319,1.51
5918,TOI-7510 b,7.31,18.1,11.530869,878.0,0.1019,1678.5119,0.0572,5720.0,1.035,0.255
5919,TOI-7510 c,10.81,131.0,22.5687423,702.0,0.1595,92.4087,0.0091,5720.0,1.035,0.573
5920,TOI-7510 d,10.52,190.0,48.864468,542.4,0.2672,20.6036,0.04,5720.0,1.035,0.89
5921,TOI-756 b,2.81,9.83,1.2392495,934.0,0.018,127.0,0.0,3657.0,0.505,2.42
5922,TOI-756 c,13.0,1287.20504835,149.4,194.0,0.439,0.24,0.445,3657.0,0.505,3.22
5923,TOI-757 b,2.5,10.5,17.46819,641.0,0.122,24.3644,0.39,5278.0,0.78,3.6
5924,TOI-762 A b,8.33948164,79.77493016,3.4716826,555.4,0.03418,17.0012,0.083,3266.0,0.425,0.76
5925,TOI-763 b,2.28,9.79,5.6057,1038.0,0.06,182.935,0.04,5450.0,0.897,4.51
5926,TOI-763 c,2.63,9.32,12.2737,800.0,0.1011,64.3196,0.04,5450.0,0.897,2.82
5927,TOI-771 b,1.36,2.47,2.3260155,543.0,0.0208,14.0,0.055,3370.0,0.232,5.4
5928,TOI-771 c,1.5,2.87,7.61,365.0,0.046,3.0,0.065,3370.0,0.232,4.67
5929,TOI-776 b,1.798,5.0,8.24662,520.0,0.0653,11.5,0.052,3725.0,0.547,4.8
5930,TOI-776 c,2.047,6.9,15.665323,420.0,0.1001,4.9,0.089,3725.0,0.547,4.4
5931,TOI-778 b,15.4,878.0,4.633611,1561.0,0.06,734.672,0.21,6643.0,1.71,1.3
5932,TOI-782 b,2.734,19.1,8.0240015,435.0,0.0578,5.91,0.19,3370.0,0.413,
5933,TOI-784 b,1.93,9.67,2.7970365,1256.0,0.038,413.894,0.0,5558.0,0.907,7.4
5934,TOI-799 b,2.06631784,4.92,5.54519139676,958.69,,199.6326,,5662.81,0.915519,3.06
5935,TOI-808 b,2.20344362,5.49,9.73944854026,710.98,,60.3881,,5078.2,0.833198,2.82
5936,TOI-813 b,6.71,36.4,83.8911,610.0,0.423,23.1,0.0,5907.0,1.94,0.662
5937,TOI-815 b,2.94,7.6,11.197259,686.0,0.0903,36.9,0.2,4869.0,0.77,1.64
5938,TOI-815 c,2.62,23.5,34.976145,469.0,0.193,8.03,0.22,4869.0,0.77,7.2
5939,TOI-824 b,2.926,18.467,1.392978,1253.0,0.02177,412.0,,4600.0,0.695,4.03
5940,TOI-833 b,1.27,2.15,1.0418777,1118.0,0.0171,270.0682,,3920.0,0.6,5.77
5941,TOI-836 b,1.704,4.53,3.81673,871.0,0.0422,78.838,0.053,4552.0,0.665,5.02
5942,TOI-836.01,2.587,9.6,8.59545,665.0,0.075,26.707,0.078,4552.0,0.665,3.06
5943,TOI-837 b,9.16894621,120.45696625,8.3249113,995.3,0.0888,164.0,0.0,5995.0,1.052,0.89
5944,TOI-849 b,3.64,41.8,0.765548,1932.0,0.0155,2314.06,0.0,5257.0,0.97,5.6
5945,TOI-858 B b,14.06727078,349.6112477,3.2797178,1529.0,0.04435,908.9,0.15,5842.0,1.308,0.69
5946,TOI-871 b,1.664,3.41,14.362565,621.0,0.1054,24.78,,4929.0,0.719,4.07
5947,TOI-880 c,4.95,21.7,6.3872703,805.0,0.0635,73.9967,,5050.0,0.83,0.983
5948,TOI-880.02,2.19,5.43,2.57571,1085.0,0.0349,301.8661,,5050.0,0.83,2.84
5949,TOI-883 b,7.17166228,40.7,10.05771848538,861.0,,91.5488,,5713.15,1.01477,0.606
5950,TOI-892 b,11.99363,301.9385,10.62656,1397.0,0.092,571.007,0.125,6261.0,1.39,0.962
5951,TOI-904 b,2.426,6.46,10.8772,429.43,0.056,8.3169,,3770.2,0.527,2.49
5952,TOI-904 c,2.167,5.34,83.9997,217.26,0.312,0.5449,,3770.2,0.527,2.88
5953,TOI-905 b,13.125739,211.99261,3.739494,1192.0,0.04666,337.0,0.024,5570.0,0.918,0.515
5954,TOI-907.01,9.6158851,67.0,4.5849129,1846.6,0.055225481,1729.6714,,6272.0,2.059789,0.414
5955,TOI-908 b,3.186,16.137,3.183792,1317.0,0.041657,80.884,0.132,5626.0,1.028,2.742
5956,TOI-912 b,1.93,5.1,4.6780691,551.0,0.041,15.0,0.58,3572.0,0.419,4.0
5957,TOI-913 b,2.4528,6.59,11.098644,712.01,,35.2422,,4969.0,0.7325,2.45
5958,TOI-921 b,3.53409617,12.2,5.12871907628,951.0,,426.7683,,6011.66,1.14165,1.52
5959,TOI-929 b,2.68983343,7.7,5.83015366944,774.0,,59.7261,,4457.16,0.717414,2.17
5960,TOI-938 b,4.82401567,20.8,8.80733882211,1073.0,,220.735,,5829.42,0.985134,1.02
5961,TOI-941 b,6.51165317,34.6,8.51460888787,1000.0,,166.575,,5745.88,1.1849,0.689
5962,TOI-942 b,3.89,16.0,4.32421,1120.0,0.04866,261.858,0.34,4969.0,0.894,
5963,TOI-942 c,4.67,37.0,10.156272,,0.08598,,0.32,4969.0,0.894,
5964,TOI-954 b,9.550068,55.30242,3.6849729,1526.0,0.04963,1393.0,0.14,5710.0,1.892,0.35
5965,TOI-969 b,2.765,9.1,1.8237305,941.0,0.02636,188.0,,4435.0,0.671,2.34
5966,TOI-969 c,12.4,3591.4609991,1700.0,96.4,2.52,0.0208,0.628,4435.0,0.671,10.4
5967,TRAPPIST-1 b,1.116,1.374,1.510826,397.6,0.01154,4.153,0.00622,2566.0,0.1192,5.441939
5968,TRAPPIST-1 c,1.097,1.308,2.421937,339.7,0.0158,2.214,0.00654,2566.0,0.1192,5.463993
5969,TRAPPIST-1 d,0.788,0.388,4.049219,286.2,0.02227,1.115,0.00837,2566.0,0.1192,4.366784
5970,TRAPPIST-1 e,0.92,0.692,6.101013,249.7,0.02925,0.646,0.0051,2566.0,0.1192,4.901605
5971,TRAPPIST-1 f,1.045,1.039,9.20754,217.7,0.03849,0.373,0.01007,2566.0,0.1192,5.022904
5972,TRAPPIST-1 g,1.129,1.321,12.352446,197.3,0.04683,0.252,0.00208,2566.0,0.1192,5.055986
5973,TRAPPIST-1 h,0.755,0.326,18.772866,171.7,0.06189,0.144,0.00567,2566.0,0.1192,4.16278
5974,TYC 0434-04538-1 b,12.7,1938.763,193.2,,0.66,,0.08,4679.0,9.99,5.2
5975,TYC 1422-614-1 b,13.3,794.5,198.4,,0.69,,0.06,4806.0,6.85,1.86
5976,TYC 1422-614-1 c,12.5,3178.0,559.3,,1.37,,0.048,4806.0,6.85,8.94
5977,TYC 2187-512-1 b,12.5,104.88337431,691.9,,1.22,,0.05,3734.0,0.495,0.295
5978,TYC 3318-01333-1 b,13.1,1086.9786,562.0,,1.414,,0.098,4776.0,5.9,2.66
5979,TYC 3667-1280-1 b,12.8,1716.282,26.468,1350.0,0.21,,0.036,5130.0,6.26,4.5
5980,TYC 4282-00605-1 b,12.4,3426.2074,101.54,,0.422,,0.28,4300.0,16.21,9.87
5981,TYC 8998-760-1 b,12.3,4449.62,,,162.0,,,4573.0,0.953811,13.1
5982,TYC 8998-760-1 c,12.3299,1906.98,,1240.0,320.0,,,4573.0,0.953811,5.59
5983,Teegarden's Star b,1.05,1.16,4.90634,277.0,0.0259,1.08,0.03,3034.0,0.12,5.51
5984,Teegarden's Star c,1.02,1.05,11.416,209.0,0.0455,0.35,0.04,3034.0,0.12,5.44
5985,Teegarden's Star d,0.954,0.82,26.13,159.0,0.0791,0.12,0.07,3034.0,0.12,5.19
5986,TrES-1 b,12.66617,266.9772,3.03007,1140.0,0.03925,318.4582,0.0,5230.0,0.85,0.712
5987,TrES-2 b,15.24424,473.5667,2.47063,1466.0,0.03568,903.864,0.0,5850.0,1.12,0.884
5988,TrES-3 b,14.975,607.03,1.30618581,1638.0,0.02282,1025.5022,0.0,5650.0,0.829,0.994
5989,TrES-4 b,18.04649,247.9074,3.55395,1778.0,0.05084,2276.295,0.0,6200.0,1.66,0.099
5990,TrES-5 b,13.383546,568.9157,1.48224686,1480.0,0.02459,442.993,0.0,5171.0,0.868,1.31
5991,UCAC3 113-933 b,12.1,6674.396547,,,6100.0,,,3864.0,0.564484,20.7
5992,UCAC4 328-061594 b,12.1,6674.396547,,,19000.0,,,,,20.7
5993,UKIRT-2017-BLG-001L b,13.7,407.0,,,4.18,,,,,0.87
5994,USco CTIO 108 b,12.3,4449.62,,,670.0,,,2700.0,0.345365,13.1
5995,USco1556 b,12.3,4767.45,,2240.0,3500.0,,,3410.0,0.668108,14.1
5996,USco1621 b,12.2,5085.28,,2270.0,2880.0,,,3460.0,0.710071,15.4
5997,UZ For b,,2002.2,5840.0,,5.9,,0.04,5286.9,,
5998,UZ For c,,2447.2,1916.25,,2.8,,0.05,5286.9,,
5999,V0391 Peg b,13.1,1017.056,1170.0,,1.7,,0.0,29300.0,0.23,2.49
6000,V1298 Tau b,9.41,13.1,24.140006,666.0,0.1685,33.2,0.0079,4970.0,1.32,0.09
6001,V1298 Tau c,5.08,4.7,8.249164,953.0,0.0824,146.0,0.0094,4970.0,1.32,0.2
6002,V1298 Tau d,6.53,6.0,12.401394,831.0,0.1081,85.0,0.0087,4970.0,1.32,0.12
6003,V1298 Tau e,10.17,15.3,48.677714,527.0,0.2689,10.0,0.0124,4970.0,1.32,0.08
6004,V2376 Ori b,87.20586985,6356.56814,,2100.0,71.0,,,,,0.0527
6005,V830 Tau b,14.0,222.481,4.927,,0.057,,0.0,4250.0,2.0,0.446
6006,VHS J125601.92-125723.9 b,13.67495645,5085.254512,5800000.0,1194.0,350.0,,0.68,2620.0,,10.9
6007,WASP-1 b,16.623,271.415,2.5199454,1812.0,0.03889,2121.5175,0.0,6110.0,1.47,0.348
6008,WASP-10 b,12.106,1001.12,3.0927616,1370.0,0.03781,174.0323,0.0473,4675.0,0.698,4.14
6009,WASP-100 b,14.90797,400.4658,2.84938,2190.0,0.04574,5502.8822,0.0,6900.0,1.57,0.53
6010,WASP-101 b,16.02887,162.0933,3.58572,1560.0,0.05057,1089.171,0.0,6380.0,1.31,0.24
6011,WASP-102 b,14.90794433,197.68926915,2.709813,1671.0,0.041,1293.0,0.0,5990.0,1.375,0.32
6012,WASP-103 b,17.127,473.547,0.925542,2508.0,0.01985,,0.0,6110.0,1.436,0.55
6013,WASP-104 b,12.745,404.263,1.7554137,1516.0,0.02918,867.7365,0.0,5475.0,0.963,1.074
6014,WASP-105 b,10.76064,572.094,7.87288,900.0,0.075,166.5368,0.0,5070.0,0.9,2.65
6015,WASP-106 b,12.10569916,613.40882551,9.28969,1140.0,0.0901,327.8307,0.023,6002.0,1.47,1.86
6016,WASP-107 b,10.53646,30.51152707,5.7214876,736.0,0.055,51.0,0.09,,,0.134
6017,WASP-107 c,13.0,111.23994245,1066.0,,,,0.27,4425.0,0.657,0.278
6018,WASP-108 b,15.13212395,283.50293904,2.67555212374,1589.0,,1360.1641,0.0,6783.0,1.34415,0.477431
6019,WASP-11 b,12.44199,251.0857,3.72247,992.0,0.0435,184.988,0.0,,,0.632
6020,WASP-110 b,13.19297028,154.78243421,3.7784022,1158.0,,279.0,0.0,5392.0,0.853,0.396533
6021,WASP-113 b,15.793481,150.96925,4.54216874538,1496.0,0.05885,821.405,0.0,5890.0,1.608,0.228
6022,WASP-114 b,15.008851,562.24127,1.5487743,2043.0,0.02851,2978.2048,0.012,5940.0,1.43,0.97
6023,WASP-116 b,13.67495645,203.41018048,6.6132,1414.0,0.065,663.0,0.0,6250.0,1.426,0.43
6024,WASP-117 b,11.88154,95.349,10.02165,1001.0,0.09459,706.3929,0.3,6040.0,1.22,0.3445
6025,WASP-118 b,16.14096,163.36462,4.0460435,1729.0,0.05453,6586.47,0.0,6410.0,1.696,0.233
6026,WASP-119 b,15.6926,390.9309,2.49979,1600.0,0.0363,907.8624,0.058,5650.0,1.2,0.7
6027,WASP-12 b,22.02564708,467.2101,1.091418901,2601.0,0.0234,8220.584,0.0447,6265.0,1.69,0.266
6028,WASP-120 b,15.58048317,1541.4755,3.61126721,1749.0,0.0514,1818.5489,0.057,6450.0,1.68443,2.334107
6029,WASP-121 b,19.52604438,371.85923619,1.27492504,2409.0,0.02571,6216.41,0.0,6628.0,1.461,0.275
6030,WASP-123 b,15.13212395,285.72917,2.97764359,1500.0,0.04263,758.324,0.0,5740.0,1.285,0.490693
6031,WASP-124 b,13.89916,190.698,3.37265,1400.0,0.0449,748.0,0.017,6050.0,1.02,0.43
6032,WASP-126 b,10.51358773,90.3,3.28883,1480.0,0.0449,759.3374,0.18,5800.0,1.27,0.41
6033,WASP-126 c,9.38,64.2,7.63,,,,0.05,5800.0,1.27,0.427
6034,WASP-127 b,14.694999,52.346601,4.17806203,1400.0,0.0484,703.971,0.0,5620.0,1.333,0.097
6035,WASP-129 b,10.42437,317.83,5.748145,1100.0,0.0628,345.7201,0.096,5900.0,0.9,1.6
6036,WASP-13 b,13.67498,114.4188,4.35301,1531.0,0.05362,617.309,0.0,5950.0,1.37,0.222
6037,WASP-130 b,9.97601,390.9309,11.55098,833.0,0.1012,56.355,0.0,5625.0,0.96,2.34
6038,WASP-131 b,13.74221034,86.76715511,5.3220125,1460.0,0.0608,995.3724,0.0,5990.0,1.561,0.196277
6039,WASP-132 b,10.09929161,136.0305582,7.1335164,682.0,0.0674,58.5,0.0163,4686.0,0.758,0.73
6040,WASP-132 c,1.841,6.26,1.01153624,1329.0,0.01833,791.0,0.0,4686.0,0.758,5.47
6041,WASP-132 d,12.8,1639.99458012,1816.6,107.0,2.71,0.0363,0.12,4686.0,0.758,4.3
6042,WASP-133 b,13.56289,368.6828,2.176423,1790.0,0.0345,2054.7956,0.17,5700.0,1.44,0.88
6043,WASP-135 b,14.5717,603.877,1.4013794,1403.66,0.0243,917.4101,0.0,5675.0,0.96,1.16
6044,WASP-136 b,16.81347105,479.92089457,5.21536178778,1630.0,0.0661,1843.4633,0.0,6250.0,2.39014,0.583527
6045,WASP-138 b,12.21781,387.7526,3.634433,1590.0,0.0494,1133.73,,6272.0,1.36,1.2
6046,WASP-139 b,8.9672,37.18611,5.924262,910.0,0.062,120.7076,0.0,5310.0,0.8,0.31
6047,WASP-14 b,15.46842,2809.6172,2.24375,1872.0,0.037,1356.33,0.09,6475.0,1.4,2.25
6048,WASP-140 b,14.23540549,775.5052,2.23598448,1270.0,0.0323,491.326,0.047,5300.0,0.87,1.578175
6049,WASP-141 b,13.56289,854.9627,3.310651,1540.0,0.0469,1061.5542,0.0,5900.0,1.37,1.98
6050,WASP-142 b,17.14977,266.9772,2.052868,2000.0,0.0347,3140.9238,0.0,6010.0,1.64,0.31
6051,WASP-144 b,9.52765,139.8452,2.2783152,1260.0,0.0316,775.8849,0.0,5200.0,0.81,0.95
6052,WASP-145 A b,10.0881,282.8687,1.7690381,1200.0,0.0261,313.4012,0.0,4900.0,0.68,1.6
6053,WASP-147 b,12.498035,87.40325,4.60273,1404.0,0.0549,639.4923,0.0,5702.0,1.429,0.263
6054,WASP-148 b,8.47398941,91.21675281,8.803809,940.0,0.08215,72.699,0.208,5555.0,0.912,0.831
6055,WASP-148 c,13.9,124.58873554,34.524,590.0,0.2044,,0.1809,5555.0,0.912,0.255
6056,WASP-149 b,15.24421375,314.96795134,1.332813,1855.0,0.024,1966.0,0.0,5750.0,1.08,0.49
6057,WASP-15 b,15.80469,171.6282,3.7521,1676.0,0.05165,1237.7366,0.0,6300.0,1.48,0.263
6058,WASP-150 b,11.99363,2688.8418,5.644207,1460.0,0.0694,854.7074,0.3775,6218.0,1.651,8.54
6059,WASP-151 b,,,4.5334775,,,,,,,
6060,WASP-153 b,17.37395,123.9537,3.332609,1700.0,0.048,1400.0,0.009,5914.0,1.73,0.15
6061,WASP-154 b,10.76062147,198.96058278,3.811678,994.0,0.044,162.0,0.0,4774.0,0.823,0.88
6062,WASP-155 b,13.45077684,276.8285425,3.110413,1468.0,0.043,771.0,0.0,5660.0,1.24,0.62
6063,WASP-156 b,6.02802815,41.8,3.8361623,934.5,0.0458,150.0,0.0,4987.0,0.8268,1.05
6064,WASP-157 b,,,,,,,,,,
6065,WASP-158 b,11.99363,886.7457,3.656333,1590.0,0.0517,903.013,0.0,6350.0,1.39,3.1
6066,WASP-159 b,15.46842,174.8065,3.840401,1850.0,0.0538,1599.92,0.0,6120.0,2.11,0.28
6067,WASP-16 b,13.67498,394.1092,3.1186,1389.0,0.0415,481.917,0.0,5700.0,1.14,0.572
6068,WASP-160 B b,12.21781,88.35674,3.7684952,1119.0,0.0452,210.575,0.0,5298.0,0.868,0.284
6069,WASP-161 b,12.811887,791.3967,5.4060425,1557.0,0.0673,990.0,,6400.0,1.712,2.2
6070,WASP-162 b,11.209,1652.716,9.62468,910.0,0.0871,121.918,0.434,5300.0,1.11,6.9
6071,WASP-163 b,13.473218,594.3421,1.6096884,1638.0,0.0266,1200.0,,5500.0,1.015,1.42
6072,WASP-164 b,12.643752,676.9779,1.7771255,1610.0,0.02818,1043.2122,0.0,5806.0,0.932,1.96
6073,WASP-165 b,14.12334,209.13214,3.465509,1624.0,0.04823,1373.5324,0.0,5599.0,1.75,0.44
6074,WASP-166 b,7.06167,32.10083,5.44354,1270.0,0.0641,440.0,0.0,6050.0,1.22,0.54
6075,WASP-167 b,17.71022,2542.64,2.0219596,2329.0,0.0365,3208.41,,7000.0,1.79,
6076,WASP-168 b,16.8135,133.4886,4.153658,1340.0,0.0519,278.886,0.0,6000.0,1.12,0.16
6077,WASP-169 b,14.616536,178.30263,5.6114118,1604.0,0.0681,1486.8579,0.0,6110.0,2.011,0.33
6078,WASP-17 b,20.96083,247.9074,3.73543,1755.0,0.0515,1292.19,0.0,6550.0,1.49,0.082
6079,WASP-170 b,12.285064,508.528,2.34478022,1422.0,0.0337,680.0,,5600.0,0.938,1.6
6080,WASP-171 b,10.98482,344.52772,3.8186244,1642.0,0.0504,1200.24,0.0,5965.0,1.637,1.5
6081,WASP-172 b,17.59813,149.3801,5.477433,1740.0,0.0694,1506.5,0.0,6900.0,1.91,0.16
6082,WASP-173 A b,13.4508,1172.7927,1.38665318,1880.0,0.0248,1920.0,0.0,5800.0,1.11,2.84
6083,WASP-174 b,16.10730527,104.88337431,4.2337005,1528.0,0.05503,901.9,0.0,6399.0,1.347,0.135
6084,WASP-175 b,13.540472,314.6517,3.0652907,1571.0,0.04403,649.429,0.0,6229.0,1.204,0.74
6085,WASP-176 b,16.869545,271.74465,3.899052,1721.0,0.0535,1703.2413,0.0,5941.0,1.925,0.31
6086,WASP-177 b,17.71022,161.45764,3.071722,1142.0,0.03957,279.7736,,5017.0,0.885,0.172
6087,WASP-178 b,20.28829,527.5978,3.3448285,2470.0,0.0558,5550.0,0.0,9360.0,1.67,0.37
6088,WASP-18 b,13.89913607,3241.8497514,0.94145223,2429.0,0.02024,5805.0,0.0051,6432.0,1.319,6.6
6089,WASP-18 c,8.58,55.2,2.1558,,0.035,,0.015,6400.0,1.23,0.48
6090,WASP-180 A b,13.89916,286.047,3.409264,1540.0,0.048,918.3877,0.0,6600.0,1.19,0.61
6091,WASP-181 b,13.271456,95.03117,4.5195064,1186.0,0.05427,382.4492,,5839.0,0.965,0.237
6092,WASP-182 b,9.52765,47.03884,3.3769848,1479.0,0.0451,756.261,0.0,5638.0,1.34,0.318
6093,WASP-183 b,16.47723,159.55066,4.1117771,1111.0,0.04632,268.7176,,5313.0,0.871,0.21
6094,WASP-184 b,14.90797,181.1631,5.1817,1480.0,0.0627,669.018,0.0,6000.0,1.65,0.32
6095,WASP-185 b,14.01125,311.4734,9.38755,1160.0,0.0904,662.3252,0.24,5900.0,1.5,0.66
6096,WASP-186 b,12.44199,1341.2426,5.026799,1378.4,0.06,853.1355,0.33,6361.0,1.47,3.821
6097,WASP-187 b,18.38276,254.264,5.147878,1760.0,0.0653,1594.76,0.0,6150.0,2.83,0.224
6098,WASP-188 b,14.81827249,458.6263913,5.748916,1666.0,0.072,1278.0,0.0,6850.0,1.83,0.78
6099,WASP-189 b,18.14733975,632.47852993,2.724033,3353.0,0.05053,,0.0,8000.0,2.36,0.621987
6100,WASP-19 b,15.86070769,366.77398168,0.78883852,2113.0,0.01652,3320.0,0.0126,5616.0,1.006,0.506
6101,WASP-190 b,12.89035,317.83,5.367753,1500.0,0.0663,747.132,0.0,6400.0,1.6,0.815
6102,WASP-192 b,13.78707,731.009,2.8786765,1620.0,0.0408,471.142,0.0,5910.0,1.32,1.62
6103,WASP-193 b,14.78464554,35.59678158,6.2463475,1250.0,0.0668,402.0,0.081,6080.0,1.213,0.06
6104,WASP-194 b,15.47960235,373.13054982,3.183387,1693.0,0.047,1365.0,0.0,6405.0,1.409,0.55
6105,WASP-195 b,10.31226224,33.05415433,5.051928,1522.0,0.063,890.0,0.0,6300.0,1.578,0.16
6106,WASP-197 b,14.44837612,403.32424848,5.167228,1665.0,0.065,1276.0,0.0,6050.0,2.112,0.74
6107,WASP-2 b,12.116929,295.89973,2.152175,1311.0,0.03144,492.0,0.0054,5180.0,0.866,0.914
6108,WASP-20 b,15.46839337,98.841,4.89964477,1362.0,0.05999,259.864,0.0,5940.0,1.242,0.156491
6109,WASP-21 b,11.99,95.345,4.322482,1333.0,0.052,705.0438,0.0,5800.0,1.06,0.32
6110,WASP-22 b,13.78707,212.9461,3.53269,1502.0,0.047,837.7034,0.02,6000.0,1.24,0.444
6111,WASP-23 b,10.783,280.95,2.9444256,1076.55,0.0376,317.4314,0.062,5150.0,0.765,1.17
6112,WASP-24 b,15.46842,394.1092,2.34121,1772.0,0.03651,934.465,0.0,6075.0,1.42,0.622
6113,WASP-25 b,13.80946422,179.25522155,3.7648337,1217.0,0.0473,341.0,0.0,5697.0,0.884,0.399185
6114,WASP-26 b,13.56289,270.1555,2.7566,1650.0,0.04,1225.5264,0.0,6034.0,1.22,0.703
6115,WASP-28 b,,,3.40883495,,,,,,,
6116,WASP-29 b,8.63093,73.1009,3.92273,970.0,0.0457,121.7724,0.03,4800.0,0.79,0.65
6117,WASP-3 b,15.91678,772.3269,1.84683,2020.0,0.0315,1845.3,0.0,6400.0,1.44,0.89
6118,WASP-31 b,17.363,151.916,3.4059096,1423.7,0.04659,970.9417,0.0,6302.0,1.252,0.172
6119,WASP-32 b,10.76064,835.8929,2.71866,1388.0,0.0394,616.33,0.0,6140.0,0.95,3.24
6120,WASP-33 b,17.855937,665.21819,1.21987,2781.7,0.0239,9392.0471,0.0,7430.0,1.444,0.689
6121,WASP-34 b,11.209,177.9848,4.31768,1250.0,0.0524,229.962,0.04,5700.0,0.91,0.412
6122,WASP-35 b,14.5717,225.6593,3.16158,1338.29,0.04317,758.1026,0.0,5990.0,1.08,0.378
6123,WASP-36 b,14.874343,750.39663,1.53736596,1733.0,0.02677,1422.6075,0.0,5959.0,0.985,1.26
6124,WASP-37 b,13.002,572.07,3.577469,1232.5,0.0446,545.3338,0.0,5800.0,1.003,1.53
6125,WASP-38 b,13.78707,1093.3352,6.87188,1250.0,0.07522,,0.03,6180.0,1.52,2.3
6126,WASP-39 b,14.336311,89.31023,4.0552941,1166.0,0.04828,316.269,0.0,5485.0,0.939,0.167
6127,WASP-4 b,,,1.338230994,,,,,,,
6128,WASP-41 b,12.3299,270.1555,3.0524,1244.0,0.04022,344.149,0.0,5545.0,0.83,0.742
6129,WASP-41 c,13.1,1010.6994,421.0,241.0,1.07,,0.294,5545.0,0.87,2.47
6130,WASP-42 b,12.576498,167.49641,4.9816819,1021.0,0.0561,137.118,0.062,5315.0,0.892,0.464
6131,WASP-43 b,10.424,565.714,0.813475,1426.7,0.0142,680.8953,0.0,4400.0,0.6,2.939
6132,WASP-44 b,12.3299,276.5121,2.423804,1337.0,0.03453,533.0,0.0,5420.0,0.906,0.811
6133,WASP-45 b,10.603714,306.38812,3.126089,1153.0,0.03963,294.0,0.0,5150.0,0.855,1.418
6134,WASP-46 b,13.159366,607.0553,1.43036763,1636.0,0.02335,1281.2408,0.0,5600.0,0.858,1.467
6135,WASP-47 b,12.86,374.0,4.159151,1275.0,0.052,409.0,0.0006,5565.0,1.156,0.993
6136,WASP-47 c,,447.0,589.57,247.0,1.393,0.549,0.264,5565.0,1.156,
6137,WASP-47 d,3.65,15.5,9.030501,885.0,0.085,145.0,0.001,5565.0,1.156,1.8
6138,WASP-47 e,1.83,9.0,0.78961,1992.0,0.01673,3740.0,0.0,5565.0,1.156,6.29
6139,WASP-48 b,16.8135,254.264,2.14363,2035.0,0.03444,3410.2601,0.0,5920.0,1.58,0.415
6140,WASP-49 b,12.44199,117.5971,2.78174,1400.0,0.0379,615.4709,0.0,5600.0,0.97,0.288
6141,WASP-5 b,12.184,502.15,1.6284279,1706.0,0.0267,1559.4762,0.038,5700.0,1.029,1.64
6142,WASP-50 b,13.069694,466.828704,1.9551,1394.84,0.0293,690.3398,0.009,,,1.325
6143,WASP-52 b,14.24,146.2,1.7497798,1315.0,0.0272,605.7625,0.0,5000.0,0.79,0.29
6144,WASP-53 b,12.038466,677.61356,3.3098443,1053.0,0.04101,241.6656,0.03,4953.0,0.798,2.28
6145,WASP-53 c,,5196.5205,2840.0,,3.73,,0.8369,4953.0,0.798,
6146,WASP-54 b,17.71022,187.5197,3.69364,1759.0,0.04988,1639.1072,0.07,6100.0,1.76,0.167
6147,WASP-55 b,14.72860064,186.2474465,4.465631,1342.0,0.0558,504.0,0.0,6096.0,1.09,0.342159
6148,WASP-56 b,10.53646,143.0235,4.6171,1216.0,0.05614,447.82,0.0,5600.0,0.96,0.583
6149,WASP-57 b,11.76945,204.68252,2.83891856,1338.0,0.03769,702.385,0.0,5600.0,0.927,0.693
6150,WASP-58 b,16.02887,308.2951,5.01718,1270.0,0.0562,404.7112,0.0,5800.0,1.22,0.45
6151,WASP-59 b,8.687,274.276,7.919585,670.0,0.0697,38.0328,0.1,4650.0,0.613,2.4
6152,WASP-6 b,12.5428494,148.42586607,3.3610026,1167.0,0.04217,288.0,0.054,5438.0,0.79,0.440298
6153,WASP-60 b,9.86392,174.8065,4.305,1479.0,0.05548,925.4935,0.0,5900.0,1.17,0.378
6154,WASP-61 b,15.80469,851.7844,3.8559,1624.4,0.0521,1062.0298,0.0,6250.0,1.55,1.423
6155,WASP-62 b,14.79588,165.2716,4.41195,1475.3,0.0571,1817.8874,0.0,6230.0,1.23,0.262
6156,WASP-63 b,15.80469,117.5971,4.37808,1469.91,0.0574,1103.2708,0.0,5550.0,1.86,0.173
6157,WASP-64 b,14.247,403.945,1.5732918,1689.0,0.02648,1563.6374,0.0,5400.0,1.058,0.823
6158,WASP-65 b,12.464,492.62,2.3114243,1480.0,0.0334,957.0053,0.0,5600.0,1.01,1.5
6159,WASP-66 b,15.6926,746.9005,4.08605,1569.7,0.0546,1434.7739,0.0,6600.0,1.76,1.144
6160,WASP-67 b,12.89035,136.6669,4.61442,1003.0,0.05179,188.1062,0.0,5200.0,0.88,0.388
6161,WASP-68 b,14.79588,343.2564,5.0843,1490.0,0.06206,843.4794,0.0,5910.0,1.79,0.665
6162,WASP-69 b,11.21,82.58,3.86813881,971.0,0.0453,180.5564,0.0,4792.0,0.801,0.291
6163,WASP-7 b,14.90797,305.1168,4.9546416,1487.0,0.0617,612.686,0.034,6400.0,1.432,0.55
6164,WASP-70 A b,13.047,187.512,3.7130203,1387.0,0.04853,649.1548,0.0,5763.0,1.215,0.499
6165,WASP-71 b,13.22662,441.7837,2.90367,2016.1,0.046,3384.6097,0.0,6050.0,1.82,1.1
6166,WASP-72 b,14.45961,731.009,2.21673,2210.0,0.03711,6233.7915,0.0,6250.0,2.18,0.87
6167,WASP-73 b,15.91678,908.9938,4.08722,1790.0,0.05512,2242.3605,0.0,6030.0,2.55,1.596
6168,WASP-74 b,15.24424,228.8376,2.13775,1865.0,0.03443,531.159,0.0,5990.0,1.42,0.3697
6169,WASP-75 b,14.235,340.06,2.484193,1710.0,0.0375,1657.0,0.0,6100.0,1.26,0.69
6170,WASP-76 b,20.78145022,284.13859586,1.80988198,2228.0,0.033,4104.0,0.0,6329.0,1.756,0.17
6171,WASP-77 A b,13.56,529.31142902,1.360029395,1674.0,0.023233633,1440.0,0.01353,5617.0,0.91,1.33
6172,WASP-78 b,21.63337,352.7913,2.17518,2469.7,0.03488,4812.6238,0.0,6100.0,2.46,0.131
6173,WASP-79 b,17.14974047,270.15414595,3.662392,1716.2,0.0519,1645.9887,0.0,6600.0,1.51,0.13
6174,WASP-8 b,12.66617,807.2882,8.15872,1059.0,0.0801,209.118,0.31,5600.0,1.03,2.1
6175,WASP-8 c,12.5,3003.37,4323.0,,5.28,,0.0,5690.0,0.96,8.45
6176,WASP-80 b,11.197791,170.99254,3.06785234,825.0,0.0344,72.442,0.002,4143.0,0.586,0.717
6177,WASP-81 b,16.017661,231.69807,2.7164762,1623.0,0.03908,1034.0911,0.066,5870.0,1.283,0.332
6178,WASP-82 b,18.15858,371.8611,2.70579,2190.0,0.0447,3557.29,0.0,6480.0,2.1,0.354
6179,WASP-83 b,11.65736,95.349,4.971252,1120.0,0.059,238.875,0.0,5510.0,1.05,0.35
6180,WASP-84 b,10.72,220.0,8.52349648,732.0,0.0778,34.6952,0.0,5280.0,0.768,0.98
6181,WASP-84 c,1.95,15.2,1.4468849,1329.0,0.02359,1452.18,,5280.0,0.768,11.2
6182,WASP-85 A b,,,,,,,,,,
6183,WASP-87 b,15.524465,692.8694,1.682795,2049.54,0.02946,4170.0965,0.0,6450.0,1.627,1.02
6184,WASP-88 b,16.36514,133.4886,4.954,1772.0,0.06431,1489.5543,0.0,6430.0,1.8,0.141
6185,WASP-89 b,11.65736,1875.197,3.3564227,1120.0,0.0427,278.8533,0.193,5130.0,0.88,7.0
6186,WASP-90 b,18.27067,200.2329,3.916243,1840.0,0.0562,1704.4939,0.0,6430.0,1.98,0.193
6187,WASP-91 b,11.54527,425.8922,2.798581,1160.0,0.037,332.5562,0.0,4920.0,0.86,1.59
6188,WASP-92 b,16.376349,255.85315,2.1746742,1871.0,0.0348,1622.2528,0.0,6280.0,1.341,0.346
6189,WASP-93 b,17.900773,467.2101,2.7325321,1942.0,0.04211,2531.1336,0.0,6700.0,1.524,0.479
6190,WASP-94 A b,17.71022,158.915,3.95019,1604.0,0.055,1009.38,0.0,6170.0,1.48,0.118
6191,WASP-94 B b,14.1,196.411,2.00839,,0.0335,,0.0,6040.0,1.35,0.385
6192,WASP-95 b,13.78707,457.6752,2.18467,1570.0,0.03416,2841.0562,0.0,5830.0,1.23,0.84
6193,WASP-96 b,13.45,152.55,3.4252602,1285.0,0.0453,517.0,0.0,5540.0,1.05,0.37
6194,WASP-97 b,12.77826,432.2488,2.07276,1555.0,0.03303,1414.87,0.0,5640.0,1.08,1.21
6195,WASP-98 b,12.823096,293.03926,2.96264036,1171.0,0.03762,269.8828,0.0,5473.0,0.741,0.764
6196,WASP-99 b,11.43318,772.3269,5.75251,1480.0,0.0717,2005.426,0.0,6150.0,1.64,2.79
6197,WD 0806-661 b,12.6,2542.627256,,340.0,2500.0,,,9552.0,,6.98
6198,WD 1856+534 b,10.4,4386.054,1.4079405,163.0,0.0204,0.181,0.0,4710.0,0.0131,21.4
6199,WISE J033605.05-014350.4 b,12.6,2622.08435775,2560.0,325.0,0.97,,,415.0,,7.2
6200,WISEP J121756.91+162640.2 A b,10.468,6992.0,,450.0,8.0,,,575.0,0.091,33.5
6201,WISPIT 1 b,12.4,3305.4154328,,,338.0,,,4670.0,1.1161,9.53
6202,WISPIT 1 c,12.8,1684.4905571,,,840.0,,,4670.0,1.1161,4.41
6203,WISPIT 2 b,17.93436912,1541.46777395,,,57.0,,,4400.0,1.418,1.47
6204,WISPIT 2 c,17.93436912,3178.28407,,2050.0,14.0,,,4530.0,1.3,3.03
6205,WTS-1 b,16.7,1274.44,3.352057,1500.0,0.047,,0.1,6250.0,1.15,1.61
6206,WTS-2 b,15.277867,355.9696,1.0187068,2000.0,0.01855,2544.6509,0.0,5000.0,0.752,0.54
6207,Wendelstein-1 b,11.5609626,188.15536,2.663416,2198.0,0.0282,113.6142,0.012,4251.0,0.61,0.72
6208,Wendelstein-2 b,12.9934728,232.33373,1.7522239,2470.0,0.0234,282.3101,0.057,4591.0,0.66,0.62
6209,Wolf 1061 b,1.21,1.91,4.8869,,0.0375,7.34,0.15,3342.0,0.307,5.92
6210,Wolf 1061 c,1.66,3.41,17.8719,,0.089,1.3,0.11,3342.0,0.307,4.1
6211,Wolf 1061 d,2.69,7.7,217.21,,0.47,0.06,0.55,3342.0,0.307,2.17
6212,Wolf 1069 b,1.08,1.26,15.564,250.1,0.0672,0.652,,3158.0,0.1813,5.5
6213,Wolf 327 b,1.24,2.53,0.5734745,996.0,0.01,233.9,0.0,3542.0,0.406,7.24
6214,Wolf 503 b,2.043,6.26,6.00127,790.0,0.05706,69.6,0.41,4716.0,0.689,2.92
6215,XO-1 b,12.77826,263.7989,3.94153,1210.0,0.0488,321.85,0.0,5750.0,0.88,0.64
6216,XO-2 N b,11.130537,179.89178,2.61586178,1328.0,0.0368,428.036,0.028,5340.0,,0.715
6217,XO-2 S b,10.9,82.6358,18.157,,0.13,,0.18,5399.0,1.0,0.351
6218,XO-2 S c,13.6,435.409,120.8,,0.4756,,0.1528,5399.0,1.02,0.951
6219,XO-3 b,14.79585452,4217.58296089,3.19152309,1890.0,0.04815,1161.72,0.2791,6970.0,1.523,7.16
6220,XO-4 b,14.01125,451.3186,4.12508,1630.0,0.05524,1112.27,0.0,6397.0,1.45,0.83
6221,XO-5 b,12.78,378.2,4.1877558,1230.0,0.0515,397.4799,0.0,5430.0,1.13,1.06
6222,XO-6 b,23.20263,1398.452,3.7650007,1577.0,0.0815,580.386,0.0,6720.0,1.93,0.62
6223,XO-7 b,15.389957,225.34147,2.8641424,1743.0,0.04421,1540.0,0.038,6250.0,1.48,0.34
6224,YZ Cet b,0.913,0.7,2.02087,471.2,0.01634,8.21,0.06,3151.0,0.157,5.05
6225,YZ Cet c,1.05,1.14,3.05989,410.3,0.02156,4.72,0.0,3151.0,0.157,5.41
6226,YZ Cet d,1.03,1.09,4.65626,356.7,0.02851,2.7,0.07,3151.0,0.157,5.48
6227,ZTF J1230-2655 b,13.78704626,7024.0077947,0.23597766,,,,,10000.0,0.0123,
6228,ZTF J1828+2308 b,11.13051784,6356.56814,0.1120067,,,,,15900.0,0.0131,25.3
6229,alf Ari b,13.4,572.07,380.8,,1.2,,0.25,4553.0,13.9,1.31
6230,alf Tau b,12.7,2056.3601,628.96,,1.46,,0.1,4055.0,45.1,5.52
6231,b Cen AB b,12.4,3464.3296363,1790000.0,,556.0,,0.4,,,9.98
6232,bet Cnc b,12.6,2479.0,605.2,,1.7,,0.08,4092.1,47.2,6.81
6233,bet Pic b,18.49485,3727.8093857,8617.50952,1612.0,10.018,,0.106,8038.68,1.54416,3.24
6234,bet Pic c,12.5,3222.46221857,1192.77951,1250.0,2.68,,0.314,8038.68,1.54416,9.07
6235,bet UMi b,12.7,1938.7,522.3,,1.4,,0.19,4126.0,38.3,5.2
6236,eps CrB b,12.7,2129.461,417.9,,1.3,,0.11,4406.0,21.0,5.71
6237,eps Eri b,14.1,209.76674862,2671.0,,3.53,,0.07,5020.38,0.759106,0.411
6238,eps Ind A b,12.7,2005.49724817,16510.0,275.0,28.4,,0.4,4760.0,0.679,5.38
6239,eps Tau b,12.7,2285.18624633,585.82,,1.878,,0.076,4877.0,12.35,6.13
6240,gam Cep b,12.7,2097.6674862,913.0,,2.13,,0.15,4775.0,4.74,5.63
6241,gam Lib b,13.7,357.87478628,414.88,,1.319,,0.16,4879.0,12.38,0.765
6242,gam Lib c,12.8,1662.56039702,966.49,,2.318,,0.065,4879.0,12.38,4.36
6243,gam Psc b,13.6,425.89006538,555.1,,1.32,,0.204,4742.0,11.2,0.93
6244,gam1 Leo b,12.5,2790.43,428.5,,1.19,,0.144,4330.0,31.88,7.85
6245,iot Dra b,12.4,3756.73177074,510.8544,,1.453,,0.701,4504.0,11.79,10.8
6246,iot Dra c,12.2,4958.1231492,25000.0,,19.4,,0.455,4504.0,11.79,15.0
6247,kap And b,12.3,4327.36,,1900.0,55.0,,,10900.0,2.31229,12.8
6248,kap CrB b,13.4,591.1638,1253.68,,2.5,,0.04,4840.0,4.68,1.35
6249,mu Leo b,13.3,762.8,357.8,,1.1,,0.09,4538.2,11.4,1.78
6250,mu2 Sco b,12.3,4576.7290608,,,242.4,,0.56,21700.0,5.6,13.5
6251,nu Oct A b,13.3,696.04421133,402.4,,1.24,,0.195,4910.0,5.04,1.63
6252,nu Oph b,12.0,7057.73298,529.93,,1.765,,0.126,4887.0,12.24,22.4
6253,nu Oph c,12.0,7838.32346,3180.6,,5.829,,0.179,4887.0,12.24,24.9
6254,ome Ser b,14.0,233.92170755,278.59,,0.838,,0.18,4724.0,10.99,0.468
6255,omi CrB b,13.7,355.96781584,187.01,,0.699,,0.105,4769.0,11.87,0.761
6256,omi UMa b,13.0,1160.39151396,1569.81,,3.691,,0.149,5075.0,13.84,2.9
6257,pi Men c,,,6.2678399,,,,,,,
6258,pi Men d,3.72,13.38,124.64,,0.506,,0.22,5998.0,1.19,1.43
6259,psi1 Dra B b,13.5,486.2799,3117.0,,4.43,,0.4,6212.0,1.255735,1.09
6260,rho CrB b,13.7,347.995,39.849,614.0,0.2245,34.7,0.046,5817.0,1.3617,0.744
6261,rho CrB c,5.68,27.442,102.036,448.1,0.4206,9.85,0.048,5817.0,1.3617,0.823
6262,rho CrB e,1.75,3.71,12.904,,0.1061,,0.082,5817.0,1.3617,3.8
6263,tau Boo b,12.8,1891.0,3.3124568,,0.049,,0.011,6466.27,1.42588,4.95
6264,tau Cet f,1.81,3.93,636.13,,1.334,,0.16,5310.0,0.83,3.64
6265,tau Cet g,1.18,1.75,20.0,,0.133,,0.06,5310.0,0.83,5.85
6266,tau Cet h,1.19,1.83,49.41,,0.243,,0.23,5310.0,0.83,5.97
6267,tau Gem b,12.1,6547.0,305.5,,1.17,,0.031,4388.0,26.8,20.3
6268,ups And b,14.0,218.531,4.617033,,0.05922166,,0.0215,6156.77,1.56,0.438
6269,ups And c,12.3,4443.24112986,241.258,,0.827774,,0.2596,6156.77,1.56,13.1
6270,ups And d,12.5,3257.74117175,1276.46,,2.51329,,0.2987,6156.77,1.56,9.17
6271,ups Leo b,14.2,162.09248757,385.2,,1.18,,0.32,4836.0,11.22,0.311
6272,xi Aql b,13.4,616.90493799,136.97,,0.625,,0.059,4841.0,10.86,1.41
